"id","slug","title_ar","title_en","short_description","category_id","engine_type","is_active","model_alias","provider_strategy","requires_auth","created_at","updated_at","category_label","media_candidate","media_reasons"
"f175eb69-3779-4350-ba79-0b2054300d86","percentage-calculator","حاسبة النسبة المئوية","Percentage Calculator","احسب نسبة جزء من إجمالي.","17ad1001-9023-4ad8-b246-ae26aa22da0e","formula","true",,"primary_with_fallback","false","2026-08-01T23:36:25.085987+00:00","2026-08-01T23:37:19.917917+00:00","general-tools أدوات عامة General Tools","false",""
"86eb5790-0179-4901-85e4-e0165b14fcda","ai-content-writer","مساعد كتابة المحتوى","AI Content Writer","أنشئ محتوى عربيًا حسب الموضوع والنبرة والجمهور.","dee9bec2-591b-4f03-a96e-e616415c4e68","ai_text","true","standard","primary_with_fallback","true","2026-08-01T23:36:25.085987+00:00","2026-08-01T23:37:25.558716+00:00","ai-tools أدوات الذكاء الاصطناعي AI Tools","false",""
"4d4e2480-0da8-4d19-8f5c-f0fe745f46be","customer-acquisition-cost-calculator","حاسبة تكلفة اكتساب العميل","Customer Acquisition Cost Calculator","احسب متوسط تكلفة اكتساب عميل جديد.","d67864df-db22-47f6-9e81-939b6258a695","formula","true",,"primary_with_fallback","false","2026-08-01T23:37:11.769173+00:00","2026-08-01T23:37:19.917917+00:00","marketing-tools أدوات التسويق Marketing Tools","false",""
"4f0d7b08-5b13-4419-8bbf-895ce7c6e2fb","gross-profit-calculator","حاسبة الربح الإجمالي","Gross Profit Calculator","احسب الربح أو الخسارة الإجمالية من الإيراد والتكلفة.","d17d9f2e-69f7-4509-be0d-18a6f5409a37","formula","true",,"primary_with_fallback","false","2026-08-01T23:37:11.769173+00:00","2026-08-01T23:37:19.917917+00:00","finance-tools أدوات المال Finance Tools","false",""
"ec722629-db92-4f7b-b12e-c70f2c398ace","conversion-rate-calculator","حاسبة معدل التحويل","Conversion Rate Calculator","احسب نسبة التحويل من الزوار.","d67864df-db22-47f6-9e81-939b6258a695","formula","true",,"primary_with_fallback","false","2026-08-01T23:37:11.769173+00:00","2026-08-01T23:37:19.917917+00:00","marketing-tools أدوات التسويق Marketing Tools","false",""
"0b70612c-e276-4a62-b357-e1c1c773fa5a","cpa-calculator","حاسبة تكلفة الإجراء","CPA Calculator","احسب تكلفة كل تحويل أو إجراء.","d67864df-db22-47f6-9e81-939b6258a695","formula","true",,"primary_with_fallback","false","2026-08-01T23:37:11.769173+00:00","2026-08-01T23:37:19.917917+00:00","marketing-tools أدوات التسويق Marketing Tools","false",""
"f301ad76-50e0-4d4b-b544-e7cdb7246e9a","profit-margin-calculator","حاسبة هامش الربح","Profit Margin Calculator","احسب هامش الربح كنسبة من سعر البيع.","d17d9f2e-69f7-4509-be0d-18a6f5409a37","formula","true",,"primary_with_fallback","false","2026-08-01T23:37:11.769173+00:00","2026-08-01T23:37:19.917917+00:00","finance-tools أدوات المال Finance Tools","false",""
"a0c66970-94b9-40e2-a739-be76dce65524","cpm-calculator","حاسبة تكلفة الألف ظهور","CPM Calculator","احسب تكلفة كل ألف ظهور.","d67864df-db22-47f6-9e81-939b6258a695","formula","true",,"primary_with_fallback","false","2026-08-01T23:37:11.769173+00:00","2026-08-01T23:37:19.917917+00:00","marketing-tools أدوات التسويق Marketing Tools","false",""
"dfd21220-8422-4970-8c90-270550b5c3c4","ctr-calculator","حاسبة معدل النقر","CTR Calculator","احسب معدل النقر إلى الظهور.","d67864df-db22-47f6-9e81-939b6258a695","formula","true",,"primary_with_fallback","false","2026-08-01T23:37:11.769173+00:00","2026-08-01T23:37:19.917917+00:00","marketing-tools أدوات التسويق Marketing Tools","false",""
"c3035766-e935-4182-942e-8b412419789b","discount-calculator","حاسبة الخصم","Discount Calculator","احسب السعر النهائي بعد تطبيق نسبة الخصم.","d17d9f2e-69f7-4509-be0d-18a6f5409a37","formula","true",,"primary_with_fallback","false","2026-08-01T23:37:11.769173+00:00","2026-08-01T23:37:19.917917+00:00","finance-tools أدوات المال Finance Tools","false",""
"ff6dfa48-a649-4391-b7a7-cfe2b77292d8","cpc-calculator","حاسبة تكلفة النقرة","CPC Calculator","احسب متوسط تكلفة النقرة.","d67864df-db22-47f6-9e81-939b6258a695","formula","true",,"primary_with_fallback","false","2026-08-01T23:37:11.769173+00:00","2026-08-01T23:37:19.917917+00:00","marketing-tools أدوات التسويق Marketing Tools","false",""
"a721a63c-83e8-4075-8b56-a8dff08c6bc1","roas-calculator","حاسبة العائد الإعلاني","ROAS Calculator","احسب الإيراد الناتج عن كل وحدة إنفاق إعلاني.","d67864df-db22-47f6-9e81-939b6258a695","formula","true",,"primary_with_fallback","false","2026-08-01T23:37:11.769173+00:00","2026-08-01T23:37:19.917917+00:00","marketing-tools أدوات التسويق Marketing Tools","false",""
"d9de3723-38d6-4a9f-b2ff-74548722d39c","salary-increase-calculator","حاسبة زيادة الراتب","Salary Increase Calculator","احسب مقدار زيادة الراتب كنسبة مئوية.","188be102-28fb-40f7-8df8-21f9f313a2e7","formula","true",,"primary_with_fallback","false","2026-08-01T23:37:11.769173+00:00","2026-08-01T23:37:19.917917+00:00","employment-tools أدوات الرواتب والموظفين Employment Tools","false",""
"ee78d9ac-d962-45b4-92d0-4ff06f6b092f","break-even-calculator","حاسبة نقطة التعادل","Break-even Calculator","احسب عدد الوحدات اللازمة لتغطية التكاليف الثابتة.","ca150531-81db-4fb2-a70d-7d59b0535a5d","formula","true",,"primary_with_fallback","false","2026-08-01T23:37:11.769173+00:00","2026-08-01T23:37:19.917917+00:00","business-tools أدوات الأعمال Business Tools","false",""
"302eaba8-e1b8-4d3c-8346-60a9cdf4ac32","tip-calculator","حاسبة الإكرامية","Tip Calculator","احسب قيمة الإكرامية من إجمالي الفاتورة.","d17d9f2e-69f7-4509-be0d-18a6f5409a37","formula","true",,"primary_with_fallback","false","2026-08-01T23:37:11.769173+00:00","2026-08-01T23:37:19.917917+00:00","finance-tools أدوات المال Finance Tools","false",""
"0f15704e-ebe9-426a-8a77-015bb1f52b34","compound-interest-calculator","حاسبة الفائدة المركبة","Compound Interest Calculator","احسب الأرباح المتراكمة بفائدة مركبة.","d17d9f2e-69f7-4509-be0d-18a6f5409a37","formula","true",,"primary_with_fallback","false","2026-08-01T23:37:11.769173+00:00","2026-08-01T23:37:19.917917+00:00","finance-tools أدوات المال Finance Tools","false",""
"be5d1ed8-56f0-4114-84a6-ee07fe0e153a","simple-interest-calculator","حاسبة الفائدة البسيطة","Simple Interest Calculator","احسب قيمة الفائدة البسيطة.","d17d9f2e-69f7-4509-be0d-18a6f5409a37","formula","true",,"primary_with_fallback","false","2026-08-01T23:37:11.769173+00:00","2026-08-01T23:37:19.917917+00:00","finance-tools أدوات المال Finance Tools","false",""
"b0167501-912e-4f9b-96d9-34532eae13bf","unit-price-calculator","حاسبة سعر الوحدة","Unit Price Calculator","احسب تكلفة أو سعر الوحدة الواحدة.","d17d9f2e-69f7-4509-be0d-18a6f5409a37","formula","true",,"primary_with_fallback","false","2026-08-01T23:37:11.769173+00:00","2026-08-01T23:37:19.917917+00:00","finance-tools أدوات المال Finance Tools","false",""
"d48b39fd-6eab-4398-923b-473451e9e8ba","aov-calculator","حاسبة متوسط قيمة الطلب","AOV Calculator","احسب متوسط قيمة الطلب.","d67864df-db22-47f6-9e81-939b6258a695","formula","true",,"primary_with_fallback","false","2026-08-01T23:37:11.769173+00:00","2026-08-01T23:37:19.917917+00:00","marketing-tools أدوات التسويق Marketing Tools","false",""
"454866d0-1aaa-4f62-8aad-3ae1d6dcb02c","commission-calculator","حاسبة العمولة","Commission Calculator","احسب قيمة العمولة من المبيعات ونسبة العمولة.","d17d9f2e-69f7-4509-be0d-18a6f5409a37","formula","true",,"primary_with_fallback","false","2026-08-01T23:37:11.769173+00:00","2026-08-01T23:37:19.917917+00:00","finance-tools أدوات المال Finance Tools","false",""
"9f7a206f-ab52-4ef3-805f-b989bf4ac800","roi-calculator","حاسبة العائد على الاستثمار","ROI Calculator","احسب نسبة العائد على الاستثمار.","d17d9f2e-69f7-4509-be0d-18a6f5409a37","formula","true",,"primary_with_fallback","false","2026-08-01T23:37:11.769173+00:00","2026-08-01T23:37:19.917917+00:00","finance-tools أدوات المال Finance Tools","false",""
"21030036-5d49-4e16-95cc-5d28165fbc54","weighted-score-calculator","حاسبة الدرجة الموزونة","Weighted Score Calculator","احسب مساهمة درجة وفق وزنها النسبي.","17ad1001-9023-4ad8-b246-ae26aa22da0e","formula","true",,"primary_with_fallback","false","2026-08-01T23:37:11.769173+00:00","2026-08-01T23:37:19.917917+00:00","general-tools أدوات عامة General Tools","false",""
"74b34bbf-bbdf-463d-8d00-696766fd4766","pre-tax-price-calculator","حاسبة السعر قبل الضريبة","Pre-tax Price Calculator","استخرج السعر قبل الضريبة من السعر شامل الضريبة.","d17d9f2e-69f7-4509-be0d-18a6f5409a37","formula","true",,"primary_with_fallback","false","2026-08-01T23:37:11.769173+00:00","2026-08-01T23:37:19.917917+00:00","finance-tools أدوات المال Finance Tools","false",""
"f3e86665-b806-40a9-961a-8e7ac1419d37","markup-calculator","حاسبة نسبة الزيادة على التكلفة","Markup Calculator","احسب نسبة الزيادة فوق تكلفة المنتج.","d17d9f2e-69f7-4509-be0d-18a6f5409a37","formula","true",,"primary_with_fallback","false","2026-08-01T23:37:11.769173+00:00","2026-08-01T23:37:19.917917+00:00","finance-tools أدوات المال Finance Tools","false",""
"bd86531a-b40c-4800-9e86-c37feff83059","vat-calculator","حاسبة ضريبة القيمة المضافة","VAT Calculator","احسب قيمة ضريبة القيمة المضافة من السعر والنسبة.","d17d9f2e-69f7-4509-be0d-18a6f5409a37","formula","true",,"primary_with_fallback","false","2026-08-01T23:37:11.769173+00:00","2026-08-01T23:37:19.917917+00:00","finance-tools أدوات المال Finance Tools","false",""
"4254c4db-9526-4c7d-913a-38aa1ce6fb64","average-calculator","حاسبة المتوسط","Average Calculator","احسب المتوسط من المجموع وعدد القيم.","17ad1001-9023-4ad8-b246-ae26aa22da0e","formula","true",,"primary_with_fallback","false","2026-08-01T23:37:11.769173+00:00","2026-08-01T23:37:19.917917+00:00","general-tools أدوات عامة General Tools","false",""
"6b3b9b93-4a44-4c15-914d-932bfcfec929","line-sorter","ترتيب الأسطر أبجديًا","Line Sorter","رتب قائمة الأسطر تصاعديًا أو تنازليًا.","e050ff4c-d72c-4a1e-920f-7aa0fffba4eb","text_transform","true",,"primary_with_fallback","false","2026-08-01T23:37:15.118941+00:00","2026-08-01T23:37:15.118941+00:00","text-tools أدوات النصوص Text Tools","false",""
"b320acb2-abef-4c22-b4f0-16490333a347","reverse-text","عكس النص والكلمات","Reverse Text","اعكس ترتيب الأحرف أو الكلمات أو الأسطر.","e050ff4c-d72c-4a1e-920f-7aa0fffba4eb","text_transform","true",,"primary_with_fallback","false","2026-08-01T23:37:15.118941+00:00","2026-08-01T23:37:15.118941+00:00","text-tools أدوات النصوص Text Tools","false",""
"af4143c7-d820-4e62-8ece-69cc2563e8fc","text-case-converter","تحويل حالة الأحرف","Text Case Converter","حوّل النص الإنجليزي إلى أحرف كبيرة أو صغيرة أو عناوين.","e050ff4c-d72c-4a1e-920f-7aa0fffba4eb","text_transform","true",,"primary_with_fallback","false","2026-08-01T23:37:15.118941+00:00","2026-08-01T23:37:15.118941+00:00","text-tools أدوات النصوص Text Tools","false",""
"b971db8c-f5bb-464b-88b9-153019e6db9e","normalize-arabic-text","تنظيف وتوحيد النص العربي","Arabic Text Normalizer","وحّد أشكال الهمزات والياء واحذف التشكيل والتطويل.","e050ff4c-d72c-4a1e-920f-7aa0fffba4eb","text_transform","true",,"primary_with_fallback","false","2026-08-01T23:37:15.118941+00:00","2026-08-01T23:37:15.118941+00:00","text-tools أدوات النصوص Text Tools","false",""
"addb4715-84ac-4925-a831-424adc2a44d3","remove-diacritics","إزالة التشكيل من النص","Remove Arabic Diacritics","احذف الحركات والتشكيل مع الحفاظ على الحروف.","e050ff4c-d72c-4a1e-920f-7aa0fffba4eb","text_transform","true",,"primary_with_fallback","false","2026-08-01T23:37:15.118941+00:00","2026-08-01T23:37:15.118941+00:00","text-tools أدوات النصوص Text Tools","false",""
"4697de8c-7b84-4923-8f44-28364c9b18c4","fancy-separator-generator","مولد الفواصل والرموز","Fancy Separator Generator","كرر رمزًا أو فاصلة بعدد تختاره لصناعة فاصل مزخرف.","10766403-341c-4930-b5e1-f76ad4816100","text_transform","true",,"primary_with_fallback","false","2026-08-01T23:37:15.118941+00:00","2026-08-01T23:37:15.118941+00:00","decoration-tools أدوات الزخرفة والرموز Decoration & Symbols","false",""
"4d198c72-c2dc-4ae8-a6db-b23762c1dbe9","quote-wrapper","إطارات واقتباسات مزخرفة","Fancy Quote Wrapper","ضع النص داخل إطار أو اقتباس مزخرف جاهز.","10766403-341c-4930-b5e1-f76ad4816100","text_transform","true",,"primary_with_fallback","false","2026-08-01T23:37:15.118941+00:00","2026-08-01T23:37:15.118941+00:00","decoration-tools أدوات الزخرفة والرموز Decoration & Symbols","false",""
"9d6c3eee-db16-4b68-b242-e699fc5ff574","line-prefix-adder","إضافة رمز لكل سطر","Line Prefix Adder","أضف نقطة أو رقمًا أو رمزًا في بداية كل سطر.","e050ff4c-d72c-4a1e-920f-7aa0fffba4eb","text_transform","true",,"primary_with_fallback","false","2026-08-01T23:37:15.118941+00:00","2026-08-01T23:37:15.118941+00:00","text-tools أدوات النصوص Text Tools","false",""
"08c78913-87fe-467a-8195-113889b2069b","find-replace-text","بحث واستبدال النص","Find & Replace Text","استبدل كلمة أو عبارة في كامل النص دفعة واحدة.","e050ff4c-d72c-4a1e-920f-7aa0fffba4eb","text_transform","true",,"primary_with_fallback","false","2026-08-01T23:37:15.118941+00:00","2026-08-01T23:37:15.118941+00:00","text-tools أدوات النصوص Text Tools","false",""
"6cbc4a4f-1ca1-4347-9ace-4dc100f4d8ab","emoji-text-decoration","زخرفة النص بالإيموجي","Emoji Text Decorator","أضف رموزًا وإيموجي متناسقة حول النص.","10766403-341c-4930-b5e1-f76ad4816100","text_transform","true",,"primary_with_fallback","false","2026-08-01T23:37:15.118941+00:00","2026-08-01T23:37:15.118941+00:00","decoration-tools أدوات الزخرفة والرموز Decoration & Symbols","false",""
"8ce62f87-b6d0-4fd1-a970-70253ec7c8a8","text-decoration","زخرفة النصوص والأسماء","Text & Name Decorator","زخرف النصوص والأسماء بأنماط جاهزة قابلة للنسخ.","10766403-341c-4930-b5e1-f76ad4816100","text_transform","true",,"primary_with_fallback","false","2026-08-01T23:37:15.118941+00:00","2026-08-01T23:37:15.118941+00:00","decoration-tools أدوات الزخرفة والرموز Decoration & Symbols","false",""
"0b607b9f-1c36-4070-95b0-d028d2dc1294","arabic-text-decoration","زخرفة الأسماء العربية","Arabic Name Decorator","زخرفة أسماء ونصوص عربية بدون تغيير الحروف.","10766403-341c-4930-b5e1-f76ad4816100","text_transform","true",,"primary_with_fallback","false","2026-08-01T23:37:15.118941+00:00","2026-08-01T23:37:15.118941+00:00","decoration-tools أدوات الزخرفة والرموز Decoration & Symbols","false",""
"9cf7aa49-3eb3-4d1d-8695-4350cbe430e9","english-name-decoration","زخرفة الأسماء الإنجليزية","English Name Decorator","حوّل الاسم الإنجليزي إلى أشكال Unicode مزخرفة.","10766403-341c-4930-b5e1-f76ad4816100","text_transform","true",,"primary_with_fallback","false","2026-08-01T23:37:15.118941+00:00","2026-08-01T23:37:15.118941+00:00","decoration-tools أدوات الزخرفة والرموز Decoration & Symbols","false",""
"e85207a7-d468-487c-9462-0b9224df5bb0","username-decoration","زخرفة اسم المستخدم","Username Decorator","جهز اسم مستخدم مزخرفًا للحسابات والألعاب.","10766403-341c-4930-b5e1-f76ad4816100","text_transform","true",,"primary_with_fallback","false","2026-08-01T23:37:15.118941+00:00","2026-08-01T23:37:15.118941+00:00","decoration-tools أدوات الزخرفة والرموز Decoration & Symbols","false",""
"91a83513-9304-4d59-a113-6b35890e4d4c","slug-generator","مولد الرابط المختصر Slug","Slug Generator","حوّل العنوان إلى رابط قصير نظيف مناسب للويب.","e050ff4c-d72c-4a1e-920f-7aa0fffba4eb","text_transform","true",,"primary_with_fallback","false","2026-08-01T23:37:15.118941+00:00","2026-08-01T23:37:15.118941+00:00","text-tools أدوات النصوص Text Tools","false",""
"7fbbe408-d4b7-4192-8e8a-ec2376033906","prefix-suffix-adder","إضافة بادئة ولاحقة","Prefix & Suffix Adder","أضف نصًا قبل وبعد المحتوى في خطوة واحدة.","e050ff4c-d72c-4a1e-920f-7aa0fffba4eb","text_transform","true",,"primary_with_fallback","false","2026-08-01T23:37:15.118941+00:00","2026-08-01T23:37:15.118941+00:00","text-tools أدوات النصوص Text Tools","false",""
"7a8c0cf3-8454-4339-979a-bb1fc86582f3","text-repeater","مكرر النصوص","Text Repeater","كرر النص بعدد محدد مع اختيار الفاصل.","e050ff4c-d72c-4a1e-920f-7aa0fffba4eb","text_transform","true",,"primary_with_fallback","false","2026-08-01T23:37:15.118941+00:00","2026-08-01T23:37:15.118941+00:00","text-tools أدوات النصوص Text Tools","false",""
"50c737ef-00ee-423f-aee3-fb14b8f20321","duplicate-line-remover","حذف الأسطر المكررة","Duplicate Line Remover","احذف الأسطر المكررة مع الحفاظ على أول ظهور.","e050ff4c-d72c-4a1e-920f-7aa0fffba4eb","text_transform","true",,"primary_with_fallback","false","2026-08-01T23:37:15.118941+00:00","2026-08-01T23:37:15.118941+00:00","text-tools أدوات النصوص Text Tools","false",""
"72ff541a-777e-488d-877f-ac5b96e9c0e2","text-counter","عداد الكلمات والأحرف","Word & Character Counter","احسب الكلمات والأحرف والأسطر والأحرف بدون مسافات.","e050ff4c-d72c-4a1e-920f-7aa0fffba4eb","text_transform","true",,"primary_with_fallback","false","2026-08-01T23:37:15.118941+00:00","2026-08-01T23:37:15.118941+00:00","text-tools أدوات النصوص Text Tools","false",""
"e50b3a4f-cf40-421f-8614-fd1a03cb9c7f","remove-line-breaks","إزالة فواصل الأسطر","Remove Line Breaks","حوّل النص متعدد الأسطر إلى فقرة واحدة نظيفة.","e050ff4c-d72c-4a1e-920f-7aa0fffba4eb","text_transform","true",,"primary_with_fallback","false","2026-08-01T23:37:15.118941+00:00","2026-08-01T23:37:15.118941+00:00","text-tools أدوات النصوص Text Tools","false",""
"6fd27130-82fb-4c2c-aab4-d7ac230fecc5","hashtag-generator","مولد الهاشتاقات","Hashtag Generator","حوّل الكلمات والعبارات إلى هاشتاقات مرتبة بدون تكرار.","e050ff4c-d72c-4a1e-920f-7aa0fffba4eb","text_transform","true",,"primary_with_fallback","false","2026-08-01T23:37:15.118941+00:00","2026-08-01T23:37:15.118941+00:00","text-tools أدوات النصوص Text Tools","false",""
"14dab5df-6de6-40f1-a637-b788856655f0","punctuation-remover","حذف علامات الترقيم والرموز","Punctuation Remover","احذف علامات الترقيم والرموز من النص بسرعة.","e050ff4c-d72c-4a1e-920f-7aa0fffba4eb","text_transform","true",,"primary_with_fallback","false","2026-08-01T23:37:15.118941+00:00","2026-08-01T23:37:15.118941+00:00","text-tools أدوات النصوص Text Tools","false",""
"23395eac-bc35-4917-8336-160c8a6859b2","whitespace-cleaner","تنظيف المسافات الزائدة","Whitespace Cleaner","احذف المسافات المتكررة وحوّلها إلى مسافة واحدة.","e050ff4c-d72c-4a1e-920f-7aa0fffba4eb","text_transform","true",,"primary_with_fallback","false","2026-08-01T23:37:15.118941+00:00","2026-08-01T23:37:15.118941+00:00","text-tools أدوات النصوص Text Tools","false",""
"026685e0-6d13-4736-b66c-0d862eceb8c7","whatsapp-message-writer","كاتب رسائل واتساب","WhatsApp Message Writer","صغ رسالة واتساب مختصرة وواضحة حسب الهدف.","98546014-8593-4c07-991f-a98f1e6caffa","ai_text","true","standard","primary_with_fallback","true","2026-08-01T23:37:17.424501+00:00","2026-08-01T23:37:25.558716+00:00","ai-writing-tools الكتابة بالذكاء الاصطناعي AI Writing Tools","false",""
"544e0be2-869e-4b47-9d84-eabc3b5f3d83","video-script-generator","مولد سكريبت الفيديو","Video Script Generator","اكتب سكريبت فيديو منظمًا حسب المدة والمنصة والأسلوب.","98546014-8593-4c07-991f-a98f1e6caffa","ai_text","true","standard","primary_with_fallback","true","2026-08-01T23:37:17.424501+00:00","2026-08-01T23:37:27.134332+00:00","ai-writing-tools الكتابة بالذكاء الاصطناعي AI Writing Tools","true","text:video|فيديو"
"188def61-24cc-4321-a3e3-de869b62473f","social-post-generator","مولد منشورات السوشيال ميديا","Social Post Generator","أنشئ منشورًا مناسبًا للمنصة والهدف والجمهور.","9dfdca9c-4d7c-4427-84b9-f5810adb9cfa","ai_text","true","standard","primary_with_fallback","true","2026-08-01T23:37:17.424501+00:00","2026-08-01T23:37:27.134332+00:00","social-media-tools أدوات السوشيال ميديا Social Media Tools","true","text:media"
"25770c72-f02b-45d4-af02-c6642fad983e","product-description-generator","مولد وصف المنتجات","Product Description Generator","اكتب وصف منتج مقنع يوضح الفوائد والمزايا.","98546014-8593-4c07-991f-a98f1e6caffa","ai_text","true","standard","primary_with_fallback","true","2026-08-01T23:37:17.424501+00:00","2026-08-01T23:37:27.134332+00:00","ai-writing-tools الكتابة بالذكاء الاصطناعي AI Writing Tools","false",""
"b996877a-cad2-46bf-873b-02551517c0cb","text-summarizer","ملخص النصوص","Text Summarizer","لخص النص إلى أهم النقاط دون فقدان المعنى.","98546014-8593-4c07-991f-a98f1e6caffa","ai_text","true","standard","primary_with_fallback","true","2026-08-01T23:37:17.424501+00:00","2026-08-01T23:37:27.134332+00:00","ai-writing-tools الكتابة بالذكاء الاصطناعي AI Writing Tools","false",""
"74601ad6-8cc8-4253-99e4-4b1b3451367f","content-rewriter","إعادة صياغة المحتوى","Content Rewriter","أعد صياغة النص مع الحفاظ على المعنى وتحسين الوضوح.","98546014-8593-4c07-991f-a98f1e6caffa","ai_text","true","standard","primary_with_fallback","true","2026-08-01T23:37:17.424501+00:00","2026-08-01T23:37:27.134332+00:00","ai-writing-tools الكتابة بالذكاء الاصطناعي AI Writing Tools","false",""
"152fb4c9-333d-4e0f-a58f-6e6803dd0cab","content-writing-assistant","مساعد كتابة المحتوى","Content Writing Assistant","أنشئ محتوى متكاملًا حسب النوع والهدف والجمهور والنبرة.","98546014-8593-4c07-991f-a98f1e6caffa","ai_text","true","standard","primary_with_fallback","true","2026-08-01T23:37:17.424501+00:00","2026-08-01T23:37:27.134332+00:00","ai-writing-tools الكتابة بالذكاء الاصطناعي AI Writing Tools","false",""
"33a58c1f-441e-47c9-96cf-40032310d2de","ad-copy-generator","مولد النصوص الإعلانية","Ad Copy Generator","أنشئ نصوصًا إعلانية متعددة حسب المنصة والعرض والجمهور.","98546014-8593-4c07-991f-a98f1e6caffa","ai_text","true","standard","primary_with_fallback","true","2026-08-01T23:37:17.424501+00:00","2026-08-01T23:37:25.558716+00:00","ai-writing-tools الكتابة بالذكاء الاصطناعي AI Writing Tools","false",""
"be888804-c13e-4637-b472-9c0ddc620e84","proposal-writer","كاتب عروض الخدمات","Service Proposal Writer","أنشئ مسودة عرض خدمة واضحة ومهنية.","cacb94ba-2bbd-4cea-a7ce-cdb6c9190ca7","ai_text","true","standard","primary_with_fallback","true","2026-08-01T23:37:17.424501+00:00","2026-08-01T23:37:25.558716+00:00","productivity-tools أدوات الإنتاجية Productivity Tools","false",""
"8d31f1c6-8ec5-473e-8a8d-c430e6da4280","meeting-summary-generator","ملخص الاجتماعات","Meeting Summary Generator","حوّل ملاحظات الاجتماع إلى ملخص وقرارات ومهام.","cacb94ba-2bbd-4cea-a7ce-cdb6c9190ca7","ai_text","true","standard","primary_with_fallback","true","2026-08-01T23:37:17.424501+00:00","2026-08-01T23:37:25.558716+00:00","productivity-tools أدوات الإنتاجية Productivity Tools","false",""
"60424a4a-bd7c-4c99-b88f-8253aafe48d6","keyword-cluster-generator","مولد عناقيد الكلمات المفتاحية","Keyword Cluster Generator","نظم الكلمات حول موضوع رئيسي حسب نية البحث.","4b15aeb4-83fc-4ccf-88f8-c5cb7b9ee54c","ai_text","true","standard","primary_with_fallback","true","2026-08-01T23:37:17.424501+00:00","2026-08-01T23:37:25.558716+00:00","seo-tools أدوات تحسين محركات البحث SEO Tools","false",""
"37f7e4f7-8a23-4b6a-82a4-82155c31ed1a","blog-outline-generator","مولد مخطط المقال","Blog Outline Generator","أنشئ هيكل مقال متكامل بالعناوين والنقاط.","4b15aeb4-83fc-4ccf-88f8-c5cb7b9ee54c","ai_text","true","standard","primary_with_fallback","true","2026-08-01T23:37:17.424501+00:00","2026-08-01T23:37:25.558716+00:00","seo-tools أدوات تحسين محركات البحث SEO Tools","false",""
"348e5c3c-80f5-41c5-bb38-f55a70cc5690","seo-title-description-generator","مولد عنوان ووصف SEO","SEO Title & Meta Description Generator","أنشئ عنوان SEO ووصف ميتا مناسبين للصفحة والكلمة المستهدفة.","4b15aeb4-83fc-4ccf-88f8-c5cb7b9ee54c","ai_text","true","standard","primary_with_fallback","true","2026-08-01T23:37:17.424501+00:00","2026-08-01T23:37:25.558716+00:00","seo-tools أدوات تحسين محركات البحث SEO Tools","false",""
"006abb67-69d9-4085-befa-37032e344c0d","youtube-description-generator","مولد وصف YouTube","YouTube Description Generator","اكتب وصف فيديو منظمًا مع كلمات مفتاحية وCTA.","9dfdca9c-4d7c-4427-84b9-f5810adb9cfa","ai_text","true","standard","primary_with_fallback","true","2026-08-01T23:37:17.424501+00:00","2026-08-01T23:37:25.558716+00:00","social-media-tools أدوات السوشيال ميديا Social Media Tools","true","text:media|youtube|فيديو"
"1a4aed76-7839-419f-a710-b20c9c00a4ff","call-to-action-generator","مولد عبارات CTA","Call-to-Action Generator","أنشئ عبارات دعوة لاتخاذ إجراء حسب المنتج والهدف.","4b15aeb4-83fc-4ccf-88f8-c5cb7b9ee54c","ai_text","true","standard","primary_with_fallback","true","2026-08-01T23:37:17.424501+00:00","2026-08-01T23:37:25.558716+00:00","seo-tools أدوات تحسين محركات البحث SEO Tools","false",""
"baa6c8f0-6ef9-48df-9ad8-12ff3fca484e","youtube-title-generator","مولد عناوين YouTube","YouTube Title Generator","أنشئ عناوين يوتيوب جذابة بدون تضليل.","9dfdca9c-4d7c-4427-84b9-f5810adb9cfa","ai_text","true","standard","primary_with_fallback","true","2026-08-01T23:37:17.424501+00:00","2026-08-01T23:37:25.558716+00:00","social-media-tools أدوات السوشيال ميديا Social Media Tools","true","text:media|youtube|يوتيوب"
"c251998a-1e8d-48ac-9a98-16898f48b709","customer-service-reply-generator","مولد ردود خدمة العملاء","Customer Service Reply Generator","صغ ردًا مهنيًا وهادئًا على استفسار أو شكوى عميل.","cacb94ba-2bbd-4cea-a7ce-cdb6c9190ca7","ai_text","true","standard","primary_with_fallback","true","2026-08-01T23:37:17.424501+00:00","2026-08-01T23:37:25.558716+00:00","productivity-tools أدوات الإنتاجية Productivity Tools","false",""
"9d8e203c-2d3d-4f80-8bb9-b3748edc53fb","x-post-generator","مولد منشورات X","X Post Generator","اكتب منشورًا قصيرًا مناسبًا لمنصة X.","9dfdca9c-4d7c-4427-84b9-f5810adb9cfa","ai_text","true","standard","primary_with_fallback","true","2026-08-01T23:37:17.424501+00:00","2026-08-01T23:37:25.558716+00:00","social-media-tools أدوات السوشيال ميديا Social Media Tools","true","text:media"
"d40f6033-4da3-48b2-892a-f923ac845028","linkedin-post-generator","مولد منشورات LinkedIn","LinkedIn Post Generator","أنشئ منشور لينكدإن مهنيًا ومقنعًا.","9dfdca9c-4d7c-4427-84b9-f5810adb9cfa","ai_text","true","standard","primary_with_fallback","true","2026-08-01T23:37:17.424501+00:00","2026-08-01T23:37:25.558716+00:00","social-media-tools أدوات السوشيال ميديا Social Media Tools","true","text:media"
"8f53b565-7927-422f-9596-0683813831a2","tiktok-caption-generator","مولد كابشن TikTok","TikTok Caption Generator","اكتب كابشن قصيرًا مناسبًا لتيك توك.","9dfdca9c-4d7c-4427-84b9-f5810adb9cfa","ai_text","true","standard","primary_with_fallback","true","2026-08-01T23:37:17.424501+00:00","2026-08-01T23:37:25.558716+00:00","social-media-tools أدوات السوشيال ميديا Social Media Tools","true","text:media|tiktok|تيك توك"
"134a632f-aff6-4b90-9373-58155aead447","landing-page-copy-generator","كاتب صفحات الهبوط","Landing Page Copy Generator","أنشئ هيكل ونص صفحة هبوط متكاملة للخدمة أو المنتج.","98546014-8593-4c07-991f-a98f1e6caffa","ai_text","true","standard","primary_with_fallback","true","2026-08-01T23:37:17.424501+00:00","2026-08-01T23:37:25.558716+00:00","ai-writing-tools الكتابة بالذكاء الاصطناعي AI Writing Tools","false",""
"05a7c9cd-9bad-4846-b66a-55ec59907df2","content-ideas-generator","مولد أفكار المحتوى","Content Ideas Generator","اقترح أفكار محتوى متنوعة حسب المجال والجمهور والمنصة.","98546014-8593-4c07-991f-a98f1e6caffa","ai_text","true","standard","primary_with_fallback","true","2026-08-01T23:37:17.424501+00:00","2026-08-01T23:37:25.558716+00:00","ai-writing-tools الكتابة بالذكاء الاصطناعي AI Writing Tools","false",""
"699a3814-b2bf-4317-ba5a-ec992e13db09","faq-generator","مولد الأسئلة الشائعة","FAQ Generator","أنشئ أسئلة وأجوبة واضحة حول منتج أو خدمة أو موضوع.","98546014-8593-4c07-991f-a98f1e6caffa","ai_text","true","standard","primary_with_fallback","true","2026-08-01T23:37:17.424501+00:00","2026-08-01T23:37:25.558716+00:00","ai-writing-tools الكتابة بالذكاء الاصطناعي AI Writing Tools","false",""
"5d895ade-b002-40e3-975a-9c8297324c93","instagram-caption-generator","مولد كابشن Instagram","Instagram Caption Generator","اكتب كابشن إنستغرام جذابًا ومنظمًا.","9dfdca9c-4d7c-4427-84b9-f5810adb9cfa","ai_text","true","standard","primary_with_fallback","true","2026-08-01T23:37:17.424501+00:00","2026-08-01T23:37:25.558716+00:00","social-media-tools أدوات السوشيال ميديا Social Media Tools","true","text:media|instagram"
"610f4f10-1b58-487e-89ee-74c48f37e25a","email-writer","كاتب البريد الإلكتروني","Email Writer","اكتب بريدًا إلكترونيًا واضحًا ومناسبًا للغرض والمتلقي.","98546014-8593-4c07-991f-a98f1e6caffa","ai_text","true","standard","primary_with_fallback","true","2026-08-01T23:37:17.424501+00:00","2026-08-01T23:37:25.558716+00:00","ai-writing-tools الكتابة بالذكاء الاصطناعي AI Writing Tools","false",""
"b0f4c0de-4906-456e-a0ea-c4e149dba050","slogan-generator","مولد الشعارات النصية","Slogan Generator","أنشئ شعارات نصية قصيرة تعكس قيمة العلامة.","98546014-8593-4c07-991f-a98f1e6caffa","ai_text","true","standard","primary_with_fallback","true","2026-08-01T23:37:17.424501+00:00","2026-08-01T23:37:25.558716+00:00","ai-writing-tools الكتابة بالذكاء الاصطناعي AI Writing Tools","false",""
"5b21ae63-ba06-4b8f-afa2-afa2bb531141","business-name-generator","مولد أسماء المشاريع","Business Name Generator","اقترح أسماء مشاريع وعلامات تجارية مناسبة وقابلة للتذكر.","98546014-8593-4c07-991f-a98f1e6caffa","ai_text","true","standard","primary_with_fallback","true","2026-08-01T23:37:17.424501+00:00","2026-08-01T23:37:25.558716+00:00","ai-writing-tools الكتابة بالذكاء الاصطناعي AI Writing Tools","false",""
"a7319645-ab41-4258-a1ec-993aeb7324d4","headline-generator","مولد العناوين","Headline Generator","أنشئ عناوين جذابة ومتنوعة حسب الموضوع والمنصة.","98546014-8593-4c07-991f-a98f1e6caffa","ai_text","true","standard","primary_with_fallback","true","2026-08-01T23:37:17.424501+00:00","2026-08-01T23:37:25.558716+00:00","ai-writing-tools الكتابة بالذكاء الاصطناعي AI Writing Tools","false",""
"6c65ab0f-4eec-42db-a972-3133f91f7ddf","proofreading-assistant","مدقق لغوي ذكي","AI Proofreading Assistant","صحح الأخطاء الإملائية والنحوية وحسّن علامات الترقيم.","98546014-8593-4c07-991f-a98f1e6caffa","ai_text","true","standard","primary_with_fallback","true","2026-08-01T23:37:17.424501+00:00","2026-08-01T23:37:25.558716+00:00","ai-writing-tools الكتابة بالذكاء الاصطناعي AI Writing Tools","false",""
"a68b58f1-3778-45ae-a201-4ec86c968da6","square-root-calculator","حاسبة الجذر التربيعي","Square Root Calculator","احسب الجذر التربيعي لعدد غير سالب.","17ad1001-9023-4ad8-b246-ae26aa22da0e","formula","true",,"primary_with_fallback","false","2026-08-01T23:37:19.917917+00:00","2026-08-01T23:37:19.917917+00:00","general-tools أدوات عامة General Tools","false",""
"cf823022-6a0c-4820-ac49-f0ed78f54c38","ratio-calculator","حاسبة النسبة بين قيمتين","Ratio Calculator","احسب نسبة القيمة الأولى إلى الثانية.","17ad1001-9023-4ad8-b246-ae26aa22da0e","formula","true",,"primary_with_fallback","false","2026-08-01T23:37:19.917917+00:00","2026-08-01T23:37:19.917917+00:00","general-tools أدوات عامة General Tools","false",""
"c291cde0-dc4e-44aa-8759-dda3e470b3bb","sample-size-calculator","حاسبة حجم العينة","Sample Size Calculator","احسب حجم عينة تقريبي باستخدام معادلة سلوفين.","17ad1001-9023-4ad8-b246-ae26aa22da0e","formula","true",,"primary_with_fallback","false","2026-08-01T23:37:19.917917+00:00","2026-08-01T23:37:19.917917+00:00","general-tools أدوات عامة General Tools","false",""
"c1fadd50-be31-44ea-baf4-08d4a40d1ba8","gpa-4-to-5-converter","محول المعدل من 4 إلى 5","GPA 4 to 5 Converter","حوّل المعدل من مقياس 4 إلى مقياس 5.","8a330811-80c2-4fd1-bed4-74ebef1e42f9","formula","true",,"primary_with_fallback","false","2026-08-01T23:37:19.917917+00:00","2026-08-01T23:37:19.917917+00:00","education-tools أدوات الطلاب Education Tools","false",""
"aefe9e75-f57d-42cb-ab9a-211b3a5feb5c","cbm-calculator","حاسبة الحجم CBM","CBM Calculator","احسب الحجم بالمتر المكعب لعدد من الصناديق.","92461e19-edaf-42ba-9f11-1eeefb5e6ef0","formula","true",,"primary_with_fallback","false","2026-08-01T23:37:19.917917+00:00","2026-08-01T23:37:19.917917+00:00","converter-tools أدوات التحويل Converter Tools","false",""
"ee8587c4-3de2-48c7-bca6-ca61f0c8c529","centimeter-to-meter-converter","محول السنتيمتر إلى متر","Centimeter to Meter Converter","حوّل السنتيمترات إلى أمتار.","92461e19-edaf-42ba-9f11-1eeefb5e6ef0","formula","true",,"primary_with_fallback","false","2026-08-01T23:37:19.917917+00:00","2026-08-01T23:37:19.917917+00:00","converter-tools أدوات التحويل Converter Tools","false",""
"ca7821da-b916-476b-8d66-5a799bf8d688","meter-to-kilometer-converter","محول المتر إلى كيلومتر","Meter to Kilometer Converter","حوّل الأمتار إلى كيلومترات.","92461e19-edaf-42ba-9f11-1eeefb5e6ef0","formula","true",,"primary_with_fallback","false","2026-08-01T23:37:19.917917+00:00","2026-08-01T23:37:19.917917+00:00","converter-tools أدوات التحويل Converter Tools","false",""
"383546d9-7412-43ab-95fb-83a0ba4dfd95","kilogram-to-pound-converter","محول الكيلوجرام إلى رطل","Kilogram to Pound Converter","حوّل الكيلوجرامات إلى أرطال.","92461e19-edaf-42ba-9f11-1eeefb5e6ef0","formula","true",,"primary_with_fallback","false","2026-08-01T23:37:19.917917+00:00","2026-08-01T23:37:19.917917+00:00","converter-tools أدوات التحويل Converter Tools","false",""
"70cd947f-1cef-432d-a507-643801800d0a","price-with-vat-calculator","حاسبة السعر شامل الضريبة","Price Including VAT Calculator","احسب السعر النهائي بعد إضافة ضريبة القيمة المضافة.","d17d9f2e-69f7-4509-be0d-18a6f5409a37","formula","true",,"primary_with_fallback","false","2026-08-01T23:37:19.917917+00:00","2026-08-01T23:37:19.917917+00:00","finance-tools أدوات المال Finance Tools","false",""
"3c4f5fc3-feb3-45ee-b46c-a2188889a66b","pound-to-kilogram-converter","محول الرطل إلى كيلوجرام","Pound to Kilogram Converter","حوّل الأرطال إلى كيلوجرامات.","92461e19-edaf-42ba-9f11-1eeefb5e6ef0","formula","true",,"primary_with_fallback","false","2026-08-01T23:37:19.917917+00:00","2026-08-01T23:37:19.917917+00:00","converter-tools أدوات التحويل Converter Tools","false",""
"d897637d-35ea-4777-b4a2-ada6b204619b","celsius-to-fahrenheit-converter","محول مئوي إلى فهرنهايت","Celsius to Fahrenheit Converter","حوّل درجة الحرارة المئوية إلى فهرنهايت.","92461e19-edaf-42ba-9f11-1eeefb5e6ef0","formula","true",,"primary_with_fallback","false","2026-08-01T23:37:19.917917+00:00","2026-08-01T23:37:19.917917+00:00","converter-tools أدوات التحويل Converter Tools","false",""
"a975a2f3-2892-43b4-b490-484c12958fef","percentage-of-amount-calculator","حاسبة نسبة من مبلغ","Percentage of Amount Calculator","احسب قيمة نسبة مئوية من مبلغ محدد.","d17d9f2e-69f7-4509-be0d-18a6f5409a37","formula","true",,"primary_with_fallback","false","2026-08-01T23:37:19.917917+00:00","2026-08-01T23:37:19.917917+00:00","finance-tools أدوات المال Finance Tools","false",""
"5976604f-aa94-4d13-bfee-cd8fc3be7175","gpa-4-to-percentage-calculator","محول المعدل من 4 إلى نسبة","GPA 4 to Percentage Calculator","حوّل المعدل من 4 إلى نسبة مئوية.","8a330811-80c2-4fd1-bed4-74ebef1e42f9","formula","true",,"primary_with_fallback","false","2026-08-01T23:37:19.917917+00:00","2026-08-01T23:37:19.917917+00:00","education-tools أدوات الطلاب Education Tools","false",""
"b1d91949-0ff0-428d-b1be-d67dcd01b99f","percentage-change-calculator","حاسبة نسبة التغير","Percentage Change Calculator","احسب نسبة الزيادة أو الانخفاض بين قيمتين.","d17d9f2e-69f7-4509-be0d-18a6f5409a37","formula","true",,"primary_with_fallback","false","2026-08-01T23:37:19.917917+00:00","2026-08-01T23:37:19.917917+00:00","finance-tools أدوات المال Finance Tools","false",""
"ee0e3060-f45c-4649-8196-8303ce624b0e","gpa-5-to-percentage-calculator","محول المعدل من 5 إلى نسبة","GPA 5 to Percentage Calculator","حوّل المعدل من 5 إلى نسبة مئوية.","8a330811-80c2-4fd1-bed4-74ebef1e42f9","formula","true",,"primary_with_fallback","false","2026-08-01T23:37:19.917917+00:00","2026-08-01T23:37:19.917917+00:00","education-tools أدوات الطلاب Education Tools","false",""
"0fc5f52f-e434-45b9-825d-8b67068b5b02","reverse-percentage-calculator","حاسبة النسبة العكسية","Reverse Percentage Calculator","استخرج القيمة الأصلية عندما تعرف قيمة نسبة منها.","d17d9f2e-69f7-4509-be0d-18a6f5409a37","formula","true",,"primary_with_fallback","false","2026-08-01T23:37:19.917917+00:00","2026-08-01T23:37:19.917917+00:00","finance-tools أدوات المال Finance Tools","false",""
"70088491-c3d6-4ee7-981e-3487a5e23007","fahrenheit-to-celsius-converter","محول فهرنهايت إلى مئوي","Fahrenheit to Celsius Converter","حوّل درجة فهرنهايت إلى مئوية.","92461e19-edaf-42ba-9f11-1eeefb5e6ef0","formula","true",,"primary_with_fallback","false","2026-08-01T23:37:19.917917+00:00","2026-08-01T23:37:19.917917+00:00","converter-tools أدوات التحويل Converter Tools","false",""
"303f2425-5c3b-43bc-aff8-4e7ee5dfb730","rectangle-area-calculator","حاسبة مساحة المستطيل","Rectangle Area Calculator","احسب مساحة المستطيل من الطول والعرض.","92461e19-edaf-42ba-9f11-1eeefb5e6ef0","formula","true",,"primary_with_fallback","false","2026-08-01T23:37:19.917917+00:00","2026-08-01T23:37:19.917917+00:00","converter-tools أدوات التحويل Converter Tools","false",""
"f2fff8f7-a0af-47e0-98b1-91763f438588","land-share-area-calculator","حاسبة مساحة حصة الأرض","Land Share Area Calculator","احسب مساحة حصة من أرض وفق نسبة الملكية.","92461e19-edaf-42ba-9f11-1eeefb5e6ef0","formula","true",,"primary_with_fallback","false","2026-08-01T23:37:19.917917+00:00","2026-08-01T23:37:19.917917+00:00","converter-tools أدوات التحويل Converter Tools","false",""
"80652743-8a8a-4b26-ad6b-3a8495083e0a","box-volume-liter-calculator","حاسبة حجم الصندوق باللتر","Box Volume in Liters Calculator","احسب حجم صندوق بالسنتيمتر وحوّله إلى لترات.","92461e19-edaf-42ba-9f11-1eeefb5e6ef0","formula","true",,"primary_with_fallback","false","2026-08-01T23:37:19.917917+00:00","2026-08-01T23:37:19.917917+00:00","converter-tools أدوات التحويل Converter Tools","false",""
"5baac051-f50b-4dc4-8093-19f3c40e284e","bmi-calculator","حاسبة مؤشر كتلة الجسم","BMI Calculator","احسب مؤشر كتلة الجسم من الوزن والطول.","5e6598f3-8e19-4a54-92f0-2a5c472d3508","formula","true",,"primary_with_fallback","false","2026-08-01T23:37:19.917917+00:00","2026-08-01T23:37:19.917917+00:00","health-tools أدوات الصحة Health Tools","false",""
"af9a0497-e041-4569-97af-9621472efbad","daily-water-intake-calculator","حاسبة شرب الماء اليومي","Daily Water Intake Calculator","قدّر كمية الماء اليومية اعتمادًا على الوزن.","5e6598f3-8e19-4a54-92f0-2a5c472d3508","formula","true",,"primary_with_fallback","false","2026-08-01T23:37:19.917917+00:00","2026-08-01T23:37:19.917917+00:00","health-tools أدوات الصحة Health Tools","false",""
"c1fbb0cf-9b54-408b-90a5-6c9461ef7c75","bmr-male-calculator","حاسبة معدل الأيض الأساسي للرجال","Male BMR Calculator","قدّر معدل الأيض الأساسي للرجال بمعادلة ميفلين.","5e6598f3-8e19-4a54-92f0-2a5c472d3508","formula","true",,"primary_with_fallback","false","2026-08-01T23:37:19.917917+00:00","2026-08-01T23:37:19.917917+00:00","health-tools أدوات الصحة Health Tools","false",""
"50e6d184-61c7-4dc3-a7ca-8dcd16db165d","installment-calculator","حاسبة الأقساط","Installment Calculator","احسب القسط الشهري التقريبي مع فائدة بسيطة.","d17d9f2e-69f7-4509-be0d-18a6f5409a37","formula","true",,"primary_with_fallback","false","2026-08-01T23:37:19.917917+00:00","2026-08-01T23:37:19.917917+00:00","finance-tools أدوات المال Finance Tools","false",""
"e23a8576-f12c-4698-803c-a736dbcfb51e","loan-payment-calculator","حاسبة دفعة القرض","Loan Payment Calculator","احسب الدفعة الشهرية لقرض بفائدة شهرية مركبة.","d17d9f2e-69f7-4509-be0d-18a6f5409a37","formula","true",,"primary_with_fallback","false","2026-08-01T23:37:19.917917+00:00","2026-08-01T23:37:19.917917+00:00","finance-tools أدوات المال Finance Tools","false",""
"41ab7b99-442a-4df9-a29e-a0dc06d68ae2","savings-goal-calculator","حاسبة هدف الادخار","Savings Goal Calculator","احسب المبلغ المطلوب ادخاره شهريًا للوصول إلى هدفك.","d17d9f2e-69f7-4509-be0d-18a6f5409a37","formula","true",,"primary_with_fallback","false","2026-08-01T23:37:19.917917+00:00","2026-08-01T23:37:19.917917+00:00","finance-tools أدوات المال Finance Tools","false",""
"75e2bbe4-59e8-455f-be50-b5617cd81b1f","bmr-female-calculator","حاسبة معدل الأيض الأساسي للنساء","Female BMR Calculator","قدّر معدل الأيض الأساسي للنساء بمعادلة ميفلين.","5e6598f3-8e19-4a54-92f0-2a5c472d3508","formula","true",,"primary_with_fallback","false","2026-08-01T23:37:19.917917+00:00","2026-08-01T23:37:19.917917+00:00","health-tools أدوات الصحة Health Tools","false",""
"7aa8af2e-526e-4434-ab91-c1aa86f271e8","hourly-wage-calculator","حاسبة الأجر بالساعة","Hourly Wage Calculator","احسب الأجر بالساعة من الراتب الشهري وأيام وساعات العمل.","188be102-28fb-40f7-8df8-21f9f313a2e7","formula","true",,"primary_with_fallback","false","2026-08-01T23:37:19.917917+00:00","2026-08-01T23:37:19.917917+00:00","employment-tools أدوات الرواتب والموظفين Employment Tools","false",""
"488a5158-e18d-4c55-8f44-3c5ea63f45f6","zakat-calculator","حاسبة الزكاة","Zakat Calculator","احسب زكاة المال بنسبة تختارها.","d17d9f2e-69f7-4509-be0d-18a6f5409a37","formula","true",,"primary_with_fallback","false","2026-08-01T23:37:19.917917+00:00","2026-08-01T23:37:19.917917+00:00","finance-tools أدوات المال Finance Tools","false",""
"bdf35d4b-dde1-4714-8521-e87284a2d895","gold-zakat-calculator","حاسبة زكاة الذهب","Gold Zakat Calculator","احسب القيمة التقديرية لزكاة الذهب من الوزن وسعر الجرام.","d17d9f2e-69f7-4509-be0d-18a6f5409a37","formula","true",,"primary_with_fallback","false","2026-08-01T23:37:19.917917+00:00","2026-08-01T23:37:19.917917+00:00","finance-tools أدوات المال Finance Tools","false",""
"26cf6d61-88a5-4d48-a838-46284d15dd58","net-after-tax-calculator","حاسبة الصافي بعد الضريبة","Net After Tax Calculator","احسب صافي المبلغ بعد خصم نسبة ضريبية.","d17d9f2e-69f7-4509-be0d-18a6f5409a37","formula","true",,"primary_with_fallback","false","2026-08-01T23:37:19.917917+00:00","2026-08-01T23:37:19.917917+00:00","finance-tools أدوات المال Finance Tools","false",""
"49085892-6850-47ea-9e5f-59e9782a4e9d","daily-wage-calculator","حاسبة الأجر اليومي","Daily Wage Calculator","احسب الأجر اليومي من الراتب الشهري.","188be102-28fb-40f7-8df8-21f9f313a2e7","formula","true",,"primary_with_fallback","false","2026-08-01T23:37:19.917917+00:00","2026-08-01T23:37:19.917917+00:00","employment-tools أدوات الرواتب والموظفين Employment Tools","false",""
"e8fd856f-4f53-45a9-93f7-d2562e3be84f","overtime-pay-calculator","حاسبة أجر العمل الإضافي","Overtime Pay Calculator","احسب أجر ساعات العمل الإضافي باستخدام معامل تختاره.","188be102-28fb-40f7-8df8-21f9f313a2e7","formula","true",,"primary_with_fallback","false","2026-08-01T23:37:19.917917+00:00","2026-08-01T23:37:19.917917+00:00","employment-tools أدوات الرواتب والموظفين Employment Tools","false",""
"00bffa6d-3814-4768-a1f7-254c40072d9b","retirement-years-remaining-calculator","حاسبة السنوات المتبقية للتقاعد","Retirement Years Remaining Calculator","احسب عدد السنوات المتبقية حتى سن التقاعد المحدد.","188be102-28fb-40f7-8df8-21f9f313a2e7","formula","true",,"primary_with_fallback","false","2026-08-01T23:37:19.917917+00:00","2026-08-01T23:37:19.917917+00:00","employment-tools أدوات الرواتب والموظفين Employment Tools","false",""
"2acffddc-ea0f-4bb1-912d-32bfc88cf856","employer-payroll-cost","حاسبة تكلفة الموظف على المنشأة","Employer Payroll Cost","احسب تكلفة الموظف الشهرية بإضافة المزايا والتكاليف على الراتب.","188be102-28fb-40f7-8df8-21f9f313a2e7","formula","true",,"primary_with_fallback","false","2026-08-01T23:37:28.717824+00:00","2026-08-01T23:37:28.717824+00:00","employment-tools أدوات الرواتب والموظفين Employment Tools","false",""
"b59e352a-ecd5-49fa-b992-f3ed303b147d","operating-leverage-calculator","حاسبة الرافعة التشغيلية","Operating Leverage Calculator","احسب درجة الرافعة التشغيلية من هامش المساهمة والربح التشغيلي.","ca150531-81db-4fb2-a70d-7d59b0535a5d","formula","true",,"primary_with_fallback","false","2026-08-01T23:37:28.717824+00:00","2026-08-01T23:37:28.717824+00:00","business-tools أدوات الأعمال Business Tools","false",""
"aa3a0585-fa87-404a-a2cd-de230aa561ab","sales-per-employee-calculator","حاسبة المبيعات لكل موظف","Sales per Employee Calculator","احسب متوسط المبيعات التي يحققها كل موظف.","ca150531-81db-4fb2-a70d-7d59b0535a5d","formula","true",,"primary_with_fallback","false","2026-08-01T23:37:28.717824+00:00","2026-08-01T23:37:28.717824+00:00","business-tools أدوات الأعمال Business Tools","false",""
"dff703a3-910f-42f5-b1c1-1613b8e9b6ab","revenue-per-customer-calculator","حاسبة الإيراد لكل عميل","Revenue per Customer Calculator","احسب متوسط الإيراد الناتج من كل عميل.","ca150531-81db-4fb2-a70d-7d59b0535a5d","formula","true",,"primary_with_fallback","false","2026-08-01T23:37:28.717824+00:00","2026-08-01T23:37:28.717824+00:00","business-tools أدوات الأعمال Business Tools","false",""
"616843bc-8b58-4040-9a28-e6856313ba30","inventory-days-calculator","حاسبة أيام المخزون","Inventory Days Calculator","قدّر متوسط عدد الأيام التي يبقى فيها المخزون قبل بيعه.","ca150531-81db-4fb2-a70d-7d59b0535a5d","formula","true",,"primary_with_fallback","false","2026-08-01T23:37:28.717824+00:00","2026-08-01T23:37:28.717824+00:00","business-tools أدوات الأعمال Business Tools","false",""
"0eddf0fa-e76d-4207-952a-8e91660f7643","receivable-days-calculator","حاسبة أيام التحصيل","Receivable Days Calculator","قدّر متوسط أيام تحصيل المبيعات الآجلة.","ca150531-81db-4fb2-a70d-7d59b0535a5d","formula","true",,"primary_with_fallback","false","2026-08-01T23:37:28.717824+00:00","2026-08-01T23:37:28.717824+00:00","business-tools أدوات الأعمال Business Tools","false",""
"72e18709-2d54-4b42-b94b-e618fa11c9ad","payable-days-calculator","حاسبة أيام السداد","Payable Days Calculator","قدّر متوسط الأيام التي تستغرقها المنشأة لسداد الموردين.","ca150531-81db-4fb2-a70d-7d59b0535a5d","formula","true",,"primary_with_fallback","false","2026-08-01T23:37:28.717824+00:00","2026-08-01T23:37:28.717824+00:00","business-tools أدوات الأعمال Business Tools","false",""
"b5aeedb7-4c37-4f07-b95d-5ae42dff2b60","square-diagonal-calculator","حاسبة قطر المربع","Square Diagonal Calculator","احسب طول قطر المربع من طول الضلع.","6cea31f2-3dd7-44c5-85cd-a21f1c034f7c","formula","true",,"primary_with_fallback","false","2026-08-01T23:37:28.717824+00:00","2026-08-01T23:37:28.717824+00:00","math-tools أدوات حسابية Math Tools","false",""
"a5934fb8-26cf-47c6-b82b-f5763437497a","cash-conversion-cycle-calculator","حاسبة دورة التحويل النقدي","Cash Conversion Cycle Calculator","احسب مدة دورة التحويل النقدي من أيام المخزون والتحصيل والسداد.","ca150531-81db-4fb2-a70d-7d59b0535a5d","formula","true",,"primary_with_fallback","false","2026-08-01T23:37:28.717824+00:00","2026-08-01T23:37:28.717824+00:00","business-tools أدوات الأعمال Business Tools","false",""
"1579dd6a-9cf3-4ca3-851b-dd2377657711","customer-concentration-calculator","حاسبة تركّز العملاء","Customer Concentration Calculator","احسب نسبة الإيراد القادم من أكبر عميل إلى إجمالي الإيراد.","ca150531-81db-4fb2-a70d-7d59b0535a5d","formula","true",,"primary_with_fallback","false","2026-08-01T23:37:28.717824+00:00","2026-08-01T23:37:28.717824+00:00","business-tools أدوات الأعمال Business Tools","false",""
"ad3aedb0-e399-42c4-819e-19432c0f202c","weighted-mean-calculator","حاسبة المتوسط المرجّح","Weighted Mean Calculator","احسب المتوسط المرجّح لقيمتين حسب الوزن.","6cea31f2-3dd7-44c5-85cd-a21f1c034f7c","formula","true",,"primary_with_fallback","false","2026-08-01T23:37:28.717824+00:00","2026-08-01T23:37:28.717824+00:00","math-tools أدوات حسابية Math Tools","false",""
"f50bff6d-4f3b-47ed-a20c-7db19b232459","proportion-value-calculator","حاسبة التناسب","Proportion Value Calculator","أوجد القيمة المجهولة في معادلة تناسب بسيطة.","6cea31f2-3dd7-44c5-85cd-a21f1c034f7c","formula","true",,"primary_with_fallback","false","2026-08-01T23:37:28.717824+00:00","2026-08-01T23:37:28.717824+00:00","math-tools أدوات حسابية Math Tools","false",""
"fa128149-9191-4de0-9734-5d2f56c1d833","geometric-mean-two-values","حاسبة المتوسط الهندسي","Geometric Mean Calculator","احسب المتوسط الهندسي لقيمتين موجبتين.","6cea31f2-3dd7-44c5-85cd-a21f1c034f7c","formula","true",,"primary_with_fallback","false","2026-08-01T23:37:28.717824+00:00","2026-08-01T23:37:28.717824+00:00","math-tools أدوات حسابية Math Tools","false",""
"3a034aef-5435-4906-8480-a70f4d798064","harmonic-mean-two-values","حاسبة المتوسط التوافقي","Harmonic Mean Calculator","احسب المتوسط التوافقي لقيمتين موجبتين.","6cea31f2-3dd7-44c5-85cd-a21f1c034f7c","formula","true",,"primary_with_fallback","false","2026-08-01T23:37:28.717824+00:00","2026-08-01T23:37:28.717824+00:00","math-tools أدوات حسابية Math Tools","false",""
"4e5cdf38-352f-4761-bc1e-c7d8524fa2e9","circle-circumference-calculator","حاسبة محيط الدائرة","Circle Circumference Calculator","احسب محيط الدائرة من نصف القطر.","6cea31f2-3dd7-44c5-85cd-a21f1c034f7c","formula","true",,"primary_with_fallback","false","2026-08-01T23:37:28.717824+00:00","2026-08-01T23:37:28.717824+00:00","math-tools أدوات حسابية Math Tools","false",""
"25604cef-2541-490a-a85a-d8a7b2a04c1c","trapezoid-area-calculator","حاسبة مساحة شبه المنحرف","Trapezoid Area Calculator","احسب مساحة شبه المنحرف من القاعدتين والارتفاع.","6cea31f2-3dd7-44c5-85cd-a21f1c034f7c","formula","true",,"primary_with_fallback","false","2026-08-01T23:37:28.717824+00:00","2026-08-01T23:37:28.717824+00:00","math-tools أدوات حسابية Math Tools","false",""
"150f88a4-0fe1-43c2-8901-6f105c949683","regular-polygon-angle-calculator","حاسبة زاوية المضلع المنتظم","Regular Polygon Angle Calculator","احسب قياس الزاوية الداخلية للمضلع المنتظم.","6cea31f2-3dd7-44c5-85cd-a21f1c034f7c","formula","true",,"primary_with_fallback","false","2026-08-01T23:37:28.717824+00:00","2026-08-01T23:37:28.717824+00:00","math-tools أدوات حسابية Math Tools","false",""
"68867733-9424-4b28-af7c-6d630c1d2700","minutes-to-decimal-hours","محول الدقائق إلى ساعات عشرية","Minutes to Decimal Hours","حوّل عدد الدقائق إلى ساعات بصيغة عشرية.","864c6785-89c9-4a0c-94c3-08d9efbd97e2","formula","true",,"primary_with_fallback","false","2026-08-01T23:37:28.717824+00:00","2026-08-01T23:37:28.717824+00:00","date-time-tools أدوات التاريخ والوقت Date & Time Tools","false",""
"d5fc3a82-b25e-41df-914b-af85dd05cf05","decimal-hours-to-minutes","محول الساعات العشرية إلى دقائق","Decimal Hours to Minutes","حوّل الساعات العشرية إلى دقائق.","864c6785-89c9-4a0c-94c3-08d9efbd97e2","formula","true",,"primary_with_fallback","false","2026-08-01T23:37:28.717824+00:00","2026-08-01T23:37:28.717824+00:00","date-time-tools أدوات التاريخ والوقت Date & Time Tools","false",""
"bd1d426e-3700-41d6-b719-c2af44502d20","workdays-to-hours-calculator","حاسبة ساعات أيام العمل","Workdays to Hours Calculator","احسب إجمالي ساعات العمل من عدد الأيام وساعات اليوم.","864c6785-89c9-4a0c-94c3-08d9efbd97e2","formula","true",,"primary_with_fallback","false","2026-08-01T23:37:28.717824+00:00","2026-08-01T23:37:28.717824+00:00","date-time-tools أدوات التاريخ والوقت Date & Time Tools","false",""
"698495b3-ff9a-4dc4-a7f6-7a755facbb35","shifts-to-hours-calculator","حاسبة ساعات الورديات","Shifts to Hours Calculator","احسب إجمالي ساعات مجموعة من الورديات.","864c6785-89c9-4a0c-94c3-08d9efbd97e2","formula","true",,"primary_with_fallback","false","2026-08-01T23:37:28.717824+00:00","2026-08-01T23:37:28.717824+00:00","date-time-tools أدوات التاريخ والوقت Date & Time Tools","false",""
"1a7763b9-e404-4524-a255-acd22f612ef3","weekly-hours-to-monthly-hours","محول الساعات الأسبوعية إلى شهرية","Weekly to Monthly Hours","قدّر الساعات الشهرية من متوسط الساعات الأسبوعية.","864c6785-89c9-4a0c-94c3-08d9efbd97e2","formula","true",,"primary_with_fallback","false","2026-08-01T23:37:28.717824+00:00","2026-08-01T23:37:28.717824+00:00","date-time-tools أدوات التاريخ والوقت Date & Time Tools","false",""
"d56f0aa9-a68a-463a-b69c-fe654af135a3","meeting-person-hours-calculator","حاسبة ساعات العمل في الاجتماع","Meeting Person-Hours Calculator","احسب إجمالي ساعات الأشخاص المستهلكة في اجتماع.","864c6785-89c9-4a0c-94c3-08d9efbd97e2","formula","true",,"primary_with_fallback","false","2026-08-01T23:37:28.717824+00:00","2026-08-01T23:37:28.717824+00:00","date-time-tools أدوات التاريخ والوقت Date & Time Tools","false",""
"24549f53-3086-46d9-84ff-0027168ffe3a","production-time-per-unit","حاسبة وقت الإنتاج للوحدة","Production Time per Unit","احسب متوسط الوقت المستغرق لإنتاج وحدة واحدة.","864c6785-89c9-4a0c-94c3-08d9efbd97e2","formula","true",,"primary_with_fallback","false","2026-08-01T23:37:28.717824+00:00","2026-08-01T23:37:28.717824+00:00","date-time-tools أدوات التاريخ والوقت Date & Time Tools","false",""
"44bf0d4b-4582-4fe4-a207-6606572e4649","task-throughput-per-hour","حاسبة معدل إنجاز المهام","Task Throughput per Hour","احسب عدد المهام المنجزة في الساعة.","864c6785-89c9-4a0c-94c3-08d9efbd97e2","formula","true",,"primary_with_fallback","false","2026-08-01T23:37:28.717824+00:00","2026-08-01T23:37:28.717824+00:00","date-time-tools أدوات التاريخ والوقت Date & Time Tools","false",""
"78efcd00-a5cd-43bb-8c29-d78e01df2c59","target-weight-by-bmi","حاسبة الوزن المستهدف حسب BMI","Target Weight by BMI","قدّر الوزن الموافق لمؤشر كتلة مستهدف وطول محدد.","5e6598f3-8e19-4a54-92f0-2a5c472d3508","formula","true",,"primary_with_fallback","false","2026-08-01T23:37:28.717824+00:00","2026-08-01T23:37:28.717824+00:00","health-tools أدوات الصحة Health Tools","false",""
"2deedf0d-5ccc-4cc7-afa8-6b245bc5b5df","walking-pace-calculator","حاسبة وتيرة المشي","Walking Pace Calculator","احسب عدد الدقائق لكل كيلومتر أثناء المشي.","5e6598f3-8e19-4a54-92f0-2a5c472d3508","formula","true",,"primary_with_fallback","false","2026-08-01T23:37:28.717824+00:00","2026-08-01T23:37:28.717824+00:00","health-tools أدوات الصحة Health Tools","false",""
"b6f148b7-f368-400e-8d25-958933823782","running-speed-calculator","حاسبة سرعة الجري","Running Speed Calculator","احسب متوسط سرعة الجري بالكيلومتر في الساعة.","5e6598f3-8e19-4a54-92f0-2a5c472d3508","formula","true",,"primary_with_fallback","false","2026-08-01T23:37:28.717824+00:00","2026-08-01T23:37:28.717824+00:00","health-tools أدوات الصحة Health Tools","false",""
"25cc18cf-f655-4391-a051-6361b7dea62b","protein-target-calculator","حاسبة الاحتياج التقديري للبروتين","Protein Target Calculator","قدّر كمية البروتين اليومية من الوزن ومعامل الجرام لكل كيلوجرام.","5e6598f3-8e19-4a54-92f0-2a5c472d3508","formula","true",,"primary_with_fallback","false","2026-08-01T23:37:28.717824+00:00","2026-08-01T23:37:28.717824+00:00","health-tools أدوات الصحة Health Tools","false",""
"3a09ef44-29e0-4805-aa72-446d71def568","body-fat-mass-calculator","حاسبة كتلة الدهون","Body Fat Mass Calculator","احسب كتلة الدهون التقديرية من الوزن ونسبة الدهون.","5e6598f3-8e19-4a54-92f0-2a5c472d3508","formula","true",,"primary_with_fallback","false","2026-08-01T23:37:28.717824+00:00","2026-08-01T23:37:28.717824+00:00","health-tools أدوات الصحة Health Tools","false",""
"19c91277-40ba-4852-bad7-b9ca0cb8139b","lean-body-mass-calculator","حاسبة الكتلة الخالية من الدهون","Lean Body Mass Calculator","احسب الكتلة الخالية من الدهون من الوزن ونسبة الدهون.","5e6598f3-8e19-4a54-92f0-2a5c472d3508","formula","true",,"primary_with_fallback","false","2026-08-01T23:37:28.717824+00:00","2026-08-01T23:37:28.717824+00:00","health-tools أدوات الصحة Health Tools","false",""
"2373dd5e-f661-4005-acda-18c046588fed","waist-height-ratio-calculator","حاسبة نسبة الخصر إلى الطول","Waist-to-Height Ratio Calculator","احسب نسبة محيط الخصر إلى الطول كنسبة مئوية.","5e6598f3-8e19-4a54-92f0-2a5c472d3508","formula","true",,"primary_with_fallback","false","2026-08-01T23:37:28.717824+00:00","2026-08-01T23:37:28.717824+00:00","health-tools أدوات الصحة Health Tools","false",""
"03bc8599-e33a-4f9b-8426-404161c25650","calorie-deficit-duration-calculator","حاسبة مدة عجز السعرات","Calorie Deficit Duration Calculator","قدّر عدد الأيام اللازمة لعجز طاقة محدد لكل كيلوجرام مستهدف.","5e6598f3-8e19-4a54-92f0-2a5c472d3508","formula","true",,"primary_with_fallback","false","2026-08-01T23:37:28.717824+00:00","2026-08-01T23:37:28.717824+00:00","health-tools أدوات الصحة Health Tools","false",""
"bbd5fcfb-5a33-41d4-bee2-6eaab4c7c9cf","square-foot-to-square-meter","محول القدم المربع إلى متر مربع","Square Foot to Square Meter","حوّل القدم المربع إلى الوحدة المطلوبة.","92461e19-edaf-42ba-9f11-1eeefb5e6ef0","formula","true",,"primary_with_fallback","false","2026-08-01T23:37:28.717824+00:00","2026-08-01T23:37:28.717824+00:00","converter-tools أدوات التحويل Converter Tools","false",""
"8d991524-eb72-40aa-a061-d45af8fb48a5","course-weighted-score-calculator","حاسبة الدرجة الموزونة للمقرر","Course Weighted Score Calculator","احسب الدرجة الموزونة من درجتين ونسبتيهما.","8a330811-80c2-4fd1-bed4-74ebef1e42f9","formula","true",,"primary_with_fallback","false","2026-08-01T23:37:28.717824+00:00","2026-08-01T23:37:28.717824+00:00","education-tools أدوات الطلاب Education Tools","false",""
"1dc69f0b-fa1d-43ca-92c6-e2550d0f414d","final-exam-required-score","حاسبة الدرجة المطلوبة في النهائي","Required Final Exam Score","احسب الدرجة اللازمة في الاختبار النهائي للوصول إلى هدف محدد.","8a330811-80c2-4fd1-bed4-74ebef1e42f9","formula","true",,"primary_with_fallback","false","2026-08-01T23:37:28.717824+00:00","2026-08-01T23:37:28.717824+00:00","education-tools أدوات الطلاب Education Tools","false",""
"6cf670ed-4b3d-4247-9b6f-782b958da71e","attendance-rate-calculator","حاسبة نسبة الحضور","Attendance Rate Calculator","احسب نسبة الحضور من عدد الجلسات الكلي والحضور الفعلي.","8a330811-80c2-4fd1-bed4-74ebef1e42f9","formula","true",,"primary_with_fallback","false","2026-08-01T23:37:28.717824+00:00","2026-08-01T23:37:28.717824+00:00","education-tools أدوات الطلاب Education Tools","false",""
"5bf0533b-4b9f-40bd-a82c-4b52f6f2a139","study-hours-per-subject","حاسبة ساعات المذاكرة لكل مادة","Study Hours per Subject","قسّم إجمالي ساعات المذاكرة بالتساوي على عدد المواد.","8a330811-80c2-4fd1-bed4-74ebef1e42f9","formula","true",,"primary_with_fallback","false","2026-08-01T23:37:28.717824+00:00","2026-08-01T23:37:28.717824+00:00","education-tools أدوات الطلاب Education Tools","false",""
"dc10721f-bf08-486f-a90a-1a95090edef5","assignment-average-calculator","حاسبة متوسط الواجبات","Assignment Average Calculator","احسب متوسط أربع درجات للواجبات.","8a330811-80c2-4fd1-bed4-74ebef1e42f9","formula","true",,"primary_with_fallback","false","2026-08-01T23:37:28.717824+00:00","2026-08-01T23:37:28.717824+00:00","education-tools أدوات الطلاب Education Tools","false",""
"d119bf9e-2cd1-4c5e-8dd9-f32029da63dd","grade-improvement-rate","حاسبة تحسن الدرجة","Grade Improvement Rate","احسب نسبة التحسن بين درجتين.","8a330811-80c2-4fd1-bed4-74ebef1e42f9","formula","true",,"primary_with_fallback","false","2026-08-01T23:37:28.717824+00:00","2026-08-01T23:37:28.717824+00:00","education-tools أدوات الطلاب Education Tools","false",""
"1c8a1ddb-56ca-40e0-9b10-7563c64d7b88","completed-credits-rate","حاسبة نسبة الساعات المنجزة","Completed Credits Rate","احسب نسبة الساعات الأكاديمية المنجزة من إجمالي الخطة.","8a330811-80c2-4fd1-bed4-74ebef1e42f9","formula","true",,"primary_with_fallback","false","2026-08-01T23:37:28.717824+00:00","2026-08-01T23:37:28.717824+00:00","education-tools أدوات الطلاب Education Tools","false",""
"6b5dbd9a-d304-4e33-b2f9-62d4f5812ac8","points-needed-for-target","حاسبة النقاط المطلوبة للهدف","Points Needed for Target","احسب عدد النقاط المتبقية للوصول إلى هدف دراسي.","8a330811-80c2-4fd1-bed4-74ebef1e42f9","formula","true",,"primary_with_fallback","false","2026-08-01T23:37:28.717824+00:00","2026-08-01T23:37:28.717824+00:00","education-tools أدوات الطلاب Education Tools","false",""
"42f1e2d0-a3fc-492a-9494-3af153432ffd","net-salary-after-deductions","حاسبة صافي الراتب بعد الخصومات","Net Salary after Deductions","احسب صافي الراتب بعد طرح الخصومات الشهرية.","188be102-28fb-40f7-8df8-21f9f313a2e7","formula","true",,"primary_with_fallback","false","2026-08-01T23:37:28.717824+00:00","2026-08-01T23:37:28.717824+00:00","employment-tools أدوات الرواتب والموظفين Employment Tools","false",""
"6e8d0857-f5af-4a60-ac6c-72ed2e1aa95d","annual-compensation-calculator","حاسبة التعويض السنوي","Annual Compensation Calculator","احسب التعويض السنوي من الراتب الشهري والمكافآت.","188be102-28fb-40f7-8df8-21f9f313a2e7","formula","true",,"primary_with_fallback","false","2026-08-01T23:37:28.717824+00:00","2026-08-01T23:37:28.717824+00:00","employment-tools أدوات الرواتب والموظفين Employment Tools","false",""
"32e4de28-624a-47e5-b16d-bfcb95cafd8c","kilometer-hour-to-mile-hour","محول كم/س إلى ميل/س","Kilometers per Hour to Miles per Hour","حوّل السرعة كم/س إلى الوحدة المطلوبة.","92461e19-edaf-42ba-9f11-1eeefb5e6ef0","formula","true",,"primary_with_fallback","false","2026-08-01T23:37:28.717824+00:00","2026-08-01T23:37:28.717824+00:00","converter-tools أدوات التحويل Converter Tools","false",""
"d58b45d7-677d-425a-b7eb-94f94173d7e7","vacation-pay-estimate","حاسبة بدل الإجازة","Vacation Pay Estimate","قدّر قيمة أيام الإجازة من الراتب الشهري وعدد الأيام.","188be102-28fb-40f7-8df8-21f9f313a2e7","formula","true",,"primary_with_fallback","false","2026-08-01T23:37:28.717824+00:00","2026-08-01T23:37:28.717824+00:00","employment-tools أدوات الرواتب والموظفين Employment Tools","false",""
"c1dc6ee3-d66d-4c1b-9458-e4bbe708f012","bonus-amount-calculator","حاسبة مبلغ المكافأة","Bonus Amount Calculator","احسب مبلغ المكافأة كنسبة من الراتب.","188be102-28fb-40f7-8df8-21f9f313a2e7","formula","true",,"primary_with_fallback","false","2026-08-01T23:37:28.717824+00:00","2026-08-01T23:37:28.717824+00:00","employment-tools أدوات الرواتب والموظفين Employment Tools","false",""
"c8bc217d-91d4-4c8f-a754-f86bf6a6091a","commission-plus-salary","حاسبة الراتب مع العمولة","Salary plus Commission Calculator","احسب الدخل الشهري من الراتب الأساسي وعمولة المبيعات.","188be102-28fb-40f7-8df8-21f9f313a2e7","formula","true",,"primary_with_fallback","false","2026-08-01T23:37:28.717824+00:00","2026-08-01T23:37:28.717824+00:00","employment-tools أدوات الرواتب والموظفين Employment Tools","false",""
"92eb946a-56e6-4484-a61e-3eaae9eecb11","unpaid-leave-deduction","حاسبة خصم الإجازة بدون راتب","Unpaid Leave Deduction","احسب قيمة الخصم مقابل أيام الإجازة بدون راتب.","188be102-28fb-40f7-8df8-21f9f313a2e7","formula","true",,"primary_with_fallback","false","2026-08-01T23:37:28.717824+00:00","2026-08-01T23:37:28.717824+00:00","employment-tools أدوات الرواتب والموظفين Employment Tools","false",""
"defbacfb-5ee4-4f31-85ae-9c4377d25bf5","shift-premium-pay","حاسبة بدل الوردية","Shift Premium Pay","احسب بدل الوردية من الأجر بالساعة والساعات ونسبة البدل.","188be102-28fb-40f7-8df8-21f9f313a2e7","formula","true",,"primary_with_fallback","false","2026-08-01T23:37:28.717824+00:00","2026-08-01T23:37:28.717824+00:00","employment-tools أدوات الرواتب والموظفين Employment Tools","false",""
"a2e694fd-0841-481a-b50a-86c54d6b393c","customer-lifetime-value-simple","حاسبة القيمة العمرية للعميل","Customer Lifetime Value Calculator","قدّر القيمة العمرية للعميل من متوسط الطلب وعدد الطلبات والمدة.","d67864df-db22-47f6-9e81-939b6258a695","formula","true",,"primary_with_fallback","false","2026-08-01T23:37:28.717824+00:00","2026-08-01T23:37:28.717824+00:00","marketing-tools أدوات التسويق Marketing Tools","false",""
"1518891f-92e9-40f4-97ee-65fcaf6048ec","lead-to-sale-rate","حاسبة تحويل العملاء المحتملين إلى مبيعات","Lead to Sale Rate","احسب نسبة العملاء المحتملين الذين تحولوا إلى مبيعات.","d67864df-db22-47f6-9e81-939b6258a695","formula","true",,"primary_with_fallback","false","2026-08-01T23:37:28.717824+00:00","2026-08-01T23:37:28.717824+00:00","marketing-tools أدوات التسويق Marketing Tools","false",""
"6b141d01-dfbe-4383-a579-fd463ab07eb0","marketing-efficiency-ratio","حاسبة كفاءة الإنفاق التسويقي","Marketing Efficiency Ratio","احسب نسبة الإيراد إلى الإنفاق التسويقي.","d67864df-db22-47f6-9e81-939b6258a695","formula","true",,"primary_with_fallback","false","2026-08-01T23:37:28.717824+00:00","2026-08-01T23:37:28.717824+00:00","marketing-tools أدوات التسويق Marketing Tools","false",""
"47f800ad-eae4-47ef-abaa-10870ae99148","ad-frequency-calculator","حاسبة تكرار الإعلان","Ad Frequency Calculator","احسب متوسط عدد مرات ظهور الإعلان لكل مستخدم.","d67864df-db22-47f6-9e81-939b6258a695","formula","true",,"primary_with_fallback","false","2026-08-01T23:37:28.717824+00:00","2026-08-01T23:37:28.717824+00:00","marketing-tools أدوات التسويق Marketing Tools","false",""
"e3b42d04-5e11-4457-addb-5220348f5943","landing-page-bounce-rate","حاسبة معدل ارتداد صفحة الهبوط","Landing Page Bounce Rate","احسب نسبة الجلسات التي غادرت دون تفاعل.","d67864df-db22-47f6-9e81-939b6258a695","formula","true",,"primary_with_fallback","false","2026-08-01T23:37:28.717824+00:00","2026-08-01T23:37:28.717824+00:00","marketing-tools أدوات التسويق Marketing Tools","false",""
"e14ac1bd-a500-4fad-a5a5-31aae168ec71","email-click-to-open-rate","حاسبة معدل النقر إلى الفتح","Email Click-to-Open Rate","احسب نسبة النقرات إلى عدد الرسائل المفتوحة.","d67864df-db22-47f6-9e81-939b6258a695","formula","true",,"primary_with_fallback","false","2026-08-01T23:37:28.717824+00:00","2026-08-01T23:37:28.717824+00:00","marketing-tools أدوات التسويق Marketing Tools","false",""
"6788b613-db9e-436a-8844-2cc3d338557f","unsubscribe-rate-calculator","حاسبة معدل إلغاء الاشتراك","Unsubscribe Rate Calculator","احسب نسبة إلغاء الاشتراك من الرسائل المستلمة.","d67864df-db22-47f6-9e81-939b6258a695","formula","true",,"primary_with_fallback","false","2026-08-01T23:37:28.717824+00:00","2026-08-01T23:37:28.717824+00:00","marketing-tools أدوات التسويق Marketing Tools","false",""
"cf56b585-6a2d-4693-8b5c-121068c7ba4f","repeat-purchase-rate","حاسبة معدل الشراء المتكرر","Repeat Purchase Rate","احسب نسبة العملاء الذين اشتروا أكثر من مرة.","d67864df-db22-47f6-9e81-939b6258a695","formula","true",,"primary_with_fallback","false","2026-08-01T23:37:28.717824+00:00","2026-08-01T23:37:28.717824+00:00","marketing-tools أدوات التسويق Marketing Tools","false",""
"31cd40c2-810a-484d-b38c-26582f9b39b3","personal-savings-rate","حاسبة معدل الادخار الشخصي","Personal Savings Rate","احسب نسبة الادخار من صافي الدخل.","d17d9f2e-69f7-4509-be0d-18a6f5409a37","formula","true",,"primary_with_fallback","false","2026-08-01T23:37:28.717824+00:00","2026-08-01T23:37:28.717824+00:00","finance-tools أدوات المال Finance Tools","false",""
"c6aec2a0-461e-46de-bc6d-9b12aa78823c","debt-service-ratio","حاسبة نسبة خدمة الدين","Debt Service Ratio","احسب نسبة أقساط الديون إلى الدخل الشهري.","d17d9f2e-69f7-4509-be0d-18a6f5409a37","formula","true",,"primary_with_fallback","false","2026-08-01T23:37:28.717824+00:00","2026-08-01T23:37:28.717824+00:00","finance-tools أدوات المال Finance Tools","false",""
"9bdae05e-09ea-4512-afd4-5ce1ee9d25d8","emergency-fund-months","حاسبة مدة صندوق الطوارئ","Emergency Fund Months","احسب عدد الأشهر التي يغطيها صندوق الطوارئ.","d17d9f2e-69f7-4509-be0d-18a6f5409a37","formula","true",,"primary_with_fallback","false","2026-08-01T23:37:28.717824+00:00","2026-08-01T23:37:28.717824+00:00","finance-tools أدوات المال Finance Tools","false",""
"26295617-27df-4e3d-8532-57618ea0d80f","rule-of-72-calculator","حاسبة قاعدة 72","Rule of 72 Calculator","قدّر عدد السنوات اللازمة لمضاعفة الاستثمار باستخدام قاعدة 72.","d17d9f2e-69f7-4509-be0d-18a6f5409a37","formula","true",,"primary_with_fallback","false","2026-08-01T23:37:28.717824+00:00","2026-08-01T23:37:28.717824+00:00","finance-tools أدوات المال Finance Tools","false",""
"667f8434-64cd-46b6-a4d7-cbc8b76b0f51","monthly-budget-surplus","حاسبة فائض الميزانية الشهرية","Monthly Budget Surplus","احسب الفائض أو العجز بعد طرح المصروفات من الدخل.","d17d9f2e-69f7-4509-be0d-18a6f5409a37","formula","true",,"primary_with_fallback","false","2026-08-01T23:37:28.717824+00:00","2026-08-01T23:37:28.717824+00:00","finance-tools أدوات المال Finance Tools","false",""
"05a7f4b4-8574-4923-b4c1-b315a248de0c","annual-expense-projection","حاسبة المصروفات السنوية","Annual Expense Projection","قدّر المصروفات السنوية من المتوسط الشهري.","d17d9f2e-69f7-4509-be0d-18a6f5409a37","formula","true",,"primary_with_fallback","false","2026-08-01T23:37:28.717824+00:00","2026-08-01T23:37:28.717824+00:00","finance-tools أدوات المال Finance Tools","false",""
"939db257-a342-4717-8e9d-9e76da28006e","sinking-fund-contribution","حاسبة مساهمة الهدف الادخاري","Sinking Fund Contribution","احسب المبلغ الشهري المطلوب للوصول إلى هدف خلال مدة محددة.","d17d9f2e-69f7-4509-be0d-18a6f5409a37","formula","true",,"primary_with_fallback","false","2026-08-01T23:37:28.717824+00:00","2026-08-01T23:37:28.717824+00:00","finance-tools أدوات المال Finance Tools","false",""
"ac10a406-cfa2-44a5-8ebf-86460af1815c","cash-runway-calculator","حاسبة مدة السيولة","Cash Runway Calculator","احسب عدد الأشهر التي يغطيها الرصيد النقدي بمعدل الصرف الحالي.","d17d9f2e-69f7-4509-be0d-18a6f5409a37","formula","true",,"primary_with_fallback","false","2026-08-01T23:37:28.717824+00:00","2026-08-01T23:37:28.717824+00:00","finance-tools أدوات المال Finance Tools","false",""
"db3bf5da-b48b-468b-879f-ac8a4b61f781","productivity-rate-calculator","حاسبة معدل الإنتاجية","Productivity Rate Calculator","احسب عدد الوحدات المنجزة لكل ساعة.","17ad1001-9023-4ad8-b246-ae26aa22da0e","formula","true",,"primary_with_fallback","false","2026-08-01T23:37:28.717824+00:00","2026-08-01T23:37:28.717824+00:00","general-tools أدوات عامة General Tools","false",""
"858660c9-d05e-4aa7-9529-30ff5e7b7f11","task-completion-rate","حاسبة نسبة إنجاز المهام","Task Completion Rate","احسب نسبة المهام المكتملة من إجمالي المهام.","17ad1001-9023-4ad8-b246-ae26aa22da0e","formula","true",,"primary_with_fallback","false","2026-08-01T23:37:28.717824+00:00","2026-08-01T23:37:28.717824+00:00","general-tools أدوات عامة General Tools","false",""
"c00c9468-4f18-4f3a-836a-e29e104596b1","fuel-efficiency-calculator","حاسبة كفاءة استهلاك الوقود","Fuel Efficiency Calculator","احسب المسافة المقطوعة لكل لتر وقود.","17ad1001-9023-4ad8-b246-ae26aa22da0e","formula","true",,"primary_with_fallback","false","2026-08-01T23:37:28.717824+00:00","2026-08-01T23:37:28.717824+00:00","general-tools أدوات عامة General Tools","false",""
"aca1c2c2-e270-4a0a-be95-bf95372e2fd9","electricity-usage-cost","حاسبة تكلفة استهلاك الكهرباء","Electricity Usage Cost","احسب تكلفة جهاز من القدرة وساعات التشغيل وسعر الكيلوواط.","17ad1001-9023-4ad8-b246-ae26aa22da0e","formula","true",,"primary_with_fallback","false","2026-08-01T23:37:28.717824+00:00","2026-08-01T23:37:28.717824+00:00","general-tools أدوات عامة General Tools","false",""
"811b088e-305e-4d3d-bad5-bc266131939d","water-consumption-cost","حاسبة تكلفة استهلاك المياه","Water Consumption Cost","احسب تكلفة استهلاك المياه من الحجم وسعر الوحدة.","17ad1001-9023-4ad8-b246-ae26aa22da0e","formula","true",,"primary_with_fallback","false","2026-08-01T23:37:28.717824+00:00","2026-08-01T23:37:28.717824+00:00","general-tools أدوات عامة General Tools","false",""
"6daa5c92-c900-4e14-85c3-88e627e2a4e2","unit-price-comparison","حاسبة سعر الوحدة","Unit Price Calculator","احسب سعر الوحدة لمقارنة العبوات أو العروض.","17ad1001-9023-4ad8-b246-ae26aa22da0e","formula","true",,"primary_with_fallback","false","2026-08-01T23:37:28.717824+00:00","2026-08-01T23:37:28.717824+00:00","general-tools أدوات عامة General Tools","false",""
"bcf42eb8-1576-409e-98b8-eaf8b3db738a","shared-expense-split","حاسبة تقسيم المصروف المشترك","Shared Expense Split","قسّم مبلغًا مشتركًا بالتساوي على عدد الأشخاص.","17ad1001-9023-4ad8-b246-ae26aa22da0e","formula","true",,"primary_with_fallback","false","2026-08-01T23:37:28.717824+00:00","2026-08-01T23:37:28.717824+00:00","general-tools أدوات عامة General Tools","false",""
"706dd9a1-1523-44c3-8942-df72e4490c46","millimeter-to-inch-converter","محول المليمتر إلى بوصة","Millimeter to Inch Converter","حوّل المليمتر إلى الوحدة المطلوبة.","92461e19-edaf-42ba-9f11-1eeefb5e6ef0","formula","true",,"primary_with_fallback","false","2026-08-01T23:37:28.717824+00:00","2026-08-01T23:37:28.717824+00:00","converter-tools أدوات التحويل Converter Tools","false",""
"935b44e7-2a7c-4d07-a00d-1b2aace209a7","inch-to-millimeter-converter","محول البوصة إلى مليمتر","Inch to Millimeter Converter","حوّل البوصة إلى الوحدة المطلوبة.","92461e19-edaf-42ba-9f11-1eeefb5e6ef0","formula","true",,"primary_with_fallback","false","2026-08-01T23:37:28.717824+00:00","2026-08-01T23:37:28.717824+00:00","converter-tools أدوات التحويل Converter Tools","false",""
"d9a6435f-0047-46e9-bdfa-a3765bad4632","liter-to-us-gallon-converter","محول اللتر إلى جالون أمريكي","Liter to US Gallon Converter","حوّل اللتر إلى الوحدة المطلوبة.","92461e19-edaf-42ba-9f11-1eeefb5e6ef0","formula","true",,"primary_with_fallback","false","2026-08-01T23:37:28.717824+00:00","2026-08-01T23:37:28.717824+00:00","converter-tools أدوات التحويل Converter Tools","false",""
"c0c4eb83-1d87-4f0f-89de-1d41b139c899","us-gallon-to-liter-converter","محول الجالون الأمريكي إلى لتر","US Gallon to Liter Converter","حوّل الجالون الأمريكي إلى الوحدة المطلوبة.","92461e19-edaf-42ba-9f11-1eeefb5e6ef0","formula","true",,"primary_with_fallback","false","2026-08-01T23:37:28.717824+00:00","2026-08-01T23:37:28.717824+00:00","converter-tools أدوات التحويل Converter Tools","false",""
"1b3c2468-ff82-4f0d-9428-f37f052cf9c7","square-meter-to-square-foot","محول المتر المربع إلى قدم مربع","Square Meter to Square Foot","حوّل المتر المربع إلى الوحدة المطلوبة.","92461e19-edaf-42ba-9f11-1eeefb5e6ef0","formula","true",,"primary_with_fallback","false","2026-08-01T23:37:28.717824+00:00","2026-08-01T23:37:28.717824+00:00","converter-tools أدوات التحويل Converter Tools","false",""
"8efeb675-ee57-40df-a97f-427322c1643b","mile-hour-to-kilometer-hour","محول ميل/س إلى كم/س","Miles per Hour to Kilometers per Hour","حوّل السرعة ميل/س إلى الوحدة المطلوبة.","92461e19-edaf-42ba-9f11-1eeefb5e6ef0","formula","true",,"primary_with_fallback","false","2026-08-01T23:37:28.717824+00:00","2026-08-01T23:37:28.717824+00:00","converter-tools أدوات التحويل Converter Tools","false",""
"503bde2d-0e8c-4127-84b8-1b1b24921290","annual-rent-monthly-equivalent","محول الإيجار السنوي إلى شهري","Annual Rent Monthly Equivalent","حوّل قيمة الإيجار السنوي إلى متوسط شهري.","ddad5e89-3a01-45b2-9c05-b4bd25d478a0","formula","true",,"primary_with_fallback","false","2026-08-01T23:37:28.717824+00:00","2026-08-01T23:37:28.717824+00:00","saudi-tools أدوات السعودية Saudi Tools","false",""
"0c91bf20-0502-4775-a979-00d72deeb328","gosi-employee-deduction-estimate","حاسبة خصم التأمينات للموظف","Employee GOSI Deduction Estimate","قدّر خصم التأمينات من الأجر الخاضع للاشتراك ونسبة الخصم.","ddad5e89-3a01-45b2-9c05-b4bd25d478a0","formula","true",,"primary_with_fallback","false","2026-08-01T23:37:28.717824+00:00","2026-08-01T23:37:28.717824+00:00","saudi-tools أدوات السعودية Saudi Tools","false",""
"1ee89c84-5dea-4e46-b643-3e9e362cc28f","salary-after-gosi-estimate","حاسبة الراتب بعد التأمينات","Salary after GOSI Estimate","قدّر الراتب بعد خصم نسبة التأمينات من الأجر الخاضع.","ddad5e89-3a01-45b2-9c05-b4bd25d478a0","formula","true",,"primary_with_fallback","false","2026-08-01T23:37:28.717824+00:00","2026-08-01T23:37:28.717824+00:00","saudi-tools أدوات السعودية Saudi Tools","false",""
"0e4eb4d4-121a-427d-9fbb-78985a5785d0","end-of-service-first-five-years","حاسبة نهاية الخدمة لأول خمس سنوات","End-of-Service First Five Years","قدّر مكافأة نهاية الخدمة لأول خمس سنوات على أساس نصف راتب لكل سنة.","ddad5e89-3a01-45b2-9c05-b4bd25d478a0","formula","true",,"primary_with_fallback","false","2026-08-01T23:37:28.717824+00:00","2026-08-01T23:37:28.717824+00:00","saudi-tools أدوات السعودية Saudi Tools","false",""
"60c706ed-032f-433d-aa28-b55980dd7ee2","end-of-service-over-five-years","حاسبة نهاية الخدمة بعد خمس سنوات","End-of-Service over Five Years","قدّر مكافأة نهاية الخدمة لمن تجاوزت خدمته خمس سنوات.","ddad5e89-3a01-45b2-9c05-b4bd25d478a0","formula","true",,"primary_with_fallback","false","2026-08-01T23:37:28.717824+00:00","2026-08-01T23:37:28.717824+00:00","saudi-tools أدوات السعودية Saudi Tools","false",""
"a02bf474-9e11-4923-a43a-f0a7e9c98b06","housing-allowance-estimate","حاسبة بدل السكن","Housing Allowance Estimate","احسب بدل السكن كنسبة من الراتب الأساسي.","ddad5e89-3a01-45b2-9c05-b4bd25d478a0","formula","true",,"primary_with_fallback","false","2026-08-01T23:37:28.717824+00:00","2026-08-01T23:37:28.717824+00:00","saudi-tools أدوات السعودية Saudi Tools","false",""
"c46d7646-dc52-41ff-ae92-874303b19125","thirty-day-daily-wage","حاسبة الأجر اليومي على أساس 30 يومًا","30-Day Daily Wage Calculator","احسب الأجر اليومي بقسمة الراتب الشهري على 30 يومًا.","ddad5e89-3a01-45b2-9c05-b4bd25d478a0","formula","true",,"primary_with_fallback","false","2026-08-01T23:37:28.717824+00:00","2026-08-01T23:37:28.717824+00:00","saudi-tools أدوات السعودية Saudi Tools","false",""
"41d340a5-59e7-4b35-9ff3-75a7c1dff9af","zakat-base-estimate","حاسبة تقديرية للزكاة 2.5%","2.5% Zakat Estimate","احسب تقديرًا بسيطًا بنسبة 2.5% من الوعاء المدخل.","ddad5e89-3a01-45b2-9c05-b4bd25d478a0","formula","true",,"primary_with_fallback","false","2026-08-01T23:37:28.717824+00:00","2026-08-01T23:37:28.717824+00:00","saudi-tools أدوات السعودية Saudi Tools","false",""
"b2b9000c-3d40-4cb0-b086-1969f2746b9c","trip-fuel-cost-calculator","حاسبة وقود الرحلة","Trip Fuel Cost Calculator","احسب تكلفة الوقود من المسافة وكفاءة المركبة والسعر.","821656c2-bf1e-48fe-8f7d-1f64a9dd793a","formula","true",,"primary_with_fallback","false","2026-08-01T23:37:28.717824+00:00","2026-08-01T23:37:31.569745+00:00","travel-tools أدوات السفر Travel Tools","false",""
"6bce74ea-1af7-4494-a569-95e6ee26c1ca","hotel-stay-total-calculator","حاسبة تكلفة الفندق","Hotel Stay Total Calculator","احسب تكلفة الإقامة من عدد الليالي وسعر الليلة.","821656c2-bf1e-48fe-8f7d-1f64a9dd793a","formula","true",,"primary_with_fallback","false","2026-08-01T23:37:31.569745+00:00","2026-08-01T23:37:31.569745+00:00","travel-tools أدوات السفر Travel Tools","false",""
"6c730530-6fd2-4096-a0e0-87111018902b","focus-ratio-calculator","حاسبة نسبة التركيز","Focus Ratio Calculator","احسب نسبة وقت التركيز من الوقت المتاح.","cacb94ba-2bbd-4cea-a7ce-cdb6c9190ca7","formula","true",,"primary_with_fallback","false","2026-08-01T23:37:31.569745+00:00","2026-08-01T23:37:31.569745+00:00","productivity-tools أدوات الإنتاجية Productivity Tools","false",""
"a460c42d-7b51-4cf7-b8c6-011bfe220aaa","travel-currency-budget-calculator","حاسبة تحويل ميزانية السفر","Travel Currency Budget Calculator","حوّل ميزانية السفر باستخدام سعر صرف تدخله.","821656c2-bf1e-48fe-8f7d-1f64a9dd793a","formula","true",,"primary_with_fallback","false","2026-08-01T23:37:31.569745+00:00","2026-08-01T23:37:31.569745+00:00","travel-tools أدوات السفر Travel Tools","false",""
"e7131f49-1102-46eb-b681-31f21108a2c0","baggage-overweight-fee-calculator","حاسبة رسوم الوزن الزائد","Baggage Overweight Fee Calculator","احسب رسوم الأمتعة الزائدة حسب الكيلوجرام.","821656c2-bf1e-48fe-8f7d-1f64a9dd793a","formula","true",,"primary_with_fallback","false","2026-08-01T23:37:31.569745+00:00","2026-08-01T23:37:31.569745+00:00","travel-tools أدوات السفر Travel Tools","false",""
"74e99448-a331-4b34-a5ce-0653176763de","travel-time-calculator","حاسبة زمن الرحلة","Travel Time Calculator","قدّر زمن الرحلة من المسافة والسرعة المتوسطة.","821656c2-bf1e-48fe-8f7d-1f64a9dd793a","formula","true",,"primary_with_fallback","false","2026-08-01T23:37:31.569745+00:00","2026-08-01T23:37:31.569745+00:00","travel-tools أدوات السفر Travel Tools","false",""
"6314223d-17e3-4f70-b5f5-400f8b0a4998","itinerary-hours-per-day-calculator","حاسبة ساعات البرنامج اليومية","Itinerary Hours per Day Calculator","وزّع ساعات الأنشطة على أيام الرحلة.","821656c2-bf1e-48fe-8f7d-1f64a9dd793a","formula","true",,"primary_with_fallback","false","2026-08-01T23:37:31.569745+00:00","2026-08-01T23:37:31.569745+00:00","travel-tools أدوات السفر Travel Tools","false",""
"aa362b6e-0603-43ea-89cd-6da5c0f4108f","group-trip-share-calculator","حاسبة حصة الفرد في الرحلة","Group Trip Share Calculator","قسّم تكلفة الرحلة بالتساوي على عدد المسافرين.","821656c2-bf1e-48fe-8f7d-1f64a9dd793a","formula","true",,"primary_with_fallback","false","2026-08-01T23:37:31.569745+00:00","2026-08-01T23:37:31.569745+00:00","travel-tools أدوات السفر Travel Tools","false",""
"98e18243-4218-47db-9ccb-1208cfdb593d","energy-efficiency-improvement-calculator","حاسبة تحسن كفاءة الطاقة","Energy Efficiency Improvement Calculator","احسب انخفاض استهلاك الطاقة كنسبة مئوية.","5ed10f25-38c4-4d6b-800e-006b28680760","formula","true",,"primary_with_fallback","false","2026-08-01T23:37:31.569745+00:00","2026-08-01T23:37:31.569745+00:00","sustainability-tools أدوات الاستدامة Sustainability Tools","false",""
"27ae11ba-76da-4957-a365-081d06f5bb26","average-order-value-calculator","حاسبة متوسط قيمة الطلب","Average Order Value Calculator","احسب متوسط قيمة الطلب من الإيرادات وعدد الطلبات.","584a99ad-07e7-46a3-9955-68836f11940d","formula","true",,"primary_with_fallback","false","2026-08-01T23:37:31.569745+00:00","2026-08-01T23:37:31.569745+00:00","ecommerce-tools أدوات التجارة الإلكترونية E-commerce Tools","false",""
"2072ccf5-e41a-4e6b-b0f3-3c1dcd5aa54f","cart-abandonment-rate-calculator","حاسبة معدل ترك السلة","Cart Abandonment Rate Calculator","احسب نسبة السلات التي لم تتحول إلى طلبات.","584a99ad-07e7-46a3-9955-68836f11940d","formula","true",,"primary_with_fallback","false","2026-08-01T23:37:31.569745+00:00","2026-08-01T23:37:31.569745+00:00","ecommerce-tools أدوات التجارة الإلكترونية E-commerce Tools","false",""
"4e0039f5-7f2e-4fbc-bc15-b9918b5d5675","ecommerce-conversion-rate-calculator","حاسبة تحويل المتجر","E-commerce Conversion Rate Calculator","احسب نسبة الزوار الذين أتموا طلبًا.","584a99ad-07e7-46a3-9955-68836f11940d","formula","true",,"primary_with_fallback","false","2026-08-01T23:37:31.569745+00:00","2026-08-01T23:37:31.569745+00:00","ecommerce-tools أدوات التجارة الإلكترونية E-commerce Tools","false",""
"d9f94844-ecf9-42aa-b154-cb92ab66b8dc","customer-lifetime-value-basic-calculator","حاسبة قيمة العميل مدى الحياة","Basic Customer Lifetime Value Calculator","قدّر قيمة العميل من متوسط الطلب والتكرار ومدة العلاقة.","584a99ad-07e7-46a3-9955-68836f11940d","formula","true",,"primary_with_fallback","false","2026-08-01T23:37:31.569745+00:00","2026-08-01T23:37:31.569745+00:00","ecommerce-tools أدوات التجارة الإلكترونية E-commerce Tools","false",""
"651c6aaf-fdf0-4775-b98e-b8a6304bfa26","commute-carbon-emissions-calculator","حاسبة انبعاثات التنقل","Commute Carbon Emissions Calculator","قدّر انبعاثات التنقل من المسافة والأيام والمعامل.","5ed10f25-38c4-4d6b-800e-006b28680760","formula","true",,"primary_with_fallback","false","2026-08-01T23:37:31.569745+00:00","2026-08-01T23:37:31.569745+00:00","sustainability-tools أدوات الاستدامة Sustainability Tools","false",""
"a23a4c56-a9ba-4967-bde1-e215958533a2","appliance-annual-energy-cost-calculator","حاسبة تكلفة تشغيل الجهاز سنويًا","Annual Appliance Energy Cost Calculator","قدّر تكلفة تشغيل جهاز كهربائي سنويًا.","5ed10f25-38c4-4d6b-800e-006b28680760","formula","true",,"primary_with_fallback","false","2026-08-01T23:37:31.569745+00:00","2026-08-01T23:37:31.569745+00:00","sustainability-tools أدوات الاستدامة Sustainability Tools","false",""
"3e34f101-ca9f-48f4-aebb-ed19f664779f","tree-offset-calculator","حاسبة الأشجار اللازمة للتعويض","Tree Offset Calculator","قدّر عدد الأشجار اللازمة لتعويض كمية انبعاثات.","5ed10f25-38c4-4d6b-800e-006b28680760","formula","true",,"primary_with_fallback","false","2026-08-01T23:37:31.569745+00:00","2026-08-01T23:37:31.569745+00:00","sustainability-tools أدوات الاستدامة Sustainability Tools","false",""
"a855c950-79b2-4e61-bc34-8aad4638a0fd","paper-reams-saved-calculator","حاسبة رزم الورق الموفرة","Paper Reams Saved Calculator","قدّر عدد رزم الورق التي تم توفيرها رقميًا.","5ed10f25-38c4-4d6b-800e-006b28680760","formula","true",,"primary_with_fallback","false","2026-08-01T23:37:31.569745+00:00","2026-08-01T23:37:31.569745+00:00","sustainability-tools أدوات الاستدامة Sustainability Tools","false",""
"61c4c1a4-25b7-412b-9b67-63962de352a9","recycling-rate-calculator","حاسبة معدل إعادة التدوير","Recycling Rate Calculator","احسب نسبة النفايات المعاد تدويرها.","5ed10f25-38c4-4d6b-800e-006b28680760","formula","true",,"primary_with_fallback","false","2026-08-01T23:37:31.569745+00:00","2026-08-01T23:37:31.569745+00:00","sustainability-tools أدوات الاستدامة Sustainability Tools","false",""
"97e5e606-9363-4c1a-bc00-589be0ebacf0","water-savings-calculator","حاسبة توفير المياه","Water Savings Calculator","احسب إجمالي المياه الموفرة خلال مدة.","5ed10f25-38c4-4d6b-800e-006b28680760","formula","true",,"primary_with_fallback","false","2026-08-01T23:37:31.569745+00:00","2026-08-01T23:37:31.569745+00:00","sustainability-tools أدوات الاستدامة Sustainability Tools","false",""
"c2f68870-1c21-4508-9482-db4e01b2870b","solar-energy-savings-calculator","حاسبة توفير الطاقة الشمسية","Solar Energy Savings Calculator","احسب قيمة الكهرباء التي وفرتها الطاقة الشمسية.","5ed10f25-38c4-4d6b-800e-006b28680760","formula","true",,"primary_with_fallback","false","2026-08-01T23:37:31.569745+00:00","2026-08-01T23:37:31.569745+00:00","sustainability-tools أدوات الاستدامة Sustainability Tools","false",""
"cf5bda31-a5cd-4898-8bdf-55f15c4b6916","fuel-carbon-emissions-calculator","حاسبة انبعاثات الوقود","Fuel Carbon Emissions Calculator","قدّر انبعاثات الوقود من عدد اللترات والمعامل.","5ed10f25-38c4-4d6b-800e-006b28680760","formula","true",,"primary_with_fallback","false","2026-08-01T23:37:31.569745+00:00","2026-08-01T23:37:31.569745+00:00","sustainability-tools أدوات الاستدامة Sustainability Tools","false",""
"0df856eb-d54e-4831-b2fe-096b09fb969c","electricity-carbon-emissions-calculator","حاسبة انبعاثات الكهرباء","Electricity Carbon Emissions Calculator","قدّر الانبعاثات من استهلاك الكهرباء ومعامل الانبعاث.","5ed10f25-38c4-4d6b-800e-006b28680760","formula","true",,"primary_with_fallback","false","2026-08-01T23:37:31.569745+00:00","2026-08-01T23:37:31.569745+00:00","sustainability-tools أدوات الاستدامة Sustainability Tools","false",""
"2125010f-6b86-4c32-aa4f-1954b2efe653","freelancer-project-capacity-calculator","حاسبة طاقة المشاريع","Freelancer Project Capacity Calculator","قدّر عدد المشاريع الممكن تنفيذها ضمن الساعات المتاحة.","d1bc9ea5-461f-43e1-bc72-16360bf60c81","formula","true",,"primary_with_fallback","false","2026-08-01T23:37:31.569745+00:00","2026-08-01T23:37:31.569745+00:00","freelancer-tools أدوات المستقلين Freelancer Tools","false",""
"e8d85ee9-5a6f-45ee-97d9-aa439d61fda5","late-payment-fee-calculator","حاسبة غرامة تأخر السداد","Late Payment Fee Calculator","احسب غرامة التأخير حسب النسبة وعدد الأيام.","d1bc9ea5-461f-43e1-bc72-16360bf60c81","formula","true",,"primary_with_fallback","false","2026-08-01T23:37:31.569745+00:00","2026-08-01T23:37:31.569745+00:00","freelancer-tools أدوات المستقلين Freelancer Tools","false",""
"e70c4a18-856d-46f4-ad12-95d49931d4f2","retainer-contract-value-calculator","حاسبة قيمة عقد الاشتراك","Retainer Contract Value Calculator","احسب القيمة الكلية لعقد شهري ممتد.","d1bc9ea5-461f-43e1-bc72-16360bf60c81","formula","true",,"primary_with_fallback","false","2026-08-01T23:37:31.569745+00:00","2026-08-01T23:37:31.569745+00:00","freelancer-tools أدوات المستقلين Freelancer Tools","false",""
"fe14c220-7f0f-4fff-a709-653b56a9fc82","effective-hourly-rate-calculator","حاسبة سعر الساعة الفعلي","Effective Hourly Rate Calculator","احسب الدخل الفعلي لكل ساعة عمل.","d1bc9ea5-461f-43e1-bc72-16360bf60c81","formula","true",,"primary_with_fallback","false","2026-08-01T23:37:31.569745+00:00","2026-08-01T23:37:31.569745+00:00","freelancer-tools أدوات المستقلين Freelancer Tools","false",""
"3d887505-6467-4ec0-9046-749023b35882","proposal-win-rate-calculator","حاسبة نجاح العروض","Proposal Win Rate Calculator","احسب نسبة العروض التي تحولت إلى مشاريع.","d1bc9ea5-461f-43e1-bc72-16360bf60c81","formula","true",,"primary_with_fallback","false","2026-08-01T23:37:31.569745+00:00","2026-08-01T23:37:31.569745+00:00","freelancer-tools أدوات المستقلين Freelancer Tools","false",""
"4440c94a-f23c-4f4c-8019-3a462a98889d","net-freelance-income-calculator","حاسبة صافي دخل المستقل","Net Freelance Income Calculator","احسب صافي الدخل بعد المصروفات والمخصصات.","d1bc9ea5-461f-43e1-bc72-16360bf60c81","formula","true",,"primary_with_fallback","false","2026-08-01T23:37:31.569745+00:00","2026-08-01T23:37:31.569745+00:00","freelancer-tools أدوات المستقلين Freelancer Tools","false",""
"1ea8c59c-abb1-4096-a39d-d08b05a302cd","freelance-platform-fee-calculator","حاسبة رسوم منصة العمل الحر","Freelance Platform Fee Calculator","احسب رسوم المنصة من قيمة المشروع.","d1bc9ea5-461f-43e1-bc72-16360bf60c81","formula","true",,"primary_with_fallback","false","2026-08-01T23:37:31.569745+00:00","2026-08-01T23:37:31.569745+00:00","freelancer-tools أدوات المستقلين Freelancer Tools","false",""
"840331ef-17a5-400e-b084-b54039e63a04","freelancer-tax-reserve-calculator","حاسبة مخصص الضريبة للمستقل","Freelancer Tax Reserve Calculator","احسب المبلغ المقترح تخصيصه للضريبة.","d1bc9ea5-461f-43e1-bc72-16360bf60c81","formula","true",,"primary_with_fallback","false","2026-08-01T23:37:31.569745+00:00","2026-08-01T23:37:31.569745+00:00","freelancer-tools أدوات المستقلين Freelancer Tools","false",""
"9c63066d-e462-4014-9b55-a9769bdc6b56","freelance-project-price-calculator","حاسبة سعر المشروع","Freelance Project Price Calculator","احسب سعر المشروع من الساعات وسعر الساعة.","d1bc9ea5-461f-43e1-bc72-16360bf60c81","formula","true",,"primary_with_fallback","false","2026-08-01T23:37:31.569745+00:00","2026-08-01T23:37:31.569745+00:00","freelancer-tools أدوات المستقلين Freelancer Tools","false",""
"cbd1691e-25c9-4080-a535-93a8cd0c3744","freelancer-hourly-rate-calculator","حاسبة سعر ساعة المستقل","Freelancer Hourly Rate Calculator","احسب سعر الساعة المطلوب للوصول إلى دخل مستهدف.","d1bc9ea5-461f-43e1-bc72-16360bf60c81","formula","true",,"primary_with_fallback","false","2026-08-01T23:37:31.569745+00:00","2026-08-01T23:37:31.569745+00:00","freelancer-tools أدوات المستقلين Freelancer Tools","false",""
"24ad7c63-cc7f-483a-9b03-ee89b5d6bfbd","restaurant-occupancy-rate-calculator","حاسبة إشغال الطاولات","Restaurant Occupancy Rate Calculator","احسب نسبة الطاولات المشغولة.","52c0b53e-f20f-480c-9172-999578ddfb98","formula","true",,"primary_with_fallback","false","2026-08-01T23:37:31.569745+00:00","2026-08-01T23:37:31.569745+00:00","restaurant-tools أدوات المطاعم Restaurant Tools","false",""
"01b5c2ad-0424-42b8-b9ea-2eba2e0fc799","restaurant-break-even-orders-calculator","حاسبة طلبات تعادل المطعم","Restaurant Break-even Orders Calculator","احسب عدد الطلبات اللازمة لتغطية التكاليف الثابتة.","52c0b53e-f20f-480c-9172-999578ddfb98","formula","true",,"primary_with_fallback","false","2026-08-01T23:37:31.569745+00:00","2026-08-01T23:37:31.569745+00:00","restaurant-tools أدوات المطاعم Restaurant Tools","false",""
"9b1ac050-bf05-4656-98ba-e5e71f210d48","food-wastage-rate-calculator","حاسبة نسبة الهدر الغذائي","Food Wastage Rate Calculator","احسب الهدر كنسبة من قيمة المشتريات.","52c0b53e-f20f-480c-9172-999578ddfb98","formula","true",,"primary_with_fallback","false","2026-08-01T23:37:31.569745+00:00","2026-08-01T23:37:31.569745+00:00","restaurant-tools أدوات المطاعم Restaurant Tools","false",""
"96011977-b72b-4eed-b19f-06fe51ea20de","delivery-platform-fee-calculator","حاسبة عمولة منصة التوصيل","Delivery Platform Fee Calculator","احسب عمولة منصة التوصيل من المبيعات.","52c0b53e-f20f-480c-9172-999578ddfb98","formula","true",,"primary_with_fallback","false","2026-08-01T23:37:31.569745+00:00","2026-08-01T23:37:31.569745+00:00","restaurant-tools أدوات المطاعم Restaurant Tools","false",""
"79bf1793-4d2f-45b5-a1ff-f2bbb60fb94e","recipe-cost-per-serving-calculator","حاسبة تكلفة الحصة","Recipe Cost per Serving Calculator","احسب تكلفة الحصة من إجمالي المكونات وعدد الحصص.","52c0b53e-f20f-480c-9172-999578ddfb98","formula","true",,"primary_with_fallback","false","2026-08-01T23:37:31.569745+00:00","2026-08-01T23:37:31.569745+00:00","restaurant-tools أدوات المطاعم Restaurant Tools","false",""
"8fb7abcf-8573-4b56-b853-707d64385bda","restaurant-labor-cost-percentage-calculator","حاسبة نسبة تكلفة العمالة","Restaurant Labor Cost Percentage Calculator","احسب تكلفة العمالة كنسبة من الإيراد.","52c0b53e-f20f-480c-9172-999578ddfb98","formula","true",,"primary_with_fallback","false","2026-08-01T23:37:31.569745+00:00","2026-08-01T23:37:31.569745+00:00","restaurant-tools أدوات المطاعم Restaurant Tools","false",""
"93a93e6d-36af-484f-87c5-7744af521b37","average-check-calculator","حاسبة متوسط الفاتورة","Average Check Calculator","احسب متوسط فاتورة العميل.","52c0b53e-f20f-480c-9172-999578ddfb98","formula","true",,"primary_with_fallback","false","2026-08-01T23:37:31.569745+00:00","2026-08-01T23:37:31.569745+00:00","restaurant-tools أدوات المطاعم Restaurant Tools","false",""
"c9da7d9a-3f68-40b2-9522-c56ad0225198","table-turnover-calculator","حاسبة دوران الطاولات","Table Turnover Calculator","احسب عدد مرات استخدام المقاعد خلال الفترة.","52c0b53e-f20f-480c-9172-999578ddfb98","formula","true",,"primary_with_fallback","false","2026-08-01T23:37:31.569745+00:00","2026-08-01T23:37:31.569745+00:00","restaurant-tools أدوات المطاعم Restaurant Tools","false",""
"c4c7db1b-4c67-4c40-89d7-c4269e3221aa","menu-price-from-food-cost-calculator","حاسبة سعر الطبق المستهدف","Menu Price Calculator","احسب سعر البيع المناسب حسب تكلفة الطعام والنسبة المستهدفة.","52c0b53e-f20f-480c-9172-999578ddfb98","formula","true",,"primary_with_fallback","false","2026-08-01T23:37:31.569745+00:00","2026-08-01T23:37:31.569745+00:00","restaurant-tools أدوات المطاعم Restaurant Tools","false",""
"77819676-870a-49d6-84a6-ea68da044853","food-cost-percentage-calculator","حاسبة نسبة تكلفة الطعام","Food Cost Percentage Calculator","احسب تكلفة الطعام كنسبة من المبيعات.","52c0b53e-f20f-480c-9172-999578ddfb98","formula","true",,"primary_with_fallback","false","2026-08-01T23:37:31.569745+00:00","2026-08-01T23:37:31.569745+00:00","restaurant-tools أدوات المطاعم Restaurant Tools","false",""
"3f617db5-b59c-4c14-9480-012c564ad986","delivery-route-cost-calculator","حاسبة تكلفة مسار التوصيل","Delivery Route Cost Calculator","احسب تكلفة المسار من المسافة والتكلفة لكل كيلومتر.","c473d5c7-08b8-4bad-b12d-ecf7c7334f2e","formula","true",,"primary_with_fallback","false","2026-08-01T23:37:31.569745+00:00","2026-08-01T23:37:31.569745+00:00","logistics-tools أدوات اللوجستيات Logistics Tools","false",""
"a42f001e-9c96-4fbe-bde8-02421127b13b","safety-stock-calculator","حاسبة مخزون الأمان","Safety Stock Calculator","قدّر مخزون الأمان من الطلب ومدد التوريد القصوى والمتوسطة.","c473d5c7-08b8-4bad-b12d-ecf7c7334f2e","formula","true",,"primary_with_fallback","false","2026-08-01T23:37:31.569745+00:00","2026-08-01T23:37:31.569745+00:00","logistics-tools أدوات اللوجستيات Logistics Tools","false",""
"3f63ad12-862c-4884-a14d-475a82db6b5f","reorder-point-calculator","حاسبة نقطة إعادة الطلب","Reorder Point Calculator","احسب نقطة إعادة الطلب من الطلب اليومي ومدة التوريد ومخزون الأمان.","c473d5c7-08b8-4bad-b12d-ecf7c7334f2e","formula","true",,"primary_with_fallback","false","2026-08-01T23:37:31.569745+00:00","2026-08-01T23:37:31.569745+00:00","logistics-tools أدوات اللوجستيات Logistics Tools","false",""
"4a271994-dea1-46cd-a1d2-39536c81d61d","inventory-carrying-cost-calculator","حاسبة تكلفة الاحتفاظ بالمخزون","Inventory Carrying Cost Calculator","احسب تكلفة الاحتفاظ بالمخزون كنسبة سنوية.","c473d5c7-08b8-4bad-b12d-ecf7c7334f2e","formula","true",,"primary_with_fallback","false","2026-08-01T23:37:31.569745+00:00","2026-08-01T23:37:31.569745+00:00","logistics-tools أدوات اللوجستيات Logistics Tools","false",""
"b9d5410b-c254-4e53-8156-59d231021070","on-time-delivery-rate-calculator","حاسبة التوصيل في الموعد","On-time Delivery Rate Calculator","احسب نسبة الطلبات التي وصلت في موعدها.","c473d5c7-08b8-4bad-b12d-ecf7c7334f2e","formula","true",,"primary_with_fallback","false","2026-08-01T23:37:31.569745+00:00","2026-08-01T23:37:31.569745+00:00","logistics-tools أدوات اللوجستيات Logistics Tools","false",""
"0df728cd-5f81-472a-a141-bc91a5e58adf","order-accuracy-rate-calculator","حاسبة دقة الطلبات","Order Accuracy Rate Calculator","احسب نسبة الطلبات الصحيحة دون أخطاء.","c473d5c7-08b8-4bad-b12d-ecf7c7334f2e","formula","true",,"primary_with_fallback","false","2026-08-01T23:37:31.569745+00:00","2026-08-01T23:37:31.569745+00:00","logistics-tools أدوات اللوجستيات Logistics Tools","false",""
"d8ee095d-ed5e-4205-93b7-281b34ddf5ab","warehouse-space-utilization-calculator","حاسبة استغلال المستودع","Warehouse Space Utilization Calculator","احسب نسبة المساحة المستخدمة في المستودع.","c473d5c7-08b8-4bad-b12d-ecf7c7334f2e","formula","true",,"primary_with_fallback","false","2026-08-01T23:37:31.569745+00:00","2026-08-01T23:37:31.569745+00:00","logistics-tools أدوات اللوجستيات Logistics Tools","false",""
"e5cd49e2-6e57-4f08-b98b-acda64d9288b","vehicle-capacity-utilization-calculator","حاسبة استغلال سعة المركبة","Vehicle Capacity Utilization Calculator","احسب نسبة السعة المستخدمة من المركبة.","c473d5c7-08b8-4bad-b12d-ecf7c7334f2e","formula","true",,"primary_with_fallback","false","2026-08-01T23:37:31.569745+00:00","2026-08-01T23:37:31.569745+00:00","logistics-tools أدوات اللوجستيات Logistics Tools","false",""
"3cf4210d-0c70-4a81-bd93-6893daf04683","delivery-cost-per-order-calculator","حاسبة تكلفة التوصيل لكل طلب","Delivery Cost per Order Calculator","احسب متوسط تكلفة التوصيل للطلب.","c473d5c7-08b8-4bad-b12d-ecf7c7334f2e","formula","true",,"primary_with_fallback","false","2026-08-01T23:37:31.569745+00:00","2026-08-01T23:37:31.569745+00:00","logistics-tools أدوات اللوجستيات Logistics Tools","false",""
"7855defa-d032-4797-b550-5e8b0c2a43ba","freight-cost-per-kg-calculator","حاسبة تكلفة الشحن لكل كيلوجرام","Freight Cost per Kilogram Calculator","احسب تكلفة الشحن لكل كيلوجرام.","c473d5c7-08b8-4bad-b12d-ecf7c7334f2e","formula","true",,"primary_with_fallback","false","2026-08-01T23:37:31.569745+00:00","2026-08-01T23:37:31.569745+00:00","logistics-tools أدوات اللوجستيات Logistics Tools","false",""
"638cbcec-a077-429d-a622-85eb754e051b","sales-win-loss-ratio-calculator","حاسبة نسبة الفوز إلى الخسارة","Win-Loss Ratio Calculator","احسب عدد الصفقات الرابحة مقابل الخاسرة.","9fa7c782-2c75-41d6-84f4-84bcf56615e6","formula","true",,"primary_with_fallback","false","2026-08-01T23:37:31.569745+00:00","2026-08-01T23:37:31.569745+00:00","sales-tools أدوات المبيعات Sales Tools","false",""
"c133d797-fd77-4697-a881-7b869eb70420","sales-commission-calculator","حاسبة عمولة المبيعات","Sales Commission Calculator","احسب عمولة مندوب المبيعات.","9fa7c782-2c75-41d6-84f4-84bcf56615e6","formula","true",,"primary_with_fallback","false","2026-08-01T23:37:31.569745+00:00","2026-08-01T23:37:31.569745+00:00","sales-tools أدوات المبيعات Sales Tools","false",""
"c49575f8-6177-481d-b4d9-46f680dc5985","cross-sell-revenue-calculator","حاسبة إيراد البيع المتقاطع","Cross-sell Revenue Calculator","قدّر إيراد الإضافات من عدد الطلبات ومتوسط الإضافة.","9fa7c782-2c75-41d6-84f4-84bcf56615e6","formula","true",,"primary_with_fallback","false","2026-08-01T23:37:31.569745+00:00","2026-08-01T23:37:31.569745+00:00","sales-tools أدوات المبيعات Sales Tools","false",""
"322141fd-a2bf-4346-805f-a95ff213b64e","upsell-rate-calculator","حاسبة معدل البيع الإضافي","Upsell Rate Calculator","احسب نسبة العملاء الذين اشتروا ترقية أو إضافة.","9fa7c782-2c75-41d6-84f4-84bcf56615e6","formula","true",,"primary_with_fallback","false","2026-08-01T23:37:31.569745+00:00","2026-08-01T23:37:31.569745+00:00","sales-tools أدوات المبيعات Sales Tools","false",""
"efd2454a-175d-408e-be55-bd6dcfa279e6","lead-response-time-calculator","حاسبة متوسط وقت الرد على العملاء","Lead Response Time Calculator","احسب متوسط دقائق الرد لكل عميل محتمل.","9fa7c782-2c75-41d6-84f4-84bcf56615e6","formula","true",,"primary_with_fallback","false","2026-08-01T23:37:31.569745+00:00","2026-08-01T23:37:31.569745+00:00","sales-tools أدوات المبيعات Sales Tools","false",""
"bf54dd70-94e0-450f-a6e4-2cf568349de1","pipeline-coverage-calculator","حاسبة تغطية خط المبيعات","Pipeline Coverage Calculator","احسب حجم الفرص مقارنة بالهدف البيعي.","9fa7c782-2c75-41d6-84f4-84bcf56615e6","formula","true",,"primary_with_fallback","false","2026-08-01T23:37:31.569745+00:00","2026-08-01T23:37:31.569745+00:00","sales-tools أدوات المبيعات Sales Tools","false",""
"c9a693ed-eed9-466b-9a63-889f4438e835","quota-attainment-calculator","حاسبة تحقيق الهدف البيعي","Quota Attainment Calculator","احسب نسبة تحقيق المبيعات للهدف.","9fa7c782-2c75-41d6-84f4-84bcf56615e6","formula","true",,"primary_with_fallback","false","2026-08-01T23:37:31.569745+00:00","2026-08-01T23:37:31.569745+00:00","sales-tools أدوات المبيعات Sales Tools","false",""
"a152364f-1cae-4d3d-a4e7-ed84aa7f8639","average-sales-cycle-calculator","حاسبة متوسط دورة البيع","Average Sales Cycle Calculator","احسب متوسط الأيام اللازمة لإغلاق الصفقة.","9fa7c782-2c75-41d6-84f4-84bcf56615e6","formula","true",,"primary_with_fallback","false","2026-08-01T23:37:31.569745+00:00","2026-08-01T23:37:31.569745+00:00","sales-tools أدوات المبيعات Sales Tools","false",""
"cdab4ec0-712d-440e-8cf5-a4c604c935a2","sales-conversion-rate-calculator","حاسبة تحويل المبيعات","Sales Conversion Rate Calculator","احسب نسبة العملاء المحتملين الذين أصبحوا صفقات.","9fa7c782-2c75-41d6-84f4-84bcf56615e6","formula","true",,"primary_with_fallback","false","2026-08-01T23:37:31.569745+00:00","2026-08-01T23:37:31.569745+00:00","sales-tools أدوات المبيعات Sales Tools","false",""
"79181a5f-d01c-4cf7-8916-dd9d79c6d151","newsletter-open-rate-calculator","حاسبة معدل فتح النشرة","Newsletter Open Rate Calculator","احسب نسبة الرسائل المفتوحة من الرسائل المستلمة.","ee468a16-af8d-4268-b35d-c16e5004a9b0","formula","true",,"primary_with_fallback","false","2026-08-01T23:37:31.569745+00:00","2026-08-01T23:37:31.569745+00:00","creator-tools أدوات صناع المحتوى Creator Tools","false",""
"daa9d07a-6d17-4e1a-9924-a72606b42dd6","affiliate-revenue-calculator","حاسبة دخل التسويق بالعمولة","Affiliate Revenue Calculator","قدّر الدخل من النقرات والتحويل والعمولة.","ee468a16-af8d-4268-b35d-c16e5004a9b0","formula","true",,"primary_with_fallback","false","2026-08-01T23:37:31.569745+00:00","2026-08-01T23:37:31.569745+00:00","creator-tools أدوات صناع المحتوى Creator Tools","false",""
"8857b0a4-f491-4668-9414-edfde97c4ef3","thumbnail-click-through-rate-calculator","حاسبة CTR للصورة المصغرة","Thumbnail CTR Calculator","احسب نسبة النقر إلى مرات الظهور.","ee468a16-af8d-4268-b35d-c16e5004a9b0","formula","true",,"primary_with_fallback","false","2026-08-01T23:37:31.569745+00:00","2026-08-01T23:37:31.569745+00:00","creator-tools أدوات صناع المحتوى Creator Tools","true","text:thumbnail|صورة|صور|مصغرة"
"f280adde-5944-432a-983c-95d1bfdbdfa5","video-watch-time-calculator","حاسبة وقت المشاهدة","Watch Time Calculator","احسب إجمالي ساعات المشاهدة.","ee468a16-af8d-4268-b35d-c16e5004a9b0","formula","true",,"primary_with_fallback","false","2026-08-01T23:37:31.569745+00:00","2026-08-01T23:37:31.569745+00:00","creator-tools أدوات صناع المحتوى Creator Tools","true","text:video"
"62fd604c-f02e-434d-969f-20d6c9ff3039","content-publishing-frequency-calculator","حاسبة تكرار النشر","Publishing Frequency Calculator","احسب متوسط عدد المنشورات أسبوعيًا.","ee468a16-af8d-4268-b35d-c16e5004a9b0","formula","true",,"primary_with_fallback","false","2026-08-01T23:37:31.569745+00:00","2026-08-01T23:37:31.569745+00:00","creator-tools أدوات صناع المحتوى Creator Tools","false",""
"0bae9b25-f054-4183-97d9-ee0e4ad6bacd","video-production-cost-calculator","حاسبة تكلفة إنتاج الفيديو","Video Production Cost Calculator","احسب تكلفة الفيديو من ساعات العمل والتكاليف الثابتة.","ee468a16-af8d-4268-b35d-c16e5004a9b0","formula","true",,"primary_with_fallback","false","2026-08-01T23:37:31.569745+00:00","2026-08-01T23:37:31.569745+00:00","creator-tools أدوات صناع المحتوى Creator Tools","true","text:video|فيديو"
"f38709da-2164-4f8f-ae8a-0db980349340","average-deal-size-calculator","حاسبة متوسط حجم الصفقة","Average Deal Size Calculator","احسب متوسط قيمة الصفقة.","9fa7c782-2c75-41d6-84f4-84bcf56615e6","formula","true",,"primary_with_fallback","false","2026-08-01T23:37:31.569745+00:00","2026-08-01T23:37:31.569745+00:00","sales-tools أدوات المبيعات Sales Tools","false",""
"0afefa79-1a8e-49e7-846c-da68f7422360","sponsorship-rate-calculator","حاسبة سعر الرعاية","Sponsorship Rate Calculator","قدّر سعر الرعاية من المتابعين وسعر الألف.","ee468a16-af8d-4268-b35d-c16e5004a9b0","formula","true",,"primary_with_fallback","false","2026-08-01T23:37:31.569745+00:00","2026-08-01T23:37:31.569745+00:00","creator-tools أدوات صناع المحتوى Creator Tools","false",""
"b89127e0-5159-48fa-b925-7bdc4ccdd824","follower-growth-rate-calculator","حاسبة نمو المتابعين","Follower Growth Rate Calculator","احسب نمو المتابعين بين فترتين.","ee468a16-af8d-4268-b35d-c16e5004a9b0","formula","true",,"primary_with_fallback","false","2026-08-01T23:37:31.569745+00:00","2026-08-01T23:37:31.569745+00:00","creator-tools أدوات صناع المحتوى Creator Tools","false",""
"e0e58446-2f1a-4717-83c1-bd2291e01d57","social-engagement-rate-calculator","حاسبة معدل التفاعل","Social Engagement Rate Calculator","احسب التفاعل من الإعجابات والتعليقات والمشاركات.","ee468a16-af8d-4268-b35d-c16e5004a9b0","formula","true",,"primary_with_fallback","false","2026-08-01T23:37:31.569745+00:00","2026-08-01T23:37:31.569745+00:00","creator-tools أدوات صناع المحتوى Creator Tools","false",""
"8aaf6778-8311-4d1a-b021-e50a11bd73d3","youtube-cpm-revenue-calculator","حاسبة دخل المشاهدات CPM","CPM Revenue Calculator","قدّر الإيراد من المشاهدات ومعدل CPM.","ee468a16-af8d-4268-b35d-c16e5004a9b0","formula","true",,"primary_with_fallback","false","2026-08-01T23:37:31.569745+00:00","2026-08-01T23:37:31.569745+00:00","creator-tools أدوات صناع المحتوى Creator Tools","true","text:youtube"
"1d6840af-37e8-45f0-9451-4c0277c1b4cd","deadline-buffer-calculator","حاسبة هامش الموعد النهائي","Deadline Buffer Calculator","احسب الأيام المتبقية بعد خصم مدة التنفيذ المطلوبة.","cacb94ba-2bbd-4cea-a7ce-cdb6c9190ca7","formula","true",,"primary_with_fallback","false","2026-08-01T23:37:31.569745+00:00","2026-08-01T23:37:31.569745+00:00","productivity-tools أدوات الإنتاجية Productivity Tools","false",""
"9d15dee3-4ac7-41bf-a009-a50c5a7fa9b9","productivity-output-per-hour-calculator","حاسبة الإنتاج لكل ساعة","Output per Hour Calculator","احسب عدد الوحدات المنجزة لكل ساعة.","cacb94ba-2bbd-4cea-a7ce-cdb6c9190ca7","formula","true",,"primary_with_fallback","false","2026-08-01T23:37:31.569745+00:00","2026-08-01T23:37:31.569745+00:00","productivity-tools أدوات الإنتاجية Productivity Tools","false",""
"5bd02ba5-7d39-440b-89db-6731cd97796e","team-utilization-rate-calculator","حاسبة استغلال وقت الفريق","Team Utilization Rate Calculator","احسب نسبة الساعات المنتجة من الساعات المتاحة.","cacb94ba-2bbd-4cea-a7ce-cdb6c9190ca7","formula","true",,"primary_with_fallback","false","2026-08-01T23:37:31.569745+00:00","2026-08-01T23:37:31.569745+00:00","productivity-tools أدوات الإنتاجية Productivity Tools","false",""
"b81f5785-17f0-49c8-8e51-9f6d9c291b71","automation-time-saved-calculator","حاسبة الوقت الموفر بالأتمتة","Automation Time Saved Calculator","احسب الوقت الموفر من عدد مرات التشغيل والدقائق المحفوظة.","cacb94ba-2bbd-4cea-a7ce-cdb6c9190ca7","formula","true",,"primary_with_fallback","false","2026-08-01T23:37:31.569745+00:00","2026-08-01T23:37:31.569745+00:00","productivity-tools أدوات الإنتاجية Productivity Tools","false",""
"3dee8eab-d5d4-4816-9614-d306b0d89676","meeting-cost-calculator","حاسبة تكلفة الاجتماع","Meeting Cost Calculator","احسب تكلفة الاجتماع من الحضور والأجر والمدة.","cacb94ba-2bbd-4cea-a7ce-cdb6c9190ca7","formula","true",,"primary_with_fallback","false","2026-08-01T23:37:31.569745+00:00","2026-08-01T23:37:31.569745+00:00","productivity-tools أدوات الإنتاجية Productivity Tools","false",""
"6bd8eefc-aed3-4ef1-94d3-ade7853ad8f8","project-progress-calculator","حاسبة تقدم المشروع","Project Progress Calculator","احسب نسبة الوحدات المكتملة من المشروع.","cacb94ba-2bbd-4cea-a7ce-cdb6c9190ca7","formula","true",,"primary_with_fallback","false","2026-08-01T23:37:31.569745+00:00","2026-08-01T23:37:31.569745+00:00","productivity-tools أدوات الإنتاجية Productivity Tools","false",""
"cea925a3-aa9c-4ba4-9eca-9e5d5e16047d","weekly-work-capacity-calculator","حاسبة الطاقة الأسبوعية","Weekly Work Capacity Calculator","احسب ساعات العمل المتاحة أسبوعيًا.","cacb94ba-2bbd-4cea-a7ce-cdb6c9190ca7","formula","true",,"primary_with_fallback","false","2026-08-01T23:37:31.569745+00:00","2026-08-01T23:37:31.569745+00:00","productivity-tools أدوات الإنتاجية Productivity Tools","false",""
"24bf1524-6e75-4e40-9ded-7ff68b0109b5","pomodoro-session-calculator","حاسبة جلسات بومودورو","Pomodoro Session Calculator","قدّر عدد جلسات التركيز داخل وقت العمل.","cacb94ba-2bbd-4cea-a7ce-cdb6c9190ca7","formula","true",,"primary_with_fallback","false","2026-08-01T23:37:31.569745+00:00","2026-08-01T23:37:31.569745+00:00","productivity-tools أدوات الإنتاجية Productivity Tools","false",""
"d215e34a-05ec-4b04-ab06-628763d8228a","ecommerce-return-rate-calculator","حاسبة معدل المرتجعات","E-commerce Return Rate Calculator","احسب نسبة الطلبات المرتجعة.","584a99ad-07e7-46a3-9955-68836f11940d","formula","true",,"primary_with_fallback","false","2026-08-01T23:37:31.569745+00:00","2026-08-01T23:37:31.569745+00:00","ecommerce-tools أدوات التجارة الإلكترونية E-commerce Tools","false",""
"7cee5553-8816-4d6f-a73a-92e03efb540b","ecommerce-refund-rate-calculator","حاسبة معدل الاسترداد","Refund Rate Calculator","احسب قيمة المبالغ المستردة كنسبة من الإيراد.","584a99ad-07e7-46a3-9955-68836f11940d","formula","true",,"primary_with_fallback","false","2026-08-01T23:37:31.569745+00:00","2026-08-01T23:37:31.569745+00:00","ecommerce-tools أدوات التجارة الإلكترونية E-commerce Tools","false",""
"68b1598e-e182-49cf-b910-7b98b8204ef9","shipping-cost-per-order-calculator","حاسبة شحن الطلب الواحد","Shipping Cost per Order Calculator","احسب متوسط تكلفة الشحن لكل طلب.","584a99ad-07e7-46a3-9955-68836f11940d","formula","true",,"primary_with_fallback","false","2026-08-01T23:37:31.569745+00:00","2026-08-01T23:37:31.569745+00:00","ecommerce-tools أدوات التجارة الإلكترونية E-commerce Tools","false",""
"8edc4f76-c678-4f93-ae87-f7298b0c6976","inventory-turnover-calculator","حاسبة دوران المخزون","Inventory Turnover Calculator","احسب عدد مرات دوران المخزون خلال الفترة.","584a99ad-07e7-46a3-9955-68836f11940d","formula","true",,"primary_with_fallback","false","2026-08-01T23:37:31.569745+00:00","2026-08-01T23:37:31.569745+00:00","ecommerce-tools أدوات التجارة الإلكترونية E-commerce Tools","false",""
"05365bde-dda1-4e64-ab0e-5ab5be51b112","break-even-orders-calculator","حاسبة طلبات نقطة التعادل","Break-even Orders Calculator","قدّر عدد الطلبات اللازمة لتغطية التكاليف الثابتة.","584a99ad-07e7-46a3-9955-68836f11940d","formula","true",,"primary_with_fallback","false","2026-08-01T23:37:31.569745+00:00","2026-08-01T23:37:31.569745+00:00","ecommerce-tools أدوات التجارة الإلكترونية E-commerce Tools","false",""
"a0ff5156-6351-4098-83e8-b7ae2a320778","marketplace-commission-calculator","حاسبة عمولة المنصة","Marketplace Commission Calculator","احسب عمولة منصة البيع من إجمالي المبيعات.","584a99ad-07e7-46a3-9955-68836f11940d","formula","true",,"primary_with_fallback","false","2026-08-01T23:37:31.569745+00:00","2026-08-01T23:37:31.569745+00:00","ecommerce-tools أدوات التجارة الإلكترونية E-commerce Tools","false",""
"5de6905f-473d-4fa3-b195-f2a847004e54","rental-yield-calculator","حاسبة العائد الإيجاري","Rental Yield Calculator","احسب العائد الإيجاري السنوي كنسبة من قيمة العقار.","cf8ef24f-6343-432e-b77e-b0958ae1ee14","formula","true",,"primary_with_fallback","false","2026-08-01T23:37:31.569745+00:00","2026-08-01T23:37:31.569745+00:00","real-estate-tools أدوات العقار Real Estate Tools","false",""
"3c2ee8ef-0d33-4f20-896f-facb6537d3eb","task-completion-rate-calculator","حاسبة إنجاز المهام","Task Completion Rate Calculator","احسب نسبة المهام المكتملة.","cacb94ba-2bbd-4cea-a7ce-cdb6c9190ca7","formula","true",,"primary_with_fallback","false","2026-08-01T23:37:31.569745+00:00","2026-08-01T23:37:31.569745+00:00","productivity-tools أدوات الإنتاجية Productivity Tools","false",""
"96140f4b-48fc-4b0d-afd8-d1b2aa50fc53","cap-rate-calculator","حاسبة معدل الرسملة","Cap Rate Calculator","احسب معدل الرسملة من صافي الدخل التشغيلي وقيمة العقار.","cf8ef24f-6343-432e-b77e-b0958ae1ee14","formula","true",,"primary_with_fallback","false","2026-08-01T23:37:31.569745+00:00","2026-08-01T23:37:31.569745+00:00","real-estate-tools أدوات العقار Real Estate Tools","false",""
"322770b8-7b68-4397-b1f1-e36efbb68626","price-per-square-meter-calculator","حاسبة سعر المتر المربع","Price per Square Meter Calculator","احسب سعر المتر المربع للعقار.","cf8ef24f-6343-432e-b77e-b0958ae1ee14","formula","true",,"primary_with_fallback","false","2026-08-01T23:37:31.569745+00:00","2026-08-01T23:37:31.569745+00:00","real-estate-tools أدوات العقار Real Estate Tools","false",""
"cfd3e5a6-9fe6-4665-a357-400a8b6adf9e","mortgage-monthly-payment-calculator","حاسبة قسط التمويل العقاري","Mortgage Monthly Payment Calculator","قدّر القسط الشهري باستخدام أصل التمويل والمعدل والمدة.","cf8ef24f-6343-432e-b77e-b0958ae1ee14","formula","true",,"primary_with_fallback","false","2026-08-01T23:37:31.569745+00:00","2026-08-01T23:37:31.569745+00:00","real-estate-tools أدوات العقار Real Estate Tools","false",""
"855030f8-8b51-4b89-905e-1be2b111f1ca","down-payment-calculator","حاسبة الدفعة الأولى","Down Payment Calculator","احسب مبلغ الدفعة الأولى من سعر العقار والنسبة.","cf8ef24f-6343-432e-b77e-b0958ae1ee14","formula","true",,"primary_with_fallback","false","2026-08-01T23:37:31.569745+00:00","2026-08-01T23:37:31.569745+00:00","real-estate-tools أدوات العقار Real Estate Tools","false",""
"95b9d5d3-6711-469a-b82c-039db5434a3a","visa-fees-total-calculator","حاسبة إجمالي رسوم التأشيرات","Visa Fees Total Calculator","احسب إجمالي رسوم التأشيرات لجميع المسافرين.","821656c2-bf1e-48fe-8f7d-1f64a9dd793a","formula","true",,"primary_with_fallback","false","2026-08-01T23:37:31.569745+00:00","2026-08-01T23:37:31.569745+00:00","travel-tools أدوات السفر Travel Tools","false",""
"1b2d3385-adb2-466e-aa09-7d6984bf2adc","loan-to-value-calculator","حاسبة نسبة التمويل إلى القيمة","Loan-to-Value Calculator","احسب نسبة مبلغ التمويل إلى قيمة العقار.","cf8ef24f-6343-432e-b77e-b0958ae1ee14","formula","true",,"primary_with_fallback","false","2026-08-01T23:37:31.569745+00:00","2026-08-01T23:37:31.569745+00:00","real-estate-tools أدوات العقار Real Estate Tools","false",""
"982d4917-b522-4954-b5d1-caa6fe010e75","property-appreciation-calculator","حاسبة نمو قيمة العقار","Property Appreciation Calculator","قدّر قيمة العقار مستقبلًا بمعدل نمو سنوي.","cf8ef24f-6343-432e-b77e-b0958ae1ee14","formula","true",,"primary_with_fallback","false","2026-08-01T23:37:31.569745+00:00","2026-08-01T23:37:31.569745+00:00","real-estate-tools أدوات العقار Real Estate Tools","false",""
"a4f89df0-5f90-4d0d-9d26-57575ac4806c","rental-vacancy-loss-calculator","حاسبة خسارة الشغور","Rental Vacancy Loss Calculator","قدّر خسارة الإيجار الناتجة عن نسبة الشغور.","cf8ef24f-6343-432e-b77e-b0958ae1ee14","formula","true",,"primary_with_fallback","false","2026-08-01T23:37:31.569745+00:00","2026-08-01T23:37:31.569745+00:00","real-estate-tools أدوات العقار Real Estate Tools","false",""
"6a070406-0921-473a-a483-1b4b29374b08","property-management-fee-calculator","حاسبة رسوم إدارة العقار","Property Management Fee Calculator","احسب رسوم الإدارة كنسبة من الإيجار السنوي.","cf8ef24f-6343-432e-b77e-b0958ae1ee14","formula","true",,"primary_with_fallback","false","2026-08-01T23:37:31.569745+00:00","2026-08-01T23:37:31.569745+00:00","real-estate-tools أدوات العقار Real Estate Tools","false",""
"60300f7b-85ba-4c56-bbe6-40f15013a378","real-estate-cash-roi-calculator","حاسبة عائد الاستثمار العقاري النقدي","Real Estate Cash ROI Calculator","احسب العائد الصافي على الاستثمار النقدي.","cf8ef24f-6343-432e-b77e-b0958ae1ee14","formula","true",,"primary_with_fallback","false","2026-08-01T23:37:31.569745+00:00","2026-08-01T23:37:31.569745+00:00","real-estate-tools أدوات العقار Real Estate Tools","false",""
"20261d41-7f3b-462f-9da9-65edac3306ac","trip-budget-per-day-calculator","حاسبة ميزانية السفر اليومية","Trip Budget per Day Calculator","قسّم ميزانية الرحلة على عدد الأيام.","821656c2-bf1e-48fe-8f7d-1f64a9dd793a","formula","true",,"primary_with_fallback","false","2026-08-01T23:37:31.569745+00:00","2026-08-01T23:37:31.569745+00:00","travel-tools أدوات السفر Travel Tools","false",""
"4630dd09-b13a-4b05-b81b-b1be33615e2c","travel-insurance-cost-calculator","حاسبة تأمين السفر","Travel Insurance Cost Calculator","قدّر تكلفة تأمين السفر كنسبة من قيمة الرحلة.","821656c2-bf1e-48fe-8f7d-1f64a9dd793a","formula","true",,"primary_with_fallback","false","2026-08-01T23:37:31.569745+00:00","2026-08-01T23:37:31.569745+00:00","travel-tools أدوات السفر Travel Tools","false",""
"62c60024-9aec-4710-88ac-019cd09420fc","overtime-percentage-calculator","حاسبة نسبة العمل الإضافي","Overtime Percentage Calculator","احسب ساعات العمل الإضافي كنسبة من الساعات العادية.","a59b0d3d-05fb-4598-8889-3c7d1dc5f321","formula","true",,"primary_with_fallback","false","2026-08-01T23:37:34.426969+00:00","2026-08-01T23:37:34.426969+00:00","hr-tools أدوات الموارد البشرية HR Tools","false",""
"d9b1992b-8517-4477-8e22-81d7ae6875d2","annual-fuel-cost-calculator","حاسبة تكلفة الوقود السنوية","Annual Fuel Cost Calculator","قدّر تكلفة الوقود السنوية.","7bb0bd89-6cb5-4464-825b-851003eb94bf","formula","true",,"primary_with_fallback","false","2026-08-01T23:37:34.426969+00:00","2026-08-01T23:37:34.426969+00:00","automotive-tools أدوات السيارات Automotive Tools","false",""
"14893ab5-9047-4029-8265-1229484fd4c2","vehicle-depreciation-calculator","حاسبة انخفاض قيمة السيارة","Vehicle Depreciation Calculator","قدّر قيمة السيارة بعد معدل انخفاض سنوي.","7bb0bd89-6cb5-4464-825b-851003eb94bf","formula","true",,"primary_with_fallback","false","2026-08-01T23:37:34.426969+00:00","2026-08-01T23:37:34.426969+00:00","automotive-tools أدوات السيارات Automotive Tools","false",""
"c29ec806-ac48-456c-909e-b8f521a8f29e","vehicle-maintenance-budget-calculator","حاسبة ميزانية صيانة السيارة","Vehicle Maintenance Budget Calculator","احسب ميزانية الصيانة السنوية من متوسط الصيانة الشهرية.","7bb0bd89-6cb5-4464-825b-851003eb94bf","formula","true",,"primary_with_fallback","false","2026-08-01T23:37:34.426969+00:00","2026-08-01T23:37:34.426969+00:00","automotive-tools أدوات السيارات Automotive Tools","false",""
"663b31f3-0f77-4636-8f14-fed814e25a50","vehicle-ownership-monthly-cost-calculator","حاسبة تكلفة امتلاك السيارة شهريًا","Monthly Vehicle Ownership Cost Calculator","اجمع التمويل والتأمين والوقود والصيانة شهريًا.","7bb0bd89-6cb5-4464-825b-851003eb94bf","formula","true",,"primary_with_fallback","false","2026-08-01T23:37:34.426969+00:00","2026-08-01T23:37:34.426969+00:00","automotive-tools أدوات السيارات Automotive Tools","false",""
"550eeded-f043-4e97-8ad5-4494952b6983","tire-cost-per-km-calculator","حاسبة تكلفة الإطارات لكل كيلومتر","Tire Cost per Kilometer Calculator","احسب تكلفة الإطارات لكل كيلومتر.","7bb0bd89-6cb5-4464-825b-851003eb94bf","formula","true",,"primary_with_fallback","false","2026-08-01T23:37:34.426969+00:00","2026-08-01T23:37:34.426969+00:00","automotive-tools أدوات السيارات Automotive Tools","false",""
"69b99dfd-5860-469f-b05d-0a6595d20e9d","lease-mileage-overage-calculator","حاسبة تجاوز مسافة التأجير","Lease Mileage Overage Calculator","احسب رسوم تجاوز المسافة المسموحة.","7bb0bd89-6cb5-4464-825b-851003eb94bf","formula","true",,"primary_with_fallback","false","2026-08-01T23:37:34.426969+00:00","2026-08-01T23:37:34.426969+00:00","automotive-tools أدوات السيارات Automotive Tools","false",""
"77957e29-e759-4284-9e95-0e621dbe8a24","vehicle-finance-total-cost-calculator","حاسبة إجمالي تكلفة تمويل السيارة","Vehicle Finance Total Cost Calculator","احسب إجمالي الدفعات على مدة التمويل.","7bb0bd89-6cb5-4464-825b-851003eb94bf","formula","true",,"primary_with_fallback","false","2026-08-01T23:37:34.426969+00:00","2026-08-01T23:37:34.426969+00:00","automotive-tools أدوات السيارات Automotive Tools","false",""
"c9630db4-29ff-41c4-b1bd-2c2364f4fa98","ride-profit-calculator","حاسبة ربح الرحلة","Ride Profit Calculator","احسب ربح الرحلة بعد الوقود والمصروفات.","7bb0bd89-6cb5-4464-825b-851003eb94bf","formula","true",,"primary_with_fallback","false","2026-08-01T23:37:34.426969+00:00","2026-08-01T23:37:34.426969+00:00","automotive-tools أدوات السيارات Automotive Tools","false",""
"dc4726c2-f2ff-4157-ad91-7e10604323b4","vehicle-cost-per-km-calculator","حاسبة تكلفة السيارة لكل كيلومتر","Vehicle Cost per Kilometer Calculator","احسب التكلفة التشغيلية لكل كيلومتر.","7bb0bd89-6cb5-4464-825b-851003eb94bf","formula","true",,"primary_with_fallback","false","2026-08-01T23:37:34.426969+00:00","2026-08-01T23:37:34.426969+00:00","automotive-tools أدوات السيارات Automotive Tools","false",""
"f2acbd20-2d40-4cda-97e0-71fb3f87477e","concrete-volume-calculator","حاسبة حجم الخرسانة","Concrete Volume Calculator","احسب حجم الخرسانة للمساحة المستطيلة.","9e417409-a5dd-44cc-8beb-d1dd28305b29","formula","true",,"primary_with_fallback","false","2026-08-01T23:37:34.426969+00:00","2026-08-01T23:37:34.426969+00:00","construction-tools أدوات البناء Construction Tools","false",""
"8d40f4e1-d6f8-409b-9591-c4a1458bcf00","asset-storage-calculator","حاسبة مساحة الأصول","Design Asset Storage Calculator","قدّر مساحة تخزين ملفات التصميم.","30c334cb-6d70-4b9c-b6ce-f7f7f2a773b1","formula","true",,"primary_with_fallback","false","2026-08-01T23:37:34.426969+00:00","2026-08-01T23:37:34.426969+00:00","design-tools أدوات التصميم Design Tools","false",""
"76d8ff13-a4a5-4acd-a97b-22137cf3cb42","brick-count-calculator","حاسبة عدد الطوب","Brick Count Calculator","قدّر عدد الطوب المطلوب لمساحة جدار.","9e417409-a5dd-44cc-8beb-d1dd28305b29","formula","true",,"primary_with_fallback","false","2026-08-01T23:37:34.426969+00:00","2026-08-01T23:37:34.426969+00:00","construction-tools أدوات البناء Construction Tools","false",""
"328cc8b4-7b41-4186-b254-0ea22f11fcb9","paint-liters-calculator","حاسبة كمية الدهان","Paint Quantity Calculator","قدّر لترات الدهان لمساحة وعدد طبقات.","9e417409-a5dd-44cc-8beb-d1dd28305b29","formula","true",,"primary_with_fallback","false","2026-08-01T23:37:34.426969+00:00","2026-08-01T23:37:34.426969+00:00","construction-tools أدوات البناء Construction Tools","false",""
"ba55e26e-9a30-4ac8-8bfc-4eb7a9dc78f1","tile-quantity-calculator","حاسبة كمية البلاط","Tile Quantity Calculator","احسب عدد البلاط المطلوب مع الهدر.","9e417409-a5dd-44cc-8beb-d1dd28305b29","formula","true",,"primary_with_fallback","false","2026-08-01T23:37:34.426969+00:00","2026-08-01T23:37:34.426969+00:00","construction-tools أدوات البناء Construction Tools","false",""
"476d9c24-1dc5-44fb-adfd-70d3d2fb51d5","cement-bags-calculator","حاسبة أكياس الأسمنت","Cement Bags Calculator","قدّر عدد أكياس الأسمنت من الوزن المطلوب.","9e417409-a5dd-44cc-8beb-d1dd28305b29","formula","true",,"primary_with_fallback","false","2026-08-01T23:37:34.426969+00:00","2026-08-01T23:37:34.426969+00:00","construction-tools أدوات البناء Construction Tools","false",""
"336df80b-ce2e-47e1-a7b7-1f70a2fbf1ee","wall-area-calculator","حاسبة مساحة الجدار","Wall Area Calculator","احسب مساحة الجدار بعد خصم الفتحات.","9e417409-a5dd-44cc-8beb-d1dd28305b29","formula","true",,"primary_with_fallback","false","2026-08-01T23:37:34.426969+00:00","2026-08-01T23:37:34.426969+00:00","construction-tools أدوات البناء Construction Tools","false",""
"99cc67fb-c710-4e76-9db0-a7246f1f2310","fertilizer-requirement-calculator","حاسبة كمية السماد","Fertilizer Requirement Calculator","احسب كمية السماد المطلوبة للمساحة.","7e737318-4385-45db-a3e2-a54526d31c59","formula","true",,"primary_with_fallback","false","2026-08-01T23:37:34.426969+00:00","2026-08-01T23:37:34.426969+00:00","agriculture-tools أدوات الزراعة Agriculture Tools","false",""
"2ad4be1f-4104-4862-8b3e-567da6d06667","construction-labor-cost-calculator","حاسبة تكلفة عمالة البناء","Construction Labor Cost Calculator","احسب تكلفة العمالة من الأيام والعمال والأجر.","9e417409-a5dd-44cc-8beb-d1dd28305b29","formula","true",,"primary_with_fallback","false","2026-08-01T23:37:34.426969+00:00","2026-08-01T23:37:34.426969+00:00","construction-tools أدوات البناء Construction Tools","false",""
"cac51ce2-5569-454a-b2f5-5ca142588281","material-waste-cost-calculator","حاسبة تكلفة هدر المواد","Material Waste Cost Calculator","احسب تكلفة الهدر من قيمة المواد ونسبة الهدر.","9e417409-a5dd-44cc-8beb-d1dd28305b29","formula","true",,"primary_with_fallback","false","2026-08-01T23:37:34.426969+00:00","2026-08-01T23:37:34.426969+00:00","construction-tools أدوات البناء Construction Tools","false",""
"f61a221f-7ce7-455c-97df-4c35e2e62c42","project-contingency-calculator","حاسبة احتياطي المشروع","Project Contingency Calculator","احسب احتياطي المخاطر من ميزانية المشروع.","9e417409-a5dd-44cc-8beb-d1dd28305b29","formula","true",,"primary_with_fallback","false","2026-08-01T23:37:34.426969+00:00","2026-08-01T23:37:34.426969+00:00","construction-tools أدوات البناء Construction Tools","false",""
"da312701-8513-47d6-b6cb-c805099b5550","rebar-weight-estimator","حاسبة وزن حديد التسليح","Rebar Weight Estimator","قدّر الوزن من طول القضبان ووزن المتر.","9e417409-a5dd-44cc-8beb-d1dd28305b29","formula","true",,"primary_with_fallback","false","2026-08-01T23:37:34.426969+00:00","2026-08-01T23:37:34.426969+00:00","construction-tools أدوات البناء Construction Tools","false",""
"2920e3d7-d8cd-4a03-b669-95a7fcba4e62","seed-requirement-calculator","حاسبة كمية البذور","Seed Requirement Calculator","احسب كمية البذور المطلوبة للمساحة.","7e737318-4385-45db-a3e2-a54526d31c59","formula","true",,"primary_with_fallback","false","2026-08-01T23:37:34.426969+00:00","2026-08-01T23:37:34.426969+00:00","agriculture-tools أدوات الزراعة Agriculture Tools","false",""
"e4bb4d63-3c7d-4a99-a723-737ee75f394d","irrigation-water-calculator","حاسبة مياه الري","Irrigation Water Calculator","قدّر مياه الري من المساحة وعمق المياه.","7e737318-4385-45db-a3e2-a54526d31c59","formula","true",,"primary_with_fallback","false","2026-08-01T23:37:34.426969+00:00","2026-08-01T23:37:34.426969+00:00","agriculture-tools أدوات الزراعة Agriculture Tools","false",""
"4733c1cf-d87c-4482-bc55-0f73793f0274","crop-yield-per-hectare-calculator","حاسبة إنتاجية الهكتار","Yield per Hectare Calculator","احسب إنتاجية المحصول لكل هكتار.","7e737318-4385-45db-a3e2-a54526d31c59","formula","true",,"primary_with_fallback","false","2026-08-01T23:37:34.426969+00:00","2026-08-01T23:37:34.426969+00:00","agriculture-tools أدوات الزراعة Agriculture Tools","false",""
"05a18409-575c-4af1-a514-66cce0b89be5","farm-revenue-calculator","حاسبة إيراد المزرعة","Farm Revenue Calculator","احسب الإيراد من الكمية وسعر الوحدة.","7e737318-4385-45db-a3e2-a54526d31c59","formula","true",,"primary_with_fallback","false","2026-08-01T23:37:34.426969+00:00","2026-08-01T23:37:34.426969+00:00","agriculture-tools أدوات الزراعة Agriculture Tools","false",""
"2ac1466b-639c-4e12-a033-314b09644d4e","animal-feed-requirement-calculator","حاسبة احتياج الأعلاف","Animal Feed Requirement Calculator","احسب احتياج الأعلاف لعدد الحيوانات.","7e737318-4385-45db-a3e2-a54526d31c59","formula","true",,"primary_with_fallback","false","2026-08-01T23:37:34.426969+00:00","2026-08-01T23:37:34.426969+00:00","agriculture-tools أدوات الزراعة Agriculture Tools","false",""
"f101ef24-f5f4-4992-93c3-36d04db8cd6d","livestock-weight-gain-calculator","حاسبة زيادة وزن الماشية","Livestock Weight Gain Calculator","احسب متوسط الزيادة اليومية في الوزن.","7e737318-4385-45db-a3e2-a54526d31c59","formula","true",,"primary_with_fallback","false","2026-08-01T23:37:34.426969+00:00","2026-08-01T23:37:34.426969+00:00","agriculture-tools أدوات الزراعة Agriculture Tools","false",""
"fd7f127b-b9b5-4dc2-961a-cc00454092af","greenhouse-plant-capacity-calculator","حاسبة سعة النباتات في البيت المحمي","Greenhouse Plant Capacity Calculator","قدّر عدد النباتات من المساحة والمسافة لكل نبات.","7e737318-4385-45db-a3e2-a54526d31c59","formula","true",,"primary_with_fallback","false","2026-08-01T23:37:34.426969+00:00","2026-08-01T23:37:34.426969+00:00","agriculture-tools أدوات الزراعة Agriculture Tools","false",""
"00f84658-c39e-47c5-bdfa-14b3237669ea","pesticide-dilution-calculator","حاسبة تخفيف المبيد","Pesticide Dilution Calculator","احسب كمية المبيد المطلوبة لحجم محلول.","7e737318-4385-45db-a3e2-a54526d31c59","formula","true",,"primary_with_fallback","false","2026-08-01T23:37:34.426969+00:00","2026-08-01T23:37:34.426969+00:00","agriculture-tools أدوات الزراعة Agriculture Tools","false",""
"fd4902a1-b3a8-4c1f-8857-415c7cb2778d","harvest-loss-calculator","حاسبة خسارة المحصول","Harvest Loss Calculator","احسب قيمة الخسارة من الكمية المفقودة وسعر الوحدة.","7e737318-4385-45db-a3e2-a54526d31c59","formula","true",,"primary_with_fallback","false","2026-08-01T23:37:34.426969+00:00","2026-08-01T23:37:34.426969+00:00","agriculture-tools أدوات الزراعة Agriculture Tools","false",""
"1c204662-12d8-4080-9df0-9edfbf303ce5","event-cost-per-attendee-calculator","حاسبة تكلفة الحضور","Event Cost per Attendee Calculator","احسب تكلفة الفعالية لكل حاضر.","c2db9467-c33a-4fd2-b1c1-b72008601d8f","formula","true",,"primary_with_fallback","false","2026-08-01T23:37:34.426969+00:00","2026-08-01T23:37:34.426969+00:00","event-tools أدوات الفعاليات Event Tools","false",""
"bc863ea0-a795-423b-b41e-e47b3e64e7b0","ticket-break-even-calculator","حاسبة تذاكر نقطة التعادل","Ticket Break-even Calculator","احسب عدد التذاكر اللازمة لتغطية التكلفة.","c2db9467-c33a-4fd2-b1c1-b72008601d8f","formula","true",,"primary_with_fallback","false","2026-08-01T23:37:34.426969+00:00","2026-08-01T23:37:34.426969+00:00","event-tools أدوات الفعاليات Event Tools","false",""
"d148cbc3-0f03-4169-b527-b62f46c5da74","sponsorship-coverage-calculator","حاسبة تغطية الرعاية","Sponsorship Coverage Calculator","احسب نسبة تغطية الرعايات لتكلفة الفعالية.","c2db9467-c33a-4fd2-b1c1-b72008601d8f","formula","true",,"primary_with_fallback","false","2026-08-01T23:37:34.426969+00:00","2026-08-01T23:37:34.426969+00:00","event-tools أدوات الفعاليات Event Tools","false",""
"bb197952-8a11-48e0-9ae7-bb6643253fb9","event-catering-cost-calculator","حاسبة تكلفة الضيافة","Event Catering Cost Calculator","احسب تكلفة الضيافة لجميع الحضور.","c2db9467-c33a-4fd2-b1c1-b72008601d8f","formula","true",,"primary_with_fallback","false","2026-08-01T23:37:34.426969+00:00","2026-08-01T23:37:34.426969+00:00","event-tools أدوات الفعاليات Event Tools","false",""
"29f9599c-350d-4731-8a27-41d32f11dcc5","venue-occupancy-rate-calculator","حاسبة إشغال القاعة","Venue Occupancy Rate Calculator","احسب نسبة إشغال سعة القاعة.","c2db9467-c33a-4fd2-b1c1-b72008601d8f","formula","true",,"primary_with_fallback","false","2026-08-01T23:37:34.426969+00:00","2026-08-01T23:37:34.426969+00:00","event-tools أدوات الفعاليات Event Tools","false",""
"e2ec8105-2874-4736-a118-7d8649d9d15a","cost-per-hire-calculator","حاسبة تكلفة التوظيف","Cost per Hire Calculator","احسب متوسط تكلفة توظيف موظف جديد.","a59b0d3d-05fb-4598-8889-3c7d1dc5f321","formula","true",,"primary_with_fallback","false","2026-08-01T23:37:34.426969+00:00","2026-08-01T23:37:34.426969+00:00","hr-tools أدوات الموارد البشرية HR Tools","false",""
"e6d23e49-9f0b-4f72-b69c-05f3350538ac","event-profit-calculator","حاسبة ربح الفعالية","Event Profit Calculator","احسب صافي ربح الفعالية.","c2db9467-c33a-4fd2-b1c1-b72008601d8f","formula","true",,"primary_with_fallback","false","2026-08-01T23:37:34.426969+00:00","2026-08-01T23:37:34.426969+00:00","event-tools أدوات الفعاليات Event Tools","false",""
"1c01a987-bcef-4a13-a5f5-8f5bff627c45","event-staff-ratio-calculator","حاسبة نسبة الطاقم للحضور","Event Staff Ratio Calculator","احسب عدد الحضور لكل موظف.","c2db9467-c33a-4fd2-b1c1-b72008601d8f","formula","true",,"primary_with_fallback","false","2026-08-01T23:37:34.426969+00:00","2026-08-01T23:37:34.426969+00:00","event-tools أدوات الفعاليات Event Tools","false",""
"ac6f8e34-f681-4c58-b501-a9dcfbb65976","event-checkin-rate-calculator","حاسبة معدل تسجيل الدخول","Event Check-in Rate Calculator","احسب نسبة المسجلين الذين حضروا.","c2db9467-c33a-4fd2-b1c1-b72008601d8f","formula","true",,"primary_with_fallback","false","2026-08-01T23:37:34.426969+00:00","2026-08-01T23:37:34.426969+00:00","event-tools أدوات الفعاليات Event Tools","false",""
"7c41cb2a-0619-4885-9352-f2230416d8e7","event-no-show-rate-calculator","حاسبة معدل عدم الحضور","Event No-show Rate Calculator","احسب نسبة المسجلين الذين لم يحضروا.","c2db9467-c33a-4fd2-b1c1-b72008601d8f","formula","true",,"primary_with_fallback","false","2026-08-01T23:37:34.426969+00:00","2026-08-01T23:37:34.426969+00:00","event-tools أدوات الفعاليات Event Tools","false",""
"7a52c0cb-d601-4173-af81-ea69a680d8bb","booth-revenue-calculator","حاسبة إيراد الأجنحة","Booth Revenue Calculator","احسب إيراد بيع مساحات الأجنحة.","c2db9467-c33a-4fd2-b1c1-b72008601d8f","formula","true",,"primary_with_fallback","false","2026-08-01T23:37:34.426969+00:00","2026-08-01T23:37:34.426969+00:00","event-tools أدوات الفعاليات Event Tools","false",""
"c481a5b6-1bd2-4a3d-8f1d-045abfd9add3","employee-turnover-rate-calculator","حاسبة معدل دوران الموظفين","Employee Turnover Rate Calculator","احسب نسبة الموظفين المغادرين.","a59b0d3d-05fb-4598-8889-3c7d1dc5f321","formula","true",,"primary_with_fallback","false","2026-08-01T23:37:34.426969+00:00","2026-08-01T23:37:34.426969+00:00","hr-tools أدوات الموارد البشرية HR Tools","false",""
"3899b9ab-3c9a-424d-93e2-379e51ebc00f","employee-absence-rate-calculator","حاسبة معدل الغياب","Employee Absence Rate Calculator","احسب نسبة أيام الغياب من الأيام المتاحة.","a59b0d3d-05fb-4598-8889-3c7d1dc5f321","formula","true",,"primary_with_fallback","false","2026-08-01T23:37:34.426969+00:00","2026-08-01T23:37:34.426969+00:00","hr-tools أدوات الموارد البشرية HR Tools","false",""
"134e62c2-db2b-4509-82b3-53893fc56316","time-to-hire-calculator","حاسبة متوسط وقت التوظيف","Time to Hire Calculator","احسب متوسط الأيام اللازمة للتوظيف.","a59b0d3d-05fb-4598-8889-3c7d1dc5f321","formula","true",,"primary_with_fallback","false","2026-08-01T23:37:34.426969+00:00","2026-08-01T23:37:34.426969+00:00","hr-tools أدوات الموارد البشرية HR Tools","false",""
"e891bfc3-d2bb-4c63-8eec-072c5255c964","revenue-per-employee-calculator","حاسبة الإيراد لكل موظف","Revenue per Employee Calculator","احسب الإيراد لكل موظف.","a59b0d3d-05fb-4598-8889-3c7d1dc5f321","formula","true",,"primary_with_fallback","false","2026-08-01T23:37:34.426969+00:00","2026-08-01T23:37:34.426969+00:00","hr-tools أدوات الموارد البشرية HR Tools","false",""
"a8a59fb0-35e1-4937-91b9-ae9f789c67cd","training-cost-per-employee-calculator","حاسبة تدريب الموظف","Training Cost per Employee Calculator","احسب متوسط تكلفة التدريب لكل موظف.","a59b0d3d-05fb-4598-8889-3c7d1dc5f321","formula","true",,"primary_with_fallback","false","2026-08-01T23:37:34.426969+00:00","2026-08-01T23:37:34.426969+00:00","hr-tools أدوات الموارد البشرية HR Tools","false",""
"c3e358b2-ce86-419c-9304-b5494ce4d49e","employee-retention-rate-calculator","حاسبة معدل الاحتفاظ بالموظفين","Employee Retention Rate Calculator","احسب نسبة الموظفين المستمرين.","a59b0d3d-05fb-4598-8889-3c7d1dc5f321","formula","true",,"primary_with_fallback","false","2026-08-01T23:37:34.426969+00:00","2026-08-01T23:37:34.426969+00:00","hr-tools أدوات الموارد البشرية HR Tools","false",""
"2d749b72-b01e-4752-911b-17bc6ce3d20b","vehicle-fuel-cost-calculator","حاسبة تكلفة وقود السيارة","Vehicle Fuel Cost Calculator","احسب تكلفة الوقود لمسافة محددة.","7bb0bd89-6cb5-4464-825b-851003eb94bf","formula","true",,"primary_with_fallback","false","2026-08-01T23:37:34.426969+00:00","2026-08-01T23:37:34.426969+00:00","automotive-tools أدوات السيارات Automotive Tools","false",""
"b6616634-5b94-4089-b7fc-1cad087a2035","payroll-burden-calculator","حاسبة أعباء الرواتب","Payroll Burden Calculator","احسب إجمالي تكلفة الرواتب مع الأعباء.","a59b0d3d-05fb-4598-8889-3c7d1dc5f321","formula","true",,"primary_with_fallback","false","2026-08-01T23:37:34.426969+00:00","2026-08-01T23:37:34.426969+00:00","hr-tools أدوات الموارد البشرية HR Tools","false",""
"e85ccfa8-3477-405d-b45a-920865cf70e0","vacancy-rate-calculator","حاسبة معدل الشواغر","Vacancy Rate Calculator","احسب نسبة الوظائف الشاغرة.","a59b0d3d-05fb-4598-8889-3c7d1dc5f321","formula","true",,"primary_with_fallback","false","2026-08-01T23:37:34.426969+00:00","2026-08-01T23:37:34.426969+00:00","hr-tools أدوات الموارد البشرية HR Tools","false",""
"3cd81ccf-7838-40ae-a736-512e20592115","organic-ctr-calculator","حاسبة CTR العضوي","Organic CTR Calculator","احسب نسبة النقر العضوية من الظهور.","4b15aeb4-83fc-4ccf-88f8-c5cb7b9ee54c","formula","true",,"primary_with_fallback","false","2026-08-01T23:37:34.426969+00:00","2026-08-01T23:37:34.426969+00:00","seo-tools أدوات تحسين محركات البحث SEO Tools","false",""
"d8b4b8f1-5791-4c54-8f40-7898a89635a8","organic-conversion-rate-calculator","حاسبة تحويل الزيارات العضوية","Organic Conversion Rate Calculator","احسب تحويل الزيارات العضوية.","4b15aeb4-83fc-4ccf-88f8-c5cb7b9ee54c","formula","true",,"primary_with_fallback","false","2026-08-01T23:37:34.426969+00:00","2026-08-01T23:37:34.426969+00:00","seo-tools أدوات تحسين محركات البحث SEO Tools","false",""
"48cce6bc-ee96-42b5-9d98-fefe31bf8ccb","keyword-ranking-growth-calculator","حاسبة نمو الكلمات المتقدمة","Keyword Ranking Growth Calculator","احسب نمو عدد الكلمات المتقدمة.","4b15aeb4-83fc-4ccf-88f8-c5cb7b9ee54c","formula","true",,"primary_with_fallback","false","2026-08-01T23:37:34.426969+00:00","2026-08-01T23:37:34.426969+00:00","seo-tools أدوات تحسين محركات البحث SEO Tools","false",""
"9f65d4f4-81c2-45b0-83b1-4b6a7df2f7c4","organic-impression-growth-calculator","حاسبة نمو الظهور العضوي","Organic Impression Growth Calculator","احسب نمو مرات الظهور العضوية.","4b15aeb4-83fc-4ccf-88f8-c5cb7b9ee54c","formula","true",,"primary_with_fallback","false","2026-08-01T23:37:34.426969+00:00","2026-08-01T23:37:34.426969+00:00","seo-tools أدوات تحسين محركات البحث SEO Tools","false",""
"4ee1bf3b-61fa-47b6-9e2b-a59f1ee9e188","backlink-growth-rate-calculator","حاسبة نمو الروابط الخلفية","Backlink Growth Rate Calculator","احسب نمو عدد الروابط الخلفية.","4b15aeb4-83fc-4ccf-88f8-c5cb7b9ee54c","formula","true",,"primary_with_fallback","false","2026-08-01T23:37:34.426969+00:00","2026-08-01T23:37:34.426969+00:00","seo-tools أدوات تحسين محركات البحث SEO Tools","false",""
"e7cf9c53-1400-4b28-997f-d5c436a5d20e","seo-content-roi-calculator","حاسبة عائد محتوى SEO","SEO Content ROI Calculator","احسب العائد على تكلفة محتوى SEO.","4b15aeb4-83fc-4ccf-88f8-c5cb7b9ee54c","formula","true",,"primary_with_fallback","false","2026-08-01T23:37:34.426969+00:00","2026-08-01T23:37:34.426969+00:00","seo-tools أدوات تحسين محركات البحث SEO Tools","false",""
"ba82a2e9-781e-4fff-9692-9f5d6e74ff03","cost-per-organic-lead-calculator","حاسبة تكلفة العميل العضوي المحتمل","Cost per Organic Lead Calculator","احسب تكلفة كل عميل محتمل عضوي.","4b15aeb4-83fc-4ccf-88f8-c5cb7b9ee54c","formula","true",,"primary_with_fallback","false","2026-08-01T23:37:34.426969+00:00","2026-08-01T23:37:34.426969+00:00","seo-tools أدوات تحسين محركات البحث SEO Tools","false",""
"355b75b2-ac08-4139-bf0d-8abec8f827de","indexed-pages-rate-calculator","حاسبة نسبة الصفحات المفهرسة","Indexed Pages Rate Calculator","احسب نسبة الصفحات المفهرسة.","4b15aeb4-83fc-4ccf-88f8-c5cb7b9ee54c","formula","true",,"primary_with_fallback","false","2026-08-01T23:37:34.426969+00:00","2026-08-01T23:37:34.426969+00:00","seo-tools أدوات تحسين محركات البحث SEO Tools","false",""
"63cd3b93-a646-4910-918d-7f8640777c9e","crawl-budget-utilization-calculator","حاسبة استغلال ميزانية الزحف","Crawl Budget Utilization Calculator","احسب نسبة طلبات الزحف المستخدمة.","4b15aeb4-83fc-4ccf-88f8-c5cb7b9ee54c","formula","true",,"primary_with_fallback","false","2026-08-01T23:37:34.426969+00:00","2026-08-01T23:37:34.426969+00:00","seo-tools أدوات تحسين محركات البحث SEO Tools","false",""
"c6e320ef-b7da-4f06-be85-a8a74eeeb92a","serp-click-share-calculator","حاسبة حصة النقر في نتائج البحث","SERP Click Share Calculator","احسب حصة النقرات مقارنة بإجمالي نقرات السوق.","4b15aeb4-83fc-4ccf-88f8-c5cb7b9ee54c","formula","true",,"primary_with_fallback","false","2026-08-01T23:37:34.426969+00:00","2026-08-01T23:37:34.426969+00:00","seo-tools أدوات تحسين محركات البحث SEO Tools","false",""
"4f5f5c02-6295-4792-99d7-dac87970ab94","page-weight-calculator","حاسبة وزن الصفحة","Page Weight Calculator","اجمع أحجام HTML وCSS وJS والصور.","28fd7e02-2722-473f-8547-368efc329469","formula","true",,"primary_with_fallback","false","2026-08-01T23:37:34.426969+00:00","2026-08-01T23:37:34.426969+00:00","web-tools أدوات الويب Web Tools","true","text:صور"
"27a9f9c4-65eb-48a0-9947-e99d3246f217","monthly-bandwidth-calculator","حاسبة استهلاك النطاق الشهري","Monthly Bandwidth Calculator","قدّر استهلاك البيانات من وزن الصفحة والزيارات.","28fd7e02-2722-473f-8547-368efc329469","formula","true",,"primary_with_fallback","false","2026-08-01T23:37:34.426969+00:00","2026-08-01T23:37:34.426969+00:00","web-tools أدوات الويب Web Tools","false",""
"0357238b-e1fb-4e50-947f-3fdf677d35b3","uptime-percentage-calculator","حاسبة نسبة وقت التشغيل","Uptime Percentage Calculator","احسب نسبة وقت التشغيل.","28fd7e02-2722-473f-8547-368efc329469","formula","true",,"primary_with_fallback","false","2026-08-01T23:37:34.426969+00:00","2026-08-01T23:37:34.426969+00:00","web-tools أدوات الويب Web Tools","false",""
"d37128ba-0638-4c02-87ea-9e41c612234e","api-error-rate-calculator","حاسبة معدل أخطاء API","API Error Rate Calculator","احسب نسبة الطلبات الفاشلة.","28fd7e02-2722-473f-8547-368efc329469","formula","true",,"primary_with_fallback","false","2026-08-01T23:37:34.426969+00:00","2026-08-01T23:37:34.426969+00:00","web-tools أدوات الويب Web Tools","false",""
"18d47479-1913-45c7-b56c-06cd27ebbe31","net-worth-calculator","حاسبة صافي الثروة","Net Worth Calculator","احسب صافي الثروة من الأصول والالتزامات.","a70dba16-896d-4e5b-9535-eb8a882a0b82","formula","true",,"primary_with_fallback","false","2026-08-01T23:37:34.426969+00:00","2026-08-01T23:37:34.426969+00:00","personal-finance-tools أدوات المالية الشخصية Personal Finance Tools","false",""
"56d1f20e-2417-4475-af7b-bb19561835f3","average-response-time-calculator","حاسبة متوسط زمن الاستجابة","Average Response Time Calculator","احسب متوسط زمن الاستجابة للطلبات.","28fd7e02-2722-473f-8547-368efc329469","formula","true",,"primary_with_fallback","false","2026-08-01T23:37:34.426969+00:00","2026-08-01T23:37:34.426969+00:00","web-tools أدوات الويب Web Tools","false",""
"f9bcb18d-9852-44bc-896d-c77caf105a3e","cache-hit-rate-calculator","حاسبة معدل إصابة التخزين المؤقت","Cache Hit Rate Calculator","احسب نسبة الطلبات المخدومة من الكاش.","28fd7e02-2722-473f-8547-368efc329469","formula","true",,"primary_with_fallback","false","2026-08-01T23:37:34.426969+00:00","2026-08-01T23:37:34.426969+00:00","web-tools أدوات الويب Web Tools","false",""
"76674c37-d7fb-4128-abbb-5694d5798b05","conversion-uplift-calculator","حاسبة تحسن التحويل","Conversion Uplift Calculator","احسب تحسن معدل التحويل بين نسختين.","28fd7e02-2722-473f-8547-368efc329469","formula","true",,"primary_with_fallback","false","2026-08-01T23:37:34.426969+00:00","2026-08-01T23:37:34.426969+00:00","web-tools أدوات الويب Web Tools","false",""
"df77feab-ebeb-43d2-87cc-ca90dd8fdaf1","bounce-rate-reduction-calculator","حاسبة انخفاض معدل الارتداد","Bounce Rate Reduction Calculator","احسب نسبة انخفاض معدل الارتداد.","28fd7e02-2722-473f-8547-368efc329469","formula","true",,"primary_with_fallback","false","2026-08-01T23:37:34.426969+00:00","2026-08-01T23:37:34.426969+00:00","web-tools أدوات الويب Web Tools","false",""
"2b48782c-3f9c-43e4-9ba0-8268e9412ee5","server-cost-per-user-calculator","حاسبة تكلفة الخادم لكل مستخدم","Server Cost per User Calculator","احسب تكلفة البنية لكل مستخدم نشط.","28fd7e02-2722-473f-8547-368efc329469","formula","true",,"primary_with_fallback","false","2026-08-01T23:37:34.426969+00:00","2026-08-01T23:37:34.426969+00:00","web-tools أدوات الويب Web Tools","false",""
"cdf64c62-bace-4a82-8966-c9996685c644","data-transfer-cost-calculator","حاسبة تكلفة نقل البيانات","Data Transfer Cost Calculator","احسب تكلفة نقل البيانات حسب الجيجابايت.","28fd7e02-2722-473f-8547-368efc329469","formula","true",,"primary_with_fallback","false","2026-08-01T23:37:34.426969+00:00","2026-08-01T23:37:34.426969+00:00","web-tools أدوات الويب Web Tools","false",""
"e65e2c22-b3b9-432a-81c2-b55a8f500aa7","font-license-cost-calculator","حاسبة تكلفة ترخيص الخط","Font License Cost Calculator","احسب تكلفة الترخيص حسب عدد المستخدمين.","30c334cb-6d70-4b9c-b6ce-f7f7f2a773b1","formula","true",,"primary_with_fallback","false","2026-08-01T23:37:34.426969+00:00","2026-08-01T23:37:34.426969+00:00","design-tools أدوات التصميم Design Tools","false",""
"729af9a7-8eae-43fb-b5b4-9244ce293dc8","design-project-quote-calculator","حاسبة تسعير مشروع التصميم","Design Project Quote Calculator","احسب تسعير المشروع من الساعات والتكاليف.","30c334cb-6d70-4b9c-b6ce-f7f7f2a773b1","formula","true",,"primary_with_fallback","false","2026-08-01T23:37:34.426969+00:00","2026-08-01T23:37:34.426969+00:00","design-tools أدوات التصميم Design Tools","false",""
"7a1d15ee-3e0f-45fe-b0ce-cec77e81f588","revision-cost-calculator","حاسبة تكلفة التعديلات","Revision Cost Calculator","احسب تكلفة جولات التعديل الإضافية.","30c334cb-6d70-4b9c-b6ce-f7f7f2a773b1","formula","true",,"primary_with_fallback","false","2026-08-01T23:37:34.426969+00:00","2026-08-01T23:37:34.426969+00:00","design-tools أدوات التصميم Design Tools","false",""
"e8d9a146-f557-4a17-b604-8e6d653a2b7d","print-size-with-bleed-calculator","حاسبة المقاس مع النزف","Print Size with Bleed Calculator","احسب المقاس النهائي بعد إضافة النزف من الجانبين.","30c334cb-6d70-4b9c-b6ce-f7f7f2a773b1","formula","true",,"primary_with_fallback","false","2026-08-01T23:37:34.426969+00:00","2026-08-01T23:37:34.426969+00:00","design-tools أدوات التصميم Design Tools","false",""
"368ae09c-468a-40af-b727-88ff853482d4","pixel-width-from-dpi-calculator","حاسبة عرض البكسل من DPI","Pixel Width from DPI Calculator","حوّل عرض الطباعة بالبوصة إلى بكسل.","30c334cb-6d70-4b9c-b6ce-f7f7f2a773b1","formula","true",,"primary_with_fallback","false","2026-08-01T23:37:34.426969+00:00","2026-08-01T23:37:34.426969+00:00","design-tools أدوات التصميم Design Tools","false",""
"ebae0dda-2442-449b-8758-e48d893eac63","pixel-height-from-dpi-calculator","حاسبة ارتفاع البكسل من DPI","Pixel Height from DPI Calculator","حوّل ارتفاع الطباعة بالبوصة إلى بكسل.","30c334cb-6d70-4b9c-b6ce-f7f7f2a773b1","formula","true",,"primary_with_fallback","false","2026-08-01T23:37:34.426969+00:00","2026-08-01T23:37:34.426969+00:00","design-tools أدوات التصميم Design Tools","false",""
"34bef29b-da29-408f-a517-8666c938955b","design-utilization-rate-calculator","حاسبة استغلال وقت المصمم","Designer Utilization Rate Calculator","احسب نسبة الساعات القابلة للفوترة.","30c334cb-6d70-4b9c-b6ce-f7f7f2a773b1","formula","true",,"primary_with_fallback","false","2026-08-01T23:37:34.426969+00:00","2026-08-01T23:37:34.426969+00:00","design-tools أدوات التصميم Design Tools","false",""
"d2f05424-29be-4ac8-b801-9659269457a0","render-time-estimator","حاسبة زمن الرندر","Render Time Estimator","قدّر زمن الرندر الكلي من عدد الإطارات.","30c334cb-6d70-4b9c-b6ce-f7f7f2a773b1","formula","true",,"primary_with_fallback","false","2026-08-01T23:37:34.426969+00:00","2026-08-01T23:37:34.426969+00:00","design-tools أدوات التصميم Design Tools","false",""
"a1c60822-18aa-492a-ab63-011f35f6f883","print-run-cost-calculator","حاسبة تكلفة كمية الطباعة","Print Run Cost Calculator","احسب تكلفة الطباعة من الكمية وسعر الوحدة.","30c334cb-6d70-4b9c-b6ce-f7f7f2a773b1","formula","true",,"primary_with_fallback","false","2026-08-01T23:37:34.426969+00:00","2026-08-01T23:37:34.426969+00:00","design-tools أدوات التصميم Design Tools","false",""
"dfebeefd-a58c-4560-aab3-1eb6423266b5","first-response-time-calculator","حاسبة متوسط أول رد","First Response Time Calculator","احسب متوسط زمن أول استجابة.","ad5fae7d-fbe7-492c-8e88-9d47898fa0c7","formula","true",,"primary_with_fallback","false","2026-08-01T23:37:34.426969+00:00","2026-08-01T23:37:34.426969+00:00","customer-service-tools أدوات خدمة العملاء Customer Service Tools","false",""
"f8c2ec5d-b7b9-43f2-b331-f521349c4874","average-resolution-time-calculator","حاسبة متوسط زمن الحل","Average Resolution Time Calculator","احسب متوسط زمن حل التذاكر.","ad5fae7d-fbe7-492c-8e88-9d47898fa0c7","formula","true",,"primary_with_fallback","false","2026-08-01T23:37:34.426969+00:00","2026-08-01T23:37:34.426969+00:00","customer-service-tools أدوات خدمة العملاء Customer Service Tools","false",""
"c631cab7-de21-4c18-a263-9892bb4572fb","csat-score-calculator","حاسبة رضا العملاء CSAT","CSAT Score Calculator","احسب نسبة التقييمات الإيجابية.","ad5fae7d-fbe7-492c-8e88-9d47898fa0c7","formula","true",,"primary_with_fallback","false","2026-08-01T23:37:34.426969+00:00","2026-08-01T23:37:34.426969+00:00","customer-service-tools أدوات خدمة العملاء Customer Service Tools","false",""
"792f3e04-0a38-4271-9980-f0ac1f64f406","nps-score-calculator","حاسبة صافي نقاط الترويج NPS","NPS Score Calculator","احسب NPS من المروجين والمنتقدين.","ad5fae7d-fbe7-492c-8e88-9d47898fa0c7","formula","true",,"primary_with_fallback","false","2026-08-01T23:37:34.426969+00:00","2026-08-01T23:37:34.426969+00:00","customer-service-tools أدوات خدمة العملاء Customer Service Tools","false",""
"97540b60-1586-4ab4-891d-3721fe73fafd","ticket-backlog-calculator","حاسبة تراكم التذاكر","Ticket Backlog Calculator","احسب التذاكر المتبقية غير المحلولة.","ad5fae7d-fbe7-492c-8e88-9d47898fa0c7","formula","true",,"primary_with_fallback","false","2026-08-01T23:37:34.426969+00:00","2026-08-01T23:37:34.426969+00:00","customer-service-tools أدوات خدمة العملاء Customer Service Tools","false",""
"d6c00fb9-6fd5-4a3d-ad61-61329629fd15","support-cost-per-ticket-calculator","حاسبة تكلفة الدعم لكل تذكرة","Support Cost per Ticket Calculator","احسب متوسط تكلفة دعم التذكرة.","ad5fae7d-fbe7-492c-8e88-9d47898fa0c7","formula","true",,"primary_with_fallback","false","2026-08-01T23:37:34.426969+00:00","2026-08-01T23:37:34.426969+00:00","customer-service-tools أدوات خدمة العملاء Customer Service Tools","false",""
"c7df5c66-fcd1-49f5-9fbc-8f7efdccf39d","self-service-deflection-rate-calculator","حاسبة تحويل الخدمة الذاتية","Self-service Deflection Rate Calculator","احسب نسبة الحالات التي حُلّت بالخدمة الذاتية.","ad5fae7d-fbe7-492c-8e88-9d47898fa0c7","formula","true",,"primary_with_fallback","false","2026-08-01T23:37:34.426969+00:00","2026-08-01T23:37:34.426969+00:00","customer-service-tools أدوات خدمة العملاء Customer Service Tools","false",""
"48b53a7c-03c6-4999-8d5f-1549fb504a19","sla-compliance-rate-calculator","حاسبة الالتزام بـ SLA","SLA Compliance Rate Calculator","احسب نسبة التذاكر المنجزة ضمن SLA.","ad5fae7d-fbe7-492c-8e88-9d47898fa0c7","formula","true",,"primary_with_fallback","false","2026-08-01T23:37:34.426969+00:00","2026-08-01T23:37:34.426969+00:00","customer-service-tools أدوات خدمة العملاء Customer Service Tools","false",""
"23e44fd9-e431-4333-91bc-caef94529bad","escalation-rate-calculator","حاسبة معدل التصعيد","Escalation Rate Calculator","احسب نسبة التذاكر التي تم تصعيدها.","ad5fae7d-fbe7-492c-8e88-9d47898fa0c7","formula","true",,"primary_with_fallback","false","2026-08-01T23:37:34.426969+00:00","2026-08-01T23:37:34.426969+00:00","customer-service-tools أدوات خدمة العملاء Customer Service Tools","false",""
"62c1f474-92ca-40cd-a275-869b5742788e","support-agent-utilization-calculator","حاسبة استغلال موظف الدعم","Support Agent Utilization Calculator","احسب نسبة وقت العمل المنتج لموظف الدعم.","ad5fae7d-fbe7-492c-8e88-9d47898fa0c7","formula","true",,"primary_with_fallback","false","2026-08-01T23:37:34.426969+00:00","2026-08-01T23:37:34.426969+00:00","customer-service-tools أدوات خدمة العملاء Customer Service Tools","false",""
"c4c8ea65-efcf-45ac-b576-bb3dbbef2209","monthly-savings-rate-calculator","حاسبة معدل الادخار الشهري","Monthly Savings Rate Calculator","احسب نسبة الادخار من الدخل.","a70dba16-896d-4e5b-9535-eb8a882a0b82","formula","true",,"primary_with_fallback","false","2026-08-01T23:37:34.426969+00:00","2026-08-01T23:37:34.426969+00:00","personal-finance-tools أدوات المالية الشخصية Personal Finance Tools","false",""
"d4e5b866-aecf-42ed-a777-466ba2e16e8f","emergency-fund-months-calculator","حاسبة أشهر صندوق الطوارئ","Emergency Fund Months Calculator","احسب عدد الأشهر التي يغطيها صندوق الطوارئ.","a70dba16-896d-4e5b-9535-eb8a882a0b82","formula","true",,"primary_with_fallback","false","2026-08-01T23:37:34.426969+00:00","2026-08-01T23:37:34.426969+00:00","personal-finance-tools أدوات المالية الشخصية Personal Finance Tools","false",""
"d83a7759-cc18-432c-91bb-aa7fff5aef7b","debt-to-income-ratio-calculator","حاسبة نسبة الدين إلى الدخل","Debt-to-Income Ratio Calculator","احسب نسبة الأقساط إلى الدخل الشهري.","a70dba16-896d-4e5b-9535-eb8a882a0b82","formula","true",,"primary_with_fallback","false","2026-08-01T23:37:34.426969+00:00","2026-08-01T23:37:34.426969+00:00","personal-finance-tools أدوات المالية الشخصية Personal Finance Tools","false",""
"74f4f4f0-a751-4b3b-99e2-373d643fc7fa","simple-loan-interest-calculator","حاسبة الفائدة البسيطة للقرض","Simple Loan Interest Calculator","احسب الفائدة البسيطة للقرض.","a70dba16-896d-4e5b-9535-eb8a882a0b82","formula","true",,"primary_with_fallback","false","2026-08-01T23:37:34.426969+00:00","2026-08-01T23:37:34.426969+00:00","personal-finance-tools أدوات المالية الشخصية Personal Finance Tools","false",""
"cdc0fb23-b113-4ebb-852c-cba397d33b95","monthly-savings-goal-calculator","حاسبة الادخار الشهري للهدف","Monthly Savings Goal Calculator","احسب المبلغ الشهري اللازم للوصول إلى هدف.","a70dba16-896d-4e5b-9535-eb8a882a0b82","formula","true",,"primary_with_fallback","false","2026-08-01T23:37:34.426969+00:00","2026-08-01T23:37:34.426969+00:00","personal-finance-tools أدوات المالية الشخصية Personal Finance Tools","false",""
"13d4084f-f983-40eb-984a-958963b80a19","monthly-budget-remainder-calculator","حاسبة المتبقي من الميزانية","Monthly Budget Remainder Calculator","احسب المتبقي بعد المصروفات والادخار.","a70dba16-896d-4e5b-9535-eb8a882a0b82","formula","true",,"primary_with_fallback","false","2026-08-01T23:37:34.426969+00:00","2026-08-01T23:37:34.426969+00:00","personal-finance-tools أدوات المالية الشخصية Personal Finance Tools","false",""
"66dc9d1d-9754-4ad3-b761-82e24269a4e6","expense-growth-rate-calculator","حاسبة نمو المصروفات","Expense Growth Rate Calculator","احسب تغير المصروفات بين فترتين.","a70dba16-896d-4e5b-9535-eb8a882a0b82","formula","true",,"primary_with_fallback","false","2026-08-01T23:37:34.426969+00:00","2026-08-01T23:37:34.426969+00:00","personal-finance-tools أدوات المالية الشخصية Personal Finance Tools","false",""
"0334efcc-53f2-460c-b70f-01c4569cf82e","annual-subscription-cost-calculator","حاسبة تكلفة الاشتراكات السنوية","Annual Subscription Cost Calculator","احسب مجموع تكلفة الاشتراكات خلال سنة.","a70dba16-896d-4e5b-9535-eb8a882a0b82","formula","true",,"primary_with_fallback","false","2026-08-01T23:37:34.426969+00:00","2026-08-01T23:37:34.426969+00:00","personal-finance-tools أدوات المالية الشخصية Personal Finance Tools","false",""
"c7de5ca3-6758-43e9-9a34-ad181c711429","personal-cash-flow-calculator","حاسبة التدفق النقدي الشخصي","Personal Cash Flow Calculator","احسب صافي التدفق النقدي الشهري.","a70dba16-896d-4e5b-9535-eb8a882a0b82","formula","true",,"primary_with_fallback","false","2026-08-01T23:37:34.426969+00:00","2026-08-01T23:37:34.426969+00:00","personal-finance-tools أدوات المالية الشخصية Personal Finance Tools","false",""
"80f1d1f0-b291-48c4-b722-84f9d7510dc2","guest-acquisition-cost-calculator","حاسبة تكلفة اكتساب النزيل","Guest Acquisition Cost Calculator","احسب تكلفة اكتساب حجز جديد.","c548a82d-7879-4f49-9ccc-8fac90edb7b7","formula","true",,"primary_with_fallback","false","2026-08-01T23:37:37.287156+00:00","2026-08-01T23:37:37.287156+00:00","hospitality-tools أدوات الضيافة والفنادق Hospitality Tools","false",""
"fe78ea12-818d-42ff-b5c7-f5b4fe8d4a41","home-electricity-cost-calculator","حاسبة تكلفة كهرباء المنزل","Home Electricity Cost Calculator","قدّر تكلفة الكهرباء من الاستهلاك وسعر الكيلوواط.","d986c29e-dd89-4ddf-86d3-e5cd049f04b0","formula","true",,"primary_with_fallback","false","2026-08-01T23:37:37.287156+00:00","2026-08-01T23:37:37.287156+00:00","home-tools أدوات المنزل Home Tools","false",""
"d143472d-cfc6-417d-8f10-4758ff55faa9","water-bill-estimator","حاسبة فاتورة المياه","Water Bill Estimator","قدّر فاتورة المياه من الاستهلاك وسعر الوحدة.","d986c29e-dd89-4ddf-86d3-e5cd049f04b0","formula","true",,"primary_with_fallback","false","2026-08-01T23:37:37.287156+00:00","2026-08-01T23:37:37.287156+00:00","home-tools أدوات المنزل Home Tools","false",""
"a548473c-132a-4ce6-9b3c-4979e7645990","air-conditioner-monthly-cost-calculator","حاسبة تكلفة المكيف شهريًا","Air Conditioner Monthly Cost Calculator","احسب تكلفة تشغيل المكيف شهريًا.","d986c29e-dd89-4ddf-86d3-e5cd049f04b0","formula","true",,"primary_with_fallback","false","2026-08-01T23:37:37.287156+00:00","2026-08-01T23:37:37.287156+00:00","home-tools أدوات المنزل Home Tools","false",""
"36d27e9e-cc2c-4526-a043-55022caf9eb7","room-paint-cost-calculator","حاسبة تكلفة دهان الغرفة","Room Paint Cost Calculator","قدّر تكلفة الدهان من المساحة والتغطية وسعر اللتر.","d986c29e-dd89-4ddf-86d3-e5cd049f04b0","formula","true",,"primary_with_fallback","false","2026-08-01T23:37:37.287156+00:00","2026-08-01T23:37:37.287156+00:00","home-tools أدوات المنزل Home Tools","false",""
"9c74194b-6a35-4fd1-8e42-851c690d4fdc","flooring-cost-calculator","حاسبة تكلفة الأرضيات","Flooring Cost Calculator","احسب تكلفة الأرضيات مع نسبة الهدر.","d986c29e-dd89-4ddf-86d3-e5cd049f04b0","formula","true",,"primary_with_fallback","false","2026-08-01T23:37:37.287156+00:00","2026-08-01T23:37:37.287156+00:00","home-tools أدوات المنزل Home Tools","false",""
"546a27df-d172-4754-bf9b-a1395d8f58d5","cycling-speed-calculator","حاسبة سرعة ركوب الدراجة","Cycling Speed Calculator","احسب السرعة المتوسطة.","41d6fbf4-ec14-4506-96f4-064765f05d3f","formula","true",,"primary_with_fallback","false","2026-08-01T23:37:37.287156+00:00","2026-08-01T23:37:37.287156+00:00","fitness-tools أدوات اللياقة Fitness Tools","false",""
"16cc04b1-e39a-4566-a918-d0b3065b6c8d","home-cleaning-cost-calculator","حاسبة تكلفة تنظيف المنزل","Home Cleaning Cost Calculator","احسب تكلفة التنظيف حسب الساعات والسعر.","d986c29e-dd89-4ddf-86d3-e5cd049f04b0","formula","true",,"primary_with_fallback","false","2026-08-01T23:37:37.287156+00:00","2026-08-01T23:37:37.287156+00:00","home-tools أدوات المنزل Home Tools","false",""
"337ae2c6-eae5-497a-88da-3470e34c6974","solar-payback-period-calculator","حاسبة فترة استرداد الطاقة الشمسية","Solar Payback Period Calculator","قدّر سنوات استرداد تكلفة النظام الشمسي.","d986c29e-dd89-4ddf-86d3-e5cd049f04b0","formula","true",,"primary_with_fallback","false","2026-08-01T23:37:37.287156+00:00","2026-08-01T23:37:37.287156+00:00","home-tools أدوات المنزل Home Tools","false",""
"02abc274-ec1a-4cdd-926d-6be7ffade0a1","home-maintenance-budget-calculator","حاسبة ميزانية صيانة المنزل","Home Maintenance Budget Calculator","قدّر ميزانية الصيانة السنوية كنسبة من قيمة المنزل.","d986c29e-dd89-4ddf-86d3-e5cd049f04b0","formula","true",,"primary_with_fallback","false","2026-08-01T23:37:37.287156+00:00","2026-08-01T23:37:37.287156+00:00","home-tools أدوات المنزل Home Tools","false",""
"209296d4-3aed-4ec8-8069-accc0dd48019","appliance-usage-cost-calculator","حاسبة تكلفة تشغيل جهاز","Appliance Usage Cost Calculator","احسب تكلفة تشغيل جهاز لفترة محددة.","d986c29e-dd89-4ddf-86d3-e5cd049f04b0","formula","true",,"primary_with_fallback","false","2026-08-01T23:37:37.287156+00:00","2026-08-01T23:37:37.287156+00:00","home-tools أدوات المنزل Home Tools","false",""
"420d43d6-267a-4b6c-ac14-a2e754131a9b","moving-cost-calculator","حاسبة تكلفة نقل الأثاث","Moving Cost Calculator","قدّر تكلفة النقل من المسافة وساعات العمل.","d986c29e-dd89-4ddf-86d3-e5cd049f04b0","formula","true",,"primary_with_fallback","false","2026-08-01T23:37:37.287156+00:00","2026-08-01T23:37:37.287156+00:00","home-tools أدوات المنزل Home Tools","false",""
"a7b6a543-46d3-4f69-be08-74e8874b20a6","retail-gross-margin-calculator","حاسبة هامش التجزئة","Retail Gross Margin Calculator","احسب هامش الربح الإجمالي للتجزئة.","9837c58e-4758-48e2-b245-d0066844ed7d","formula","true",,"primary_with_fallback","false","2026-08-01T23:37:37.287156+00:00","2026-08-01T23:37:37.287156+00:00","retail-tools أدوات التجزئة Retail Tools","false",""
"aba4d853-415f-4b7c-b3b7-688359621137","sell-through-rate-calculator","حاسبة معدل البيع من المخزون","Sell-through Rate Calculator","احسب نسبة الوحدات المباعة من المخزون المتاح.","9837c58e-4758-48e2-b245-d0066844ed7d","formula","true",,"primary_with_fallback","false","2026-08-01T23:37:37.287156+00:00","2026-08-01T23:37:37.287156+00:00","retail-tools أدوات التجزئة Retail Tools","false",""
"5edb7d98-5c78-49d4-a3ac-ab0d20bed18c","retail-stockout-rate-calculator","حاسبة معدل نفاد المخزون","Stockout Rate Calculator","احسب نسبة مرات نفاد المخزون.","9837c58e-4758-48e2-b245-d0066844ed7d","formula","true",,"primary_with_fallback","false","2026-08-01T23:37:37.287156+00:00","2026-08-01T23:37:37.287156+00:00","retail-tools أدوات التجزئة Retail Tools","false",""
"af3fcfbf-7d4c-4b9f-8865-c31a9dc17d68","retail-discount-impact-calculator","حاسبة أثر الخصم على الإيراد","Retail Discount Impact Calculator","احسب قيمة الخصم الإجمالية.","9837c58e-4758-48e2-b245-d0066844ed7d","formula","true",,"primary_with_fallback","false","2026-08-01T23:37:37.287156+00:00","2026-08-01T23:37:37.287156+00:00","retail-tools أدوات التجزئة Retail Tools","false",""
"df3cdb0c-ca14-4bf1-aa79-457ccb5ce1a8","sales-per-square-meter-calculator","حاسبة المبيعات لكل متر مربع","Sales per Square Meter Calculator","احسب مبيعات المتجر لكل متر مربع.","9837c58e-4758-48e2-b245-d0066844ed7d","formula","true",,"primary_with_fallback","false","2026-08-01T23:37:37.287156+00:00","2026-08-01T23:37:37.287156+00:00","retail-tools أدوات التجزئة Retail Tools","false",""
"47e94de7-ff31-451e-90ea-b919d636b55d","retail-labor-productivity-calculator","حاسبة إنتاجية موظفي التجزئة","Retail Labor Productivity Calculator","احسب المبيعات لكل ساعة عمل.","9837c58e-4758-48e2-b245-d0066844ed7d","formula","true",,"primary_with_fallback","false","2026-08-01T23:37:37.287156+00:00","2026-08-01T23:37:37.287156+00:00","retail-tools أدوات التجزئة Retail Tools","false",""
"0209afb9-034b-4f7a-9048-4fffe0688551","basket-size-calculator","حاسبة متوسط عدد المنتجات في السلة","Average Basket Size Calculator","احسب عدد الوحدات في الطلب الواحد.","9837c58e-4758-48e2-b245-d0066844ed7d","formula","true",,"primary_with_fallback","false","2026-08-01T23:37:37.287156+00:00","2026-08-01T23:37:37.287156+00:00","retail-tools أدوات التجزئة Retail Tools","false",""
"4f60b875-292f-4005-9e14-d9d14703e8f8","store-conversion-rate-calculator","حاسبة تحويل زوار المتجر","Store Conversion Rate Calculator","احسب نسبة الزوار الذين اشتروا.","9837c58e-4758-48e2-b245-d0066844ed7d","formula","true",,"primary_with_fallback","false","2026-08-01T23:37:37.287156+00:00","2026-08-01T23:37:37.287156+00:00","retail-tools أدوات التجزئة Retail Tools","false",""
"9a2eb885-c213-4e34-8f1a-88b1f4c30488","retail-shrinkage-rate-calculator","حاسبة فاقد المخزون","Retail Shrinkage Rate Calculator","احسب فاقد المخزون كنسبة من القيمة الدفترية.","9837c58e-4758-48e2-b245-d0066844ed7d","formula","true",,"primary_with_fallback","false","2026-08-01T23:37:37.287156+00:00","2026-08-01T23:37:37.287156+00:00","retail-tools أدوات التجزئة Retail Tools","false",""
"dfd0c7b6-93c0-464a-82cc-1d1ff1b44747","branch-sales-target-calculator","حاسبة هدف الفرع اليومي","Branch Daily Sales Target Calculator","قسّم هدف المبيعات الشهري على أيام العمل.","9837c58e-4758-48e2-b245-d0066844ed7d","formula","true",,"primary_with_fallback","false","2026-08-01T23:37:37.287156+00:00","2026-08-01T23:37:37.287156+00:00","retail-tools أدوات التجزئة Retail Tools","false",""
"83aae4c4-6344-42bb-9bd2-63a2994ccb1c","overall-equipment-effectiveness-calculator","حاسبة فعالية المعدات OEE","Overall Equipment Effectiveness Calculator","احسب OEE من التوفر والأداء والجودة.","1f589ef1-560d-4782-ace7-a1976d89ddd9","formula","true",,"primary_with_fallback","false","2026-08-01T23:37:37.287156+00:00","2026-08-01T23:37:37.287156+00:00","manufacturing-tools أدوات التصنيع Manufacturing Tools","false",""
"21b16832-0085-46b5-857b-d2355f0c705d","production-yield-calculator","حاسبة عائد الإنتاج","Production Yield Calculator","احسب نسبة الوحدات الجيدة.","1f589ef1-560d-4782-ace7-a1976d89ddd9","formula","true",,"primary_with_fallback","false","2026-08-01T23:37:37.287156+00:00","2026-08-01T23:37:37.287156+00:00","manufacturing-tools أدوات التصنيع Manufacturing Tools","false",""
"026cd13c-13d5-4a8a-8f12-54ff2634e063","scrap-rate-calculator","حاسبة معدل الخردة","Scrap Rate Calculator","احسب نسبة الوحدات المهدرة.","1f589ef1-560d-4782-ace7-a1976d89ddd9","formula","true",,"primary_with_fallback","false","2026-08-01T23:37:37.287156+00:00","2026-08-01T23:37:37.287156+00:00","manufacturing-tools أدوات التصنيع Manufacturing Tools","false",""
"fa864571-63cb-4116-84b6-905306f9ae90","manufacturing-cycle-time-calculator","حاسبة زمن دورة الإنتاج","Manufacturing Cycle Time Calculator","احسب متوسط الزمن لكل وحدة.","1f589ef1-560d-4782-ace7-a1976d89ddd9","formula","true",,"primary_with_fallback","false","2026-08-01T23:37:37.287156+00:00","2026-08-01T23:37:37.287156+00:00","manufacturing-tools أدوات التصنيع Manufacturing Tools","false",""
"bcfc0075-e8af-4d4f-8d65-3765b81524f5","running-pace-calculator","حاسبة وتيرة الجري","Running Pace Calculator","احسب الدقائق لكل كيلومتر.","41d6fbf4-ec14-4506-96f4-064765f05d3f","formula","true",,"primary_with_fallback","false","2026-08-01T23:37:37.287156+00:00","2026-08-01T23:37:37.287156+00:00","fitness-tools أدوات اللياقة Fitness Tools","false",""
"b14edede-25d5-4359-bbec-45631b51d60b","production-capacity-calculator","حاسبة الطاقة الإنتاجية","Production Capacity Calculator","قدّر عدد الوحدات الممكن إنتاجها.","1f589ef1-560d-4782-ace7-a1976d89ddd9","formula","true",,"primary_with_fallback","false","2026-08-01T23:37:37.287156+00:00","2026-08-01T23:37:37.287156+00:00","manufacturing-tools أدوات التصنيع Manufacturing Tools","false",""
"2a2fa364-a742-4aba-994e-8c6a0774fb92","unit-production-cost-calculator","حاسبة تكلفة الوحدة الصناعية","Unit Production Cost Calculator","احسب تكلفة إنتاج الوحدة.","1f589ef1-560d-4782-ace7-a1976d89ddd9","formula","true",,"primary_with_fallback","false","2026-08-01T23:37:37.287156+00:00","2026-08-01T23:37:37.287156+00:00","manufacturing-tools أدوات التصنيع Manufacturing Tools","false",""
"a72a3e9d-3a6f-4bb1-aa97-a446e3d22eaf","machine-downtime-rate-calculator","حاسبة معدل توقف الآلة","Machine Downtime Rate Calculator","احسب نسبة وقت التوقف.","1f589ef1-560d-4782-ace7-a1976d89ddd9","formula","true",,"primary_with_fallback","false","2026-08-01T23:37:37.287156+00:00","2026-08-01T23:37:37.287156+00:00","manufacturing-tools أدوات التصنيع Manufacturing Tools","false",""
"56f4c3b0-c2f5-4d89-aaa5-8684e792a82f","defect-cost-calculator","حاسبة تكلفة العيوب","Defect Cost Calculator","احسب تكلفة العيوب من العدد وتكلفة العيب.","1f589ef1-560d-4782-ace7-a1976d89ddd9","formula","true",,"primary_with_fallback","false","2026-08-01T23:37:37.287156+00:00","2026-08-01T23:37:37.287156+00:00","manufacturing-tools أدوات التصنيع Manufacturing Tools","false",""
"01b5d86c-d48b-4340-8a1b-9a18526b08d3","raw-material-usage-variance-calculator","حاسبة انحراف استخدام المواد","Material Usage Variance Calculator","احسب فرق الاستخدام الفعلي عن المعياري.","1f589ef1-560d-4782-ace7-a1976d89ddd9","formula","true",,"primary_with_fallback","false","2026-08-01T23:37:37.287156+00:00","2026-08-01T23:37:37.287156+00:00","manufacturing-tools أدوات التصنيع Manufacturing Tools","false",""
"4ec3160f-99f6-458c-a618-1240f7d8b0ae","manufacturing-energy-cost-per-unit-calculator","حاسبة طاقة التصنيع لكل وحدة","Manufacturing Energy Cost per Unit Calculator","احسب تكلفة الطاقة لكل وحدة منتجة.","1f589ef1-560d-4782-ace7-a1976d89ddd9","formula","true",,"primary_with_fallback","false","2026-08-01T23:37:37.287156+00:00","2026-08-01T23:37:37.287156+00:00","manufacturing-tools أدوات التصنيع Manufacturing Tools","false",""
"57f10210-51d8-44f9-8d5b-d5235e4944dd","earned-value-calculator","حاسبة القيمة المكتسبة","Earned Value Calculator","احسب القيمة المكتسبة من الميزانية ونسبة الإنجاز.","4ec70177-4bfe-4bef-9594-50c8919eb1d3","formula","true",,"primary_with_fallback","false","2026-08-01T23:37:37.287156+00:00","2026-08-01T23:37:37.287156+00:00","project-management-tools أدوات إدارة المشاريع Project Management Tools","false",""
"c4d8a539-d656-4400-a35d-41394428d3cb","cost-performance-index-calculator","حاسبة مؤشر أداء التكلفة","Cost Performance Index Calculator","احسب CPI من القيمة المكتسبة والتكلفة الفعلية.","4ec70177-4bfe-4bef-9594-50c8919eb1d3","formula","true",,"primary_with_fallback","false","2026-08-01T23:37:37.287156+00:00","2026-08-01T23:37:37.287156+00:00","project-management-tools أدوات إدارة المشاريع Project Management Tools","false",""
"ee8b390f-3252-4d32-8c41-14182f46571d","schedule-performance-index-calculator","حاسبة مؤشر أداء الجدول","Schedule Performance Index Calculator","احسب SPI من القيمة المكتسبة والمخططة.","4ec70177-4bfe-4bef-9594-50c8919eb1d3","formula","true",,"primary_with_fallback","false","2026-08-01T23:37:37.287156+00:00","2026-08-01T23:37:37.287156+00:00","project-management-tools أدوات إدارة المشاريع Project Management Tools","false",""
"74cbcbf6-7cbc-493b-a4e7-3f0cc99d92fa","project-budget-variance-calculator","حاسبة انحراف الميزانية","Project Budget Variance Calculator","احسب فرق الميزانية عن التكلفة الفعلية.","4ec70177-4bfe-4bef-9594-50c8919eb1d3","formula","true",,"primary_with_fallback","false","2026-08-01T23:37:37.287156+00:00","2026-08-01T23:37:37.287156+00:00","project-management-tools أدوات إدارة المشاريع Project Management Tools","false",""
"58b4731e-6055-46fa-92e2-18265048b4e4","project-schedule-variance-days-calculator","حاسبة انحراف الجدول بالأيام","Schedule Variance in Days Calculator","احسب فرق الأيام بين الخطة والفعل.","4ec70177-4bfe-4bef-9594-50c8919eb1d3","formula","true",,"primary_with_fallback","false","2026-08-01T23:37:37.287156+00:00","2026-08-01T23:37:37.287156+00:00","project-management-tools أدوات إدارة المشاريع Project Management Tools","false",""
"30cd9df7-152b-4b56-9494-5ea8170b95e1","resource-utilization-calculator","حاسبة استغلال موارد المشروع","Project Resource Utilization Calculator","احسب الساعات المستخدمة من المتاحة.","4ec70177-4bfe-4bef-9594-50c8919eb1d3","formula","true",,"primary_with_fallback","false","2026-08-01T23:37:37.287156+00:00","2026-08-01T23:37:37.287156+00:00","project-management-tools أدوات إدارة المشاريع Project Management Tools","false",""
"266e3eaf-85cf-4088-ab87-eb25c4daaceb","project-risk-exposure-calculator","حاسبة التعرض للمخاطر","Project Risk Exposure Calculator","احسب التعرض المتوقع للمخاطر.","4ec70177-4bfe-4bef-9594-50c8919eb1d3","formula","true",,"primary_with_fallback","false","2026-08-01T23:37:37.287156+00:00","2026-08-01T23:37:37.287156+00:00","project-management-tools أدوات إدارة المشاريع Project Management Tools","false",""
"9e085259-e7e4-4507-a302-7b30debbdd20","project-burn-rate-calculator","حاسبة معدل حرق الميزانية","Project Burn Rate Calculator","احسب متوسط الإنفاق الشهري.","4ec70177-4bfe-4bef-9594-50c8919eb1d3","formula","true",,"primary_with_fallback","false","2026-08-01T23:37:37.287156+00:00","2026-08-01T23:37:37.287156+00:00","project-management-tools أدوات إدارة المشاريع Project Management Tools","false",""
"73e05254-c439-4dad-bb29-f1f05b898985","estimate-at-completion-calculator","حاسبة التكلفة المتوقعة عند الإكمال","Estimate at Completion Calculator","قدّر تكلفة المشروع عند الإكمال.","4ec70177-4bfe-4bef-9594-50c8919eb1d3","formula","true",,"primary_with_fallback","false","2026-08-01T23:37:37.287156+00:00","2026-08-01T23:37:37.287156+00:00","project-management-tools أدوات إدارة المشاريع Project Management Tools","false",""
"4f205c1a-6db3-4789-b64d-05db4a2a33c3","team-velocity-calculator","حاسبة سرعة الفريق","Team Velocity Calculator","احسب متوسط النقاط المنجزة لكل دورة.","4ec70177-4bfe-4bef-9594-50c8919eb1d3","formula","true",,"primary_with_fallback","false","2026-08-01T23:37:37.287156+00:00","2026-08-01T23:37:37.287156+00:00","project-management-tools أدوات إدارة المشاريع Project Management Tools","false",""
"77a4fd39-c6bd-43fe-93cf-99432fc50824","hotel-occupancy-rate-calculator","حاسبة إشغال الفندق","Hotel Occupancy Rate Calculator","احسب نسبة الغرف المشغولة.","c548a82d-7879-4f49-9ccc-8fac90edb7b7","formula","true",,"primary_with_fallback","false","2026-08-01T23:37:37.287156+00:00","2026-08-01T23:37:37.287156+00:00","hospitality-tools أدوات الضيافة والفنادق Hospitality Tools","false",""
"13e3c1f7-463f-453b-8667-ff3d76d821bc","average-daily-rate-calculator","حاسبة متوسط سعر الغرفة ADR","Average Daily Rate Calculator","احسب متوسط سعر الغرفة المباعة.","c548a82d-7879-4f49-9ccc-8fac90edb7b7","formula","true",,"primary_with_fallback","false","2026-08-01T23:37:37.287156+00:00","2026-08-01T23:37:37.287156+00:00","hospitality-tools أدوات الضيافة والفنادق Hospitality Tools","false",""
"72053958-d7b9-411a-8d6d-5549b3f1ec88","revpar-calculator","حاسبة RevPAR","RevPAR Calculator","احسب الإيراد لكل غرفة متاحة.","c548a82d-7879-4f49-9ccc-8fac90edb7b7","formula","true",,"primary_with_fallback","false","2026-08-01T23:37:37.287156+00:00","2026-08-01T23:37:37.287156+00:00","hospitality-tools أدوات الضيافة والفنادق Hospitality Tools","false",""
"3ade8047-d177-4577-815c-fb2f90220bee","hotel-cancellation-rate-calculator","حاسبة معدل إلغاء الحجوزات","Hotel Cancellation Rate Calculator","احسب نسبة الحجوزات الملغاة.","c548a82d-7879-4f49-9ccc-8fac90edb7b7","formula","true",,"primary_with_fallback","false","2026-08-01T23:37:37.287156+00:00","2026-08-01T23:37:37.287156+00:00","hospitality-tools أدوات الضيافة والفنادق Hospitality Tools","false",""
"c091cb4e-1dec-46e3-bf06-1278a739f24b","hotel-housekeeping-cost-per-room-calculator","حاسبة تنظيف الغرفة","Housekeeping Cost per Room Calculator","احسب تكلفة تنظيف الغرفة الواحدة.","c548a82d-7879-4f49-9ccc-8fac90edb7b7","formula","true",,"primary_with_fallback","false","2026-08-01T23:37:37.287156+00:00","2026-08-01T23:37:37.287156+00:00","hospitality-tools أدوات الضيافة والفنادق Hospitality Tools","false",""
"4bd6aeb4-5c71-4b5f-86e7-2589f82b87ba","hotel-labor-cost-per-occupied-room-calculator","حاسبة العمالة لكل غرفة مشغولة","Labor Cost per Occupied Room Calculator","احسب تكلفة العمالة لكل غرفة مشغولة.","c548a82d-7879-4f49-9ccc-8fac90edb7b7","formula","true",,"primary_with_fallback","false","2026-08-01T23:37:37.287156+00:00","2026-08-01T23:37:37.287156+00:00","hospitality-tools أدوات الضيافة والفنادق Hospitality Tools","false",""
"a1e83f95-2cca-4290-94e9-cd9e7d876af8","hotel-food-beverage-revenue-per-guest-calculator","حاسبة إيراد الأغذية لكل نزيل","F&B Revenue per Guest Calculator","احسب إيراد الأغذية والمشروبات لكل نزيل.","c548a82d-7879-4f49-9ccc-8fac90edb7b7","formula","true",,"primary_with_fallback","false","2026-08-01T23:37:37.287156+00:00","2026-08-01T23:37:37.287156+00:00","hospitality-tools أدوات الضيافة والفنادق Hospitality Tools","false",""
"dbfd8dbb-155c-4793-a39c-38412d16548c","hotel-length-of-stay-calculator","حاسبة متوسط مدة الإقامة","Average Length of Stay Calculator","احسب متوسط ليالي الإقامة.","c548a82d-7879-4f49-9ccc-8fac90edb7b7","formula","true",,"primary_with_fallback","false","2026-08-01T23:37:37.287156+00:00","2026-08-01T23:37:37.287156+00:00","hospitality-tools أدوات الضيافة والفنادق Hospitality Tools","false",""
"c60ea744-f071-4960-89e7-cbcd689c6047","hotel-profit-per-room-calculator","حاسبة ربح الغرفة","Hotel Profit per Room Calculator","احسب الربح لكل غرفة مباعة.","c548a82d-7879-4f49-9ccc-8fac90edb7b7","formula","true",,"primary_with_fallback","false","2026-08-01T23:37:37.287156+00:00","2026-08-01T23:37:37.287156+00:00","hospitality-tools أدوات الضيافة والفنادق Hospitality Tools","false",""
"823ccc57-7421-4e40-a600-ee64ac753245","insurance-premium-estimator","حاسبة القسط التأميني","Insurance Premium Estimator","قدّر القسط من قيمة التغطية ونسبة القسط.","deae730e-1fab-4b0f-a414-5d0ef851454f","formula","true",,"primary_with_fallback","false","2026-08-01T23:37:37.287156+00:00","2026-08-01T23:37:37.287156+00:00","insurance-tools أدوات التأمين Insurance Tools","false",""
"e317c992-d591-49cc-a9f1-d9c9ae49b184","insurance-deductible-impact-calculator","حاسبة أثر التحمل","Deductible Impact Calculator","احسب المبلغ الصافي بعد التحمل.","deae730e-1fab-4b0f-a414-5d0ef851454f","formula","true",,"primary_with_fallback","false","2026-08-01T23:37:37.287156+00:00","2026-08-01T23:37:37.287156+00:00","insurance-tools أدوات التأمين Insurance Tools","false",""
"fd5cb81f-baf8-470f-8fe8-401f4389d429","claim-loss-ratio-calculator","حاسبة نسبة الخسائر التأمينية","Insurance Loss Ratio Calculator","احسب المطالبات كنسبة من الأقساط.","deae730e-1fab-4b0f-a414-5d0ef851454f","formula","true",,"primary_with_fallback","false","2026-08-01T23:37:37.287156+00:00","2026-08-01T23:37:37.287156+00:00","insurance-tools أدوات التأمين Insurance Tools","false",""
"e3e1ea77-57ff-411c-b460-f7e840c0b92d","insurance-coverage-gap-calculator","حاسبة فجوة التغطية","Insurance Coverage Gap Calculator","احسب الفرق بين الحاجة والتغطية الحالية.","deae730e-1fab-4b0f-a414-5d0ef851454f","formula","true",,"primary_with_fallback","false","2026-08-01T23:37:37.287156+00:00","2026-08-01T23:37:37.287156+00:00","insurance-tools أدوات التأمين Insurance Tools","false",""
"5d826bcc-1854-40a3-b7c4-72fd2e783f0c","insurance-commission-calculator","حاسبة عمولة التأمين","Insurance Commission Calculator","احسب عمولة بيع وثيقة تأمين.","deae730e-1fab-4b0f-a414-5d0ef851454f","formula","true",,"primary_with_fallback","false","2026-08-01T23:37:37.287156+00:00","2026-08-01T23:37:37.287156+00:00","insurance-tools أدوات التأمين Insurance Tools","false",""
"525f78de-9893-4934-b4f8-9cdf86b451d7","claim-frequency-calculator","حاسبة تكرار المطالبات","Claim Frequency Calculator","احسب عدد المطالبات لكل وثيقة.","deae730e-1fab-4b0f-a414-5d0ef851454f","formula","true",,"primary_with_fallback","false","2026-08-01T23:37:37.287156+00:00","2026-08-01T23:37:37.287156+00:00","insurance-tools أدوات التأمين Insurance Tools","false",""
"03f34dee-834c-4a8a-8f92-5338fa46ccce","average-claim-size-calculator","حاسبة متوسط المطالبة","Average Claim Size Calculator","احسب متوسط قيمة المطالبة.","deae730e-1fab-4b0f-a414-5d0ef851454f","formula","true",,"primary_with_fallback","false","2026-08-01T23:37:37.287156+00:00","2026-08-01T23:37:37.287156+00:00","insurance-tools أدوات التأمين Insurance Tools","false",""
"3d64ead3-8bfc-433a-bccc-2b0cd9417b97","policy-renewal-rate-calculator","حاسبة معدل تجديد الوثائق","Policy Renewal Rate Calculator","احسب نسبة الوثائق المجددة.","deae730e-1fab-4b0f-a414-5d0ef851454f","formula","true",,"primary_with_fallback","false","2026-08-01T23:37:37.287156+00:00","2026-08-01T23:37:37.287156+00:00","insurance-tools أدوات التأمين Insurance Tools","false",""
"4efd24ca-266c-4dab-ba7f-80258f2c653b","insurance-cost-per-day-calculator","حاسبة تكلفة التأمين اليومية","Insurance Cost per Day Calculator","احسب تكلفة الوثيقة لكل يوم.","deae730e-1fab-4b0f-a414-5d0ef851454f","formula","true",,"primary_with_fallback","false","2026-08-01T23:37:37.287156+00:00","2026-08-01T23:37:37.287156+00:00","insurance-tools أدوات التأمين Insurance Tools","false",""
"7d542929-da15-4d18-8fdc-8e4dcfd52d04","insurance-solvency-buffer-calculator","حاسبة هامش الملاءة المبسط","Simplified Solvency Buffer Calculator","احسب الهامش المتبقي بعد الالتزامات.","deae730e-1fab-4b0f-a414-5d0ef851454f","formula","true",,"primary_with_fallback","false","2026-08-01T23:37:37.287156+00:00","2026-08-01T23:37:37.287156+00:00","insurance-tools أدوات التأمين Insurance Tools","false",""
"a7567a50-ded9-49d7-a5a7-2fc47e8619e8","electricity-demand-cost-calculator","حاسبة تكلفة الطلب الكهربائي","Electricity Demand Cost Calculator","احسب رسوم الطلب من القدرة والسعر.","c10d2347-1f53-4d55-987b-c86f6d6e984c","formula","true",,"primary_with_fallback","false","2026-08-01T23:37:37.287156+00:00","2026-08-01T23:37:37.287156+00:00","energy-tools أدوات الطاقة Energy Tools","false",""
"db222a8d-657f-4842-9b92-dbd667f0c382","solar-panel-output-calculator","حاسبة إنتاج الألواح الشمسية","Solar Panel Output Calculator","قدّر إنتاج الطاقة الشمسية اليومي.","c10d2347-1f53-4d55-987b-c86f6d6e984c","formula","true",,"primary_with_fallback","false","2026-08-01T23:37:37.287156+00:00","2026-08-01T23:37:37.287156+00:00","energy-tools أدوات الطاقة Energy Tools","false",""
"b69feb87-f7a8-4733-9a2f-6a5f8044a23f","battery-backup-hours-calculator","حاسبة ساعات البطارية الاحتياطية","Battery Backup Hours Calculator","قدّر مدة تشغيل البطارية.","c10d2347-1f53-4d55-987b-c86f6d6e984c","formula","true",,"primary_with_fallback","false","2026-08-01T23:37:37.287156+00:00","2026-08-01T23:37:37.287156+00:00","energy-tools أدوات الطاقة Energy Tools","false",""
"e35b6031-76fd-4b45-8514-3c918e3cf4fb","power-factor-penalty-calculator","حاسبة غرامة معامل القدرة","Power Factor Penalty Calculator","قدّر الغرامة من الفاتورة ونسبة العقوبة.","c10d2347-1f53-4d55-987b-c86f6d6e984c","formula","true",,"primary_with_fallback","false","2026-08-01T23:37:37.287156+00:00","2026-08-01T23:37:37.287156+00:00","energy-tools أدوات الطاقة Energy Tools","false",""
"62aaf9a9-aa9c-47ba-8420-b8bbae3c47a4","generator-fuel-consumption-calculator","حاسبة استهلاك وقود المولد","Generator Fuel Consumption Calculator","احسب الوقود المستهلك من الساعات والمعدل.","c10d2347-1f53-4d55-987b-c86f6d6e984c","formula","true",,"primary_with_fallback","false","2026-08-01T23:37:37.287156+00:00","2026-08-01T23:37:37.287156+00:00","energy-tools أدوات الطاقة Energy Tools","false",""
"64478a05-af7e-4760-8021-44a1a252e0d8","energy-cost-per-unit-calculator","حاسبة تكلفة الطاقة لكل وحدة","Energy Cost per Unit Calculator","احسب تكلفة الطاقة لكل وحدة إنتاج.","c10d2347-1f53-4d55-987b-c86f6d6e984c","formula","true",,"primary_with_fallback","false","2026-08-01T23:37:37.287156+00:00","2026-08-01T23:37:37.287156+00:00","energy-tools أدوات الطاقة Energy Tools","false",""
"9172233e-9164-42e0-b3ec-72d072592e44","annual-energy-savings-calculator","حاسبة التوفير السنوي للطاقة","Annual Energy Savings Calculator","احسب قيمة الطاقة الموفرة سنويًا.","c10d2347-1f53-4d55-987b-c86f6d6e984c","formula","true",,"primary_with_fallback","false","2026-08-01T23:37:37.287156+00:00","2026-08-01T23:37:37.287156+00:00","energy-tools أدوات الطاقة Energy Tools","false",""
"fa231ba1-b288-4f44-b361-5800a97b1c55","load-factor-calculator","حاسبة معامل الحمل","Load Factor Calculator","احسب نسبة الحمل المتوسط إلى الأقصى.","c10d2347-1f53-4d55-987b-c86f6d6e984c","formula","true",,"primary_with_fallback","false","2026-08-01T23:37:37.287156+00:00","2026-08-01T23:37:37.287156+00:00","energy-tools أدوات الطاقة Energy Tools","false",""
"118d7a84-0831-42fa-86ee-ecc27187ab00","energy-intensity-calculator","حاسبة كثافة الطاقة","Energy Intensity Calculator","احسب استهلاك الطاقة لكل متر مربع.","c10d2347-1f53-4d55-987b-c86f6d6e984c","formula","true",,"primary_with_fallback","false","2026-08-01T23:37:37.287156+00:00","2026-08-01T23:37:37.287156+00:00","energy-tools أدوات الطاقة Energy Tools","false",""
"75fc652e-2dd3-4a1f-a85d-b9be4fed33ae","peak-demand-reduction-savings-calculator","حاسبة توفير خفض الطلب الأقصى","Peak Demand Reduction Savings Calculator","احسب التوفير من خفض الطلب الأقصى.","c10d2347-1f53-4d55-987b-c86f6d6e984c","formula","true",,"primary_with_fallback","false","2026-08-01T23:37:37.287156+00:00","2026-08-01T23:37:37.287156+00:00","energy-tools أدوات الطاقة Energy Tools","false",""
"2c99411b-95aa-4ff1-a392-55c3dc816a72","security-incident-rate-calculator","حاسبة معدل الحوادث الأمنية","Security Incident Rate Calculator","احسب عدد الحوادث لكل ألف أصل.","b83356b9-36e2-49cc-8eea-3d10bc7130e9","formula","true",,"primary_with_fallback","false","2026-08-01T23:37:37.287156+00:00","2026-08-01T23:37:37.287156+00:00","cybersecurity-tools أدوات الأمن السيبراني Cybersecurity Tools","false",""
"2fdb79df-a0b2-4ea9-be1a-94965c869599","mean-time-to-detect-calculator","حاسبة متوسط زمن الاكتشاف MTTD","Mean Time to Detect Calculator","احسب متوسط ساعات اكتشاف الحوادث.","b83356b9-36e2-49cc-8eea-3d10bc7130e9","formula","true",,"primary_with_fallback","false","2026-08-01T23:37:37.287156+00:00","2026-08-01T23:37:37.287156+00:00","cybersecurity-tools أدوات الأمن السيبراني Cybersecurity Tools","false",""
"439e81d2-e6f6-486f-8950-7d48fd9b6363","mean-time-to-respond-calculator","حاسبة متوسط زمن الاستجابة MTTR","Mean Time to Respond Calculator","احسب متوسط زمن الاستجابة للحوادث.","b83356b9-36e2-49cc-8eea-3d10bc7130e9","formula","true",,"primary_with_fallback","false","2026-08-01T23:37:37.287156+00:00","2026-08-01T23:37:37.287156+00:00","cybersecurity-tools أدوات الأمن السيبراني Cybersecurity Tools","false",""
"52b5a692-da77-450d-98db-d6c35da92434","phishing-click-rate-calculator","حاسبة معدل النقر على التصيد","Phishing Click Rate Calculator","احسب نسبة من نقروا على محاكاة التصيد.","b83356b9-36e2-49cc-8eea-3d10bc7130e9","formula","true",,"primary_with_fallback","false","2026-08-01T23:37:37.287156+00:00","2026-08-01T23:37:37.287156+00:00","cybersecurity-tools أدوات الأمن السيبراني Cybersecurity Tools","false",""
"57c1f966-e94e-440b-87e7-f0004a105190","patch-compliance-rate-calculator","حاسبة الالتزام بالتحديثات","Patch Compliance Rate Calculator","احسب نسبة الأنظمة المحدثة.","b83356b9-36e2-49cc-8eea-3d10bc7130e9","formula","true",,"primary_with_fallback","false","2026-08-01T23:37:37.287156+00:00","2026-08-01T23:37:37.287156+00:00","cybersecurity-tools أدوات الأمن السيبراني Cybersecurity Tools","false",""
"d6ab898e-aae3-41f5-8ee6-15a884f707b3","vulnerability-remediation-rate-calculator","حاسبة معالجة الثغرات","Vulnerability Remediation Rate Calculator","احسب نسبة الثغرات المعالجة.","b83356b9-36e2-49cc-8eea-3d10bc7130e9","formula","true",,"primary_with_fallback","false","2026-08-01T23:37:37.287156+00:00","2026-08-01T23:37:37.287156+00:00","cybersecurity-tools أدوات الأمن السيبراني Cybersecurity Tools","true","text:media"
"57da796e-d4e4-4d85-9790-9d67f6f285b9","security-awareness-completion-rate-calculator","حاسبة إكمال التوعية الأمنية","Security Awareness Completion Rate Calculator","احسب نسبة الموظفين الذين أكملوا التدريب.","b83356b9-36e2-49cc-8eea-3d10bc7130e9","formula","true",,"primary_with_fallback","false","2026-08-01T23:37:37.287156+00:00","2026-08-01T23:37:37.287156+00:00","cybersecurity-tools أدوات الأمن السيبراني Cybersecurity Tools","false",""
"72fd2d4e-861f-43cb-b912-0201dd4368a0","backup-success-rate-calculator","حاسبة نجاح النسخ الاحتياطي","Backup Success Rate Calculator","احسب نسبة عمليات النسخ الناجحة.","b83356b9-36e2-49cc-8eea-3d10bc7130e9","formula","true",,"primary_with_fallback","false","2026-08-01T23:37:37.287156+00:00","2026-08-01T23:37:37.287156+00:00","cybersecurity-tools أدوات الأمن السيبراني Cybersecurity Tools","false",""
"8a0e6057-1848-46c0-ac38-5ff11eb80ffc","security-risk-exposure-calculator","حاسبة التعرض للمخاطر الأمنية","Security Risk Exposure Calculator","احسب التعرض المتوقع من الاحتمال والأثر.","b83356b9-36e2-49cc-8eea-3d10bc7130e9","formula","true",,"primary_with_fallback","false","2026-08-01T23:37:37.287156+00:00","2026-08-01T23:37:37.287156+00:00","cybersecurity-tools أدوات الأمن السيبراني Cybersecurity Tools","false",""
"08802ac2-9f5f-4686-a7b7-e67cbd31a436","endpoint-coverage-rate-calculator","حاسبة تغطية حماية الأجهزة","Endpoint Coverage Rate Calculator","احسب نسبة الأجهزة المحمية.","b83356b9-36e2-49cc-8eea-3d10bc7130e9","formula","true",,"primary_with_fallback","false","2026-08-01T23:37:37.287156+00:00","2026-08-01T23:37:37.287156+00:00","cybersecurity-tools أدوات الأمن السيبراني Cybersecurity Tools","false",""
"44f09748-437d-4bda-bd40-47d4158428fd","photo-storage-calculator","حاسبة مساحة تخزين الصور","Photo Storage Calculator","قدّر مساحة الصور من العدد ومتوسط الحجم.","8b90b002-3e8b-4222-9905-b3fe6d25c4ad","formula","true",,"primary_with_fallback","false","2026-08-01T23:37:37.287156+00:00","2026-08-01T23:37:37.287156+00:00","photography-tools أدوات التصوير Photography Tools","true","text:photo|صور"
"17c5e388-7e91-449e-88bf-d96ca0904d53","video-storage-calculator","حاسبة مساحة تخزين الفيديو","Video Storage Calculator","قدّر مساحة الفيديو من معدل البت والمدة.","8b90b002-3e8b-4222-9905-b3fe6d25c4ad","formula","true",,"primary_with_fallback","false","2026-08-01T23:37:37.287156+00:00","2026-08-01T23:37:37.287156+00:00","photography-tools أدوات التصوير Photography Tools","true","text:video|photo|فيديو"
"87a1c063-bcb2-40dd-a598-b1b892f40db1","photography-project-price-calculator","حاسبة سعر جلسة التصوير","Photography Project Price Calculator","احسب سعر المشروع من الساعات والتكاليف.","8b90b002-3e8b-4222-9905-b3fe6d25c4ad","formula","true",,"primary_with_fallback","false","2026-08-01T23:37:37.287156+00:00","2026-08-01T23:37:37.287156+00:00","photography-tools أدوات التصوير Photography Tools","true","text:photo"
"6871636e-6d39-408f-bd95-1e11d22ddc63","photo-print-cost-calculator","حاسبة تكلفة طباعة الصور","Photo Print Cost Calculator","احسب تكلفة الطباعة من الكمية وسعر النسخة.","8b90b002-3e8b-4222-9905-b3fe6d25c4ad","formula","true",,"primary_with_fallback","false","2026-08-01T23:37:37.287156+00:00","2026-08-01T23:37:37.287156+00:00","photography-tools أدوات التصوير Photography Tools","true","text:photo|صور"
"a65952c5-eb23-4b5d-a076-a5601966fc7b","camera-depreciation-calculator","حاسبة انخفاض قيمة الكاميرا","Camera Depreciation Calculator","قدّر قيمة الكاميرا بعد سنوات من الاستخدام.","8b90b002-3e8b-4222-9905-b3fe6d25c4ad","formula","true",,"primary_with_fallback","false","2026-08-01T23:37:37.287156+00:00","2026-08-01T23:37:37.287156+00:00","photography-tools أدوات التصوير Photography Tools","true","text:photo"
"a74ddc04-d1c3-4843-b091-b6ba0dc59f16","battery-shooting-time-calculator","حاسبة زمن التصوير بالبطاريات","Battery Shooting Time Calculator","قدّر مدة التصوير من عدد البطاريات.","8b90b002-3e8b-4222-9905-b3fe6d25c4ad","formula","true",,"primary_with_fallback","false","2026-08-01T23:37:37.287156+00:00","2026-08-01T23:37:37.287156+00:00","photography-tools أدوات التصوير Photography Tools","true","text:photo"
"1542e3db-d393-4e28-99d7-911be028862a","image-aspect-ratio-width-calculator","حاسبة عرض الصورة حسب النسبة","Image Width from Aspect Ratio Calculator","احسب العرض من الارتفاع ونسبة العرض.","8b90b002-3e8b-4222-9905-b3fe6d25c4ad","formula","true",,"primary_with_fallback","false","2026-08-01T23:37:37.287156+00:00","2026-08-01T23:37:37.287156+00:00","photography-tools أدوات التصوير Photography Tools","true","text:image|photo|صورة|صور"
"d0b51222-bcdc-475a-955c-b340e24874d1","image-aspect-ratio-height-calculator","حاسبة ارتفاع الصورة حسب النسبة","Image Height from Aspect Ratio Calculator","احسب الارتفاع من العرض ونسبة الأبعاد.","8b90b002-3e8b-4222-9905-b3fe6d25c4ad","formula","true",,"primary_with_fallback","false","2026-08-01T23:37:37.287156+00:00","2026-08-01T23:37:37.287156+00:00","photography-tools أدوات التصوير Photography Tools","true","text:image|photo|صورة|صور"
"e14726f1-2f05-4442-a3d9-62514c5522d1","shooting-day-cost-calculator","حاسبة تكلفة يوم التصوير","Shooting Day Cost Calculator","احسب تكلفة يوم التصوير الكاملة.","8b90b002-3e8b-4222-9905-b3fe6d25c4ad","formula","true",,"primary_with_fallback","false","2026-08-01T23:37:37.287156+00:00","2026-08-01T23:37:37.287156+00:00","photography-tools أدوات التصوير Photography Tools","true","text:photo"
"26848dd0-e1be-41ec-a5ba-843c7d626a96","editing-time-per-photo-calculator","حاسبة وقت تعديل الصورة","Editing Time per Photo Calculator","احسب متوسط وقت تعديل الصورة.","8b90b002-3e8b-4222-9905-b3fe6d25c4ad","formula","true",,"primary_with_fallback","false","2026-08-01T23:37:37.287156+00:00","2026-08-01T23:37:37.287156+00:00","photography-tools أدوات التصوير Photography Tools","true","text:photo|صورة|صور"
"e8c839a6-7f1c-4557-b967-8ddfaeef284e","walking-distance-calculator","حاسبة مسافة المشي","Walking Distance Calculator","قدّر المسافة من الخطوات وطول الخطوة.","41d6fbf4-ec14-4506-96f4-064765f05d3f","formula","true",,"primary_with_fallback","false","2026-08-01T23:37:37.287156+00:00","2026-08-01T23:37:37.287156+00:00","fitness-tools أدوات اللياقة Fitness Tools","false",""
"bf365549-8cfe-472e-b506-b5a8d157c710","workout-volume-calculator","حاسبة حجم التمرين","Workout Volume Calculator","احسب حجم تمرين المقاومة.","41d6fbf4-ec14-4506-96f4-064765f05d3f","formula","true",,"primary_with_fallback","false","2026-08-01T23:37:37.287156+00:00","2026-08-01T23:37:37.287156+00:00","fitness-tools أدوات اللياقة Fitness Tools","false",""
"c6f88c62-0d13-4e2a-885e-8bcf5fe533ba","one-rep-max-estimator","حاسبة الحد الأقصى لتكرار واحد","One Rep Max Estimator","قدّر 1RM باستخدام الوزن والتكرارات.","41d6fbf4-ec14-4506-96f4-064765f05d3f","formula","true",,"primary_with_fallback","false","2026-08-01T23:37:37.287156+00:00","2026-08-01T23:37:37.287156+00:00","fitness-tools أدوات اللياقة Fitness Tools","false",""
"4a4c43c8-f7fc-4e21-8ba7-fb82ad39a32f","weekly-training-load-calculator","حاسبة الحمل التدريبي الأسبوعي","Weekly Training Load Calculator","احسب الحمل من المدة والشدة.","41d6fbf4-ec14-4506-96f4-064765f05d3f","formula","true",,"primary_with_fallback","false","2026-08-01T23:37:37.287156+00:00","2026-08-01T23:37:37.287156+00:00","fitness-tools أدوات اللياقة Fitness Tools","false",""
"b33e773a-4dc7-4d03-85df-36295ad4f511","calories-per-workout-estimator","حاسبة السعرات في التمرين","Workout Calories Estimator","قدّر السعرات من الوزن والمدة والمعامل.","41d6fbf4-ec14-4506-96f4-064765f05d3f","formula","true",,"primary_with_fallback","false","2026-08-01T23:37:37.287156+00:00","2026-08-01T23:37:37.287156+00:00","fitness-tools أدوات اللياقة Fitness Tools","false",""
"f76f3865-3992-4639-8c98-b1e14e9a1749","training-consistency-rate-calculator","حاسبة الالتزام بالتمرين","Training Consistency Rate Calculator","احسب نسبة الجلسات المكتملة.","41d6fbf4-ec14-4506-96f4-064765f05d3f","formula","true",,"primary_with_fallback","false","2026-08-01T23:37:37.287156+00:00","2026-08-01T23:37:37.287156+00:00","fitness-tools أدوات اللياقة Fitness Tools","false",""
"1ac64896-8045-4487-9752-33673bf031b9","swimming-pace-calculator","حاسبة وتيرة السباحة","Swimming Pace Calculator","احسب الزمن لكل 100 متر.","41d6fbf4-ec14-4506-96f4-064765f05d3f","formula","true",,"primary_with_fallback","false","2026-08-01T23:37:37.287156+00:00","2026-08-01T23:37:37.287156+00:00","fitness-tools أدوات اللياقة Fitness Tools","false",""
"082124f0-ce35-483c-8e88-391419c61c8b","weekly-distance-goal-progress-calculator","حاسبة تقدم هدف المسافة الأسبوعي","Weekly Distance Goal Progress Calculator","احسب نسبة التقدم نحو هدف المسافة.","41d6fbf4-ec14-4506-96f4-064765f05d3f","formula","true",,"primary_with_fallback","false","2026-08-01T23:37:37.287156+00:00","2026-08-01T23:37:37.287156+00:00","fitness-tools أدوات اللياقة Fitness Tools","false",""
"016d43a5-c90a-4ac1-9906-49e21c0304a2","startup-revenue-per-employee-calculator","حاسبة الإيراد لكل موظف ناشئ","Startup Revenue per Employee Calculator","احسب الإيراد السنوي لكل موظف.","35aea8de-a8e0-4c82-bdaf-a2b480175d17","formula","true",,"primary_with_fallback","false","2026-08-01T23:37:40.145313+00:00","2026-08-01T23:37:40.145313+00:00","startup-tools أدوات الشركات الناشئة Startup Tools","false",""
"93e26953-f406-40a4-8b46-ed700d165693","telecom-support-cost-per-subscriber-calculator","حاسبة دعم المشترك","Support Cost per Subscriber Calculator","احسب تكلفة الدعم لكل مشترك.","e0cec169-442f-4f3e-845a-8434d6369f8d","formula","true",,"primary_with_fallback","false","2026-08-01T23:37:40.145313+00:00","2026-08-01T23:37:40.145313+00:00","telecom-tools أدوات الاتصالات Telecom Tools","false",""
"7bb9d76b-8dd0-499a-b9eb-2369b9d89300","dropped-call-rate-calculator","حاسبة معدل انقطاع المكالمات","Dropped Call Rate Calculator","احسب نسبة المكالمات المنقطعة.","e0cec169-442f-4f3e-845a-8434d6369f8d","formula","true",,"primary_with_fallback","false","2026-08-01T23:37:40.145313+00:00","2026-08-01T23:37:40.145313+00:00","telecom-tools أدوات الاتصالات Telecom Tools","false",""
"2ad31125-f25f-4865-91ef-81ffdaa8880f","telecom-subscriber-acquisition-cost-calculator","حاسبة اكتساب مشترك","Subscriber Acquisition Cost Calculator","احسب تكلفة اكتساب كل مشترك جديد.","e0cec169-442f-4f3e-845a-8434d6369f8d","formula","true",,"primary_with_fallback","false","2026-08-01T23:37:40.145313+00:00","2026-08-01T23:37:40.145313+00:00","telecom-tools أدوات الاتصالات Telecom Tools","false",""
"70947391-0105-4836-a2e3-ecc92a85cdb3","monthly-recurring-revenue-calculator","حاسبة الإيراد الشهري المتكرر MRR","Monthly Recurring Revenue Calculator","احسب الإيراد الشهري المتكرر من العملاء ومتوسط الاشتراك.","39c32602-52ac-4dbb-b111-4db860b27195","formula","true",,"primary_with_fallback","false","2026-08-01T23:37:40.145313+00:00","2026-08-01T23:37:40.145313+00:00","saas-tools أدوات SaaS SaaS Tools","false",""
"5f8d3437-10c7-42cc-9c71-34b1d10f0864","telecom-revenue-per-minute-calculator","حاسبة الإيراد لكل دقيقة اتصال","Revenue per Call Minute Calculator","احسب الإيراد لكل دقيقة اتصال.","e0cec169-442f-4f3e-845a-8434d6369f8d","formula","true",,"primary_with_fallback","false","2026-08-01T23:37:40.145313+00:00","2026-08-01T23:37:40.145313+00:00","telecom-tools أدوات الاتصالات Telecom Tools","false",""
"afaeef8e-2319-48a9-86cc-ed1714189053","telecom-data-usage-growth-calculator","حاسبة نمو استخدام البيانات","Data Usage Growth Calculator","احسب نمو استخدام البيانات بين فترتين.","e0cec169-442f-4f3e-845a-8434d6369f8d","formula","true",,"primary_with_fallback","false","2026-08-01T23:37:40.145313+00:00","2026-08-01T23:37:40.145313+00:00","telecom-tools أدوات الاتصالات Telecom Tools","false",""
"b338d992-29f0-4daf-bb90-aea7fd6c1cd3","annual-recurring-revenue-calculator","حاسبة الإيراد السنوي المتكرر ARR","Annual Recurring Revenue Calculator","حوّل MRR إلى إيراد سنوي متكرر.","39c32602-52ac-4dbb-b111-4db860b27195","formula","true",,"primary_with_fallback","false","2026-08-01T23:37:40.145313+00:00","2026-08-01T23:37:40.145313+00:00","saas-tools أدوات SaaS SaaS Tools","false",""
"6c8eedc1-614f-478e-a36c-d933c52fd4f1","saas-customer-churn-rate-calculator","حاسبة معدل تسرب عملاء SaaS","SaaS Customer Churn Rate Calculator","احسب نسبة العملاء الذين ألغوا الاشتراك.","39c32602-52ac-4dbb-b111-4db860b27195","formula","true",,"primary_with_fallback","false","2026-08-01T23:37:40.145313+00:00","2026-08-01T23:37:40.145313+00:00","saas-tools أدوات SaaS SaaS Tools","false",""
"b6ecd5f9-6dee-4cb4-bd31-5f11d2dcf1a2","saas-revenue-churn-rate-calculator","حاسبة تسرب الإيراد","Revenue Churn Rate Calculator","احسب الإيراد المفقود كنسبة من MRR بداية الفترة.","39c32602-52ac-4dbb-b111-4db860b27195","formula","true",,"primary_with_fallback","false","2026-08-01T23:37:40.145313+00:00","2026-08-01T23:37:40.145313+00:00","saas-tools أدوات SaaS SaaS Tools","false",""
"d3d134ed-fced-4140-b283-899b8a547dca","net-revenue-retention-calculator","حاسبة صافي الاحتفاظ بالإيراد NRR","Net Revenue Retention Calculator","احسب NRR بعد التوسع والتسرب والانخفاض.","39c32602-52ac-4dbb-b111-4db860b27195","formula","true",,"primary_with_fallback","false","2026-08-01T23:37:40.145313+00:00","2026-08-01T23:37:40.145313+00:00","saas-tools أدوات SaaS SaaS Tools","false",""
"60cd4bca-f465-424f-a7a9-65a5a441da70","saas-arpu-calculator","حاسبة متوسط الإيراد لكل مستخدم","SaaS ARPU Calculator","احسب متوسط الإيراد الشهري لكل مستخدم.","39c32602-52ac-4dbb-b111-4db860b27195","formula","true",,"primary_with_fallback","false","2026-08-01T23:37:40.145313+00:00","2026-08-01T23:37:40.145313+00:00","saas-tools أدوات SaaS SaaS Tools","false",""
"dc910a65-dd2f-48a3-9e88-4312aed7342a","saas-cac-calculator","حاسبة تكلفة اكتساب عميل SaaS","SaaS CAC Calculator","احسب تكلفة اكتساب العميل.","39c32602-52ac-4dbb-b111-4db860b27195","formula","true",,"primary_with_fallback","false","2026-08-01T23:37:40.145313+00:00","2026-08-01T23:37:40.145313+00:00","saas-tools أدوات SaaS SaaS Tools","false",""
"20b16a69-1cbd-4d84-985e-8b40edaafea9","saas-ltv-calculator","حاسبة قيمة عميل SaaS","SaaS Customer Lifetime Value Calculator","قدّر قيمة العميل من ARPU والهامش ومعدل التسرب.","39c32602-52ac-4dbb-b111-4db860b27195","formula","true",,"primary_with_fallback","false","2026-08-01T23:37:40.145313+00:00","2026-08-01T23:37:40.145313+00:00","saas-tools أدوات SaaS SaaS Tools","false",""
"c622c049-904f-4023-b90a-65416163eeab","saas-ltv-cac-ratio-calculator","حاسبة نسبة LTV إلى CAC","LTV to CAC Ratio Calculator","احسب نسبة قيمة العميل إلى تكلفة اكتسابه.","39c32602-52ac-4dbb-b111-4db860b27195","formula","true",,"primary_with_fallback","false","2026-08-01T23:37:40.145313+00:00","2026-08-01T23:37:40.145313+00:00","saas-tools أدوات SaaS SaaS Tools","false",""
"3b9c204d-d056-4236-9a1b-e21a7dec0056","saas-cac-payback-calculator","حاسبة فترة استرداد CAC","CAC Payback Period Calculator","قدّر أشهر استرداد تكلفة اكتساب العميل.","39c32602-52ac-4dbb-b111-4db860b27195","formula","true",,"primary_with_fallback","false","2026-08-01T23:37:40.145313+00:00","2026-08-01T23:37:40.145313+00:00","saas-tools أدوات SaaS SaaS Tools","false",""
"c12d512a-c72c-4c5d-81b0-99c8a00a03cc","startup-net-burn-rate-calculator","حاسبة صافي الحرق الشهري","Startup Net Burn Rate Calculator","احسب صافي الحرق الشهري بعد الإيرادات.","35aea8de-a8e0-4c82-bdaf-a2b480175d17","formula","true",,"primary_with_fallback","false","2026-08-01T23:37:40.145313+00:00","2026-08-01T23:37:40.145313+00:00","startup-tools أدوات الشركات الناشئة Startup Tools","false",""
"60566e44-e89b-435a-8af6-fc5d6dce347a","startup-runway-calculator","حاسبة مدة السيولة للشركة الناشئة","Startup Runway Calculator","قدّر عدد الأشهر المتبقية قبل نفاد السيولة.","35aea8de-a8e0-4c82-bdaf-a2b480175d17","formula","true",,"primary_with_fallback","false","2026-08-01T23:37:40.145313+00:00","2026-08-01T23:37:40.145313+00:00","startup-tools أدوات الشركات الناشئة Startup Tools","false",""
"f6d6c995-a806-4ef4-af40-59c856ca07bc","startup-gross-burn-calculator","حاسبة إجمالي الحرق","Startup Gross Burn Calculator","احسب مجموع الإنفاق الشهري قبل الإيرادات.","35aea8de-a8e0-4c82-bdaf-a2b480175d17","formula","true",,"primary_with_fallback","false","2026-08-01T23:37:40.145313+00:00","2026-08-01T23:37:40.145313+00:00","startup-tools أدوات الشركات الناشئة Startup Tools","false",""
"1960709d-00bf-4244-b855-c482ee8a8b25","rental-idle-days-calculator","حاسبة أيام التعطل","Rental Idle Days Calculator","احسب الأيام غير المؤجرة.","ba5e25a8-996e-4816-937f-4a246751a867","formula","true",,"primary_with_fallback","false","2026-08-01T23:37:40.145313+00:00","2026-08-01T23:37:40.145313+00:00","rental-business-tools أدوات أعمال التأجير Rental Business Tools","false",""
"2f0b96c6-cb9a-4f7f-be98-39ea0b69969a","post-money-valuation-calculator","حاسبة التقييم بعد الاستثمار","Post-money Valuation Calculator","احسب التقييم بعد إضافة الاستثمار.","35aea8de-a8e0-4c82-bdaf-a2b480175d17","formula","true",,"primary_with_fallback","false","2026-08-01T23:37:40.145313+00:00","2026-08-01T23:37:40.145313+00:00","startup-tools أدوات الشركات الناشئة Startup Tools","false",""
"36d45854-572a-4437-afbc-568387673c3c","investor-equity-percentage-calculator","حاسبة نسبة المستثمر","Investor Equity Percentage Calculator","احسب نسبة ملكية المستثمر من التقييم بعد الاستثمار.","35aea8de-a8e0-4c82-bdaf-a2b480175d17","formula","true",,"primary_with_fallback","false","2026-08-01T23:37:40.145313+00:00","2026-08-01T23:37:40.145313+00:00","startup-tools أدوات الشركات الناشئة Startup Tools","false",""
"06689057-52b3-4c4c-a76e-60303375847c","founder-dilution-calculator","حاسبة تخفيف حصة المؤسس","Founder Dilution Calculator","احسب الحصة المتبقية بعد جولة استثمار.","35aea8de-a8e0-4c82-bdaf-a2b480175d17","formula","true",,"primary_with_fallback","false","2026-08-01T23:37:40.145313+00:00","2026-08-01T23:37:40.145313+00:00","startup-tools أدوات الشركات الناشئة Startup Tools","false",""
"272a6f04-4a97-439b-be41-11a3352308c7","startup-break-even-customers-calculator","حاسبة عملاء نقطة التعادل","Startup Break-even Customers Calculator","احسب عدد العملاء اللازم لتغطية التكاليف الثابتة.","35aea8de-a8e0-4c82-bdaf-a2b480175d17","formula","true",,"primary_with_fallback","false","2026-08-01T23:37:40.145313+00:00","2026-08-01T23:37:40.145313+00:00","startup-tools أدوات الشركات الناشئة Startup Tools","false",""
"ad797fc9-7679-41ac-8c1b-a3cdc29317a2","startup-cash-need-calculator","حاسبة الاحتياج النقدي","Startup Cash Need Calculator","قدّر السيولة المطلوبة لفترة تشغيل محددة.","35aea8de-a8e0-4c82-bdaf-a2b480175d17","formula","true",,"primary_with_fallback","false","2026-08-01T23:37:40.145313+00:00","2026-08-01T23:37:40.145313+00:00","startup-tools أدوات الشركات الناشئة Startup Tools","false",""
"6865c6b2-3d82-41c9-92c1-bf611236c56b","startup-monthly-growth-rate-calculator","حاسبة النمو الشهري للشركة الناشئة","Startup Monthly Growth Rate Calculator","احسب نمو المؤشر بين شهرين.","35aea8de-a8e0-4c82-bdaf-a2b480175d17","formula","true",,"primary_with_fallback","false","2026-08-01T23:37:40.145313+00:00","2026-08-01T23:37:40.145313+00:00","startup-tools أدوات الشركات الناشئة Startup Tools","false",""
"7fcf9e1d-dcd3-48d1-9a0c-de6c5ff340cf","telecom-data-cost-per-gb-calculator","حاسبة تكلفة الجيجابايت","Telecom Cost per GB Calculator","احسب تكلفة تقديم كل جيجابايت.","e0cec169-442f-4f3e-845a-8434d6369f8d","formula","true",,"primary_with_fallback","false","2026-08-01T23:37:40.145313+00:00","2026-08-01T23:37:40.145313+00:00","telecom-tools أدوات الاتصالات Telecom Tools","false",""
"1761998f-24c1-4845-b3e8-625ea259f2be","purchase-price-variance-calculator","حاسبة انحراف سعر الشراء","Purchase Price Variance Calculator","احسب فرق السعر الفعلي عن المعياري.","cf8fca78-8dc0-43fd-a67c-035f49eb27e3","formula","true",,"primary_with_fallback","false","2026-08-01T23:37:40.145313+00:00","2026-08-01T23:37:40.145313+00:00","procurement-tools أدوات المشتريات Procurement Tools","false",""
"605129da-6d6d-401f-b624-d88b53ecb7fb","procurement-savings-rate-calculator","حاسبة معدل وفورات المشتريات","Procurement Savings Rate Calculator","احسب الوفورات كنسبة من الإنفاق الأساسي.","cf8fca78-8dc0-43fd-a67c-035f49eb27e3","formula","true",,"primary_with_fallback","false","2026-08-01T23:37:40.145313+00:00","2026-08-01T23:37:40.145313+00:00","procurement-tools أدوات المشتريات Procurement Tools","false",""
"d67919cd-cade-4ced-8cc2-528204c0dde4","supplier-defect-rate-calculator","حاسبة عيوب المورد","Supplier Defect Rate Calculator","احسب نسبة الوحدات المعيبة من المورد.","cf8fca78-8dc0-43fd-a67c-035f49eb27e3","formula","true",,"primary_with_fallback","false","2026-08-01T23:37:40.145313+00:00","2026-08-01T23:37:40.145313+00:00","procurement-tools أدوات المشتريات Procurement Tools","false",""
"2e100356-0c01-4243-b927-a7bcd7dc15e1","supplier-on-time-delivery-calculator","حاسبة التزام المورد بالتسليم","Supplier On-time Delivery Calculator","احسب نسبة الطلبات المسلمة في موعدها.","cf8fca78-8dc0-43fd-a67c-035f49eb27e3","formula","true",,"primary_with_fallback","false","2026-08-01T23:37:40.145313+00:00","2026-08-01T23:37:40.145313+00:00","procurement-tools أدوات المشتريات Procurement Tools","false",""
"ffbd47e5-1ba2-479c-8290-a7a684e29e5f","spend-under-management-calculator","حاسبة الإنفاق تحت الإدارة","Spend Under Management Calculator","احسب نسبة الإنفاق الخاضع لإدارة المشتريات.","cf8fca78-8dc0-43fd-a67c-035f49eb27e3","formula","true",,"primary_with_fallback","false","2026-08-01T23:37:40.145313+00:00","2026-08-01T23:37:40.145313+00:00","procurement-tools أدوات المشتريات Procurement Tools","false",""
"bbd2e055-da7c-4f23-b949-a0c56d209f0a","average-procurement-order-value-calculator","حاسبة متوسط طلب الشراء","Average Procurement Order Value Calculator","احسب متوسط قيمة أمر الشراء.","cf8fca78-8dc0-43fd-a67c-035f49eb27e3","formula","true",,"primary_with_fallback","false","2026-08-01T23:37:40.145313+00:00","2026-08-01T23:37:40.145313+00:00","procurement-tools أدوات المشتريات Procurement Tools","false",""
"432349f1-afb2-44aa-b78f-3311a6038aac","procurement-lead-time-calculator","حاسبة متوسط مدة التوريد","Procurement Lead Time Calculator","احسب متوسط مدة التوريد بالأيام.","cf8fca78-8dc0-43fd-a67c-035f49eb27e3","formula","true",,"primary_with_fallback","false","2026-08-01T23:37:40.145313+00:00","2026-08-01T23:37:40.145313+00:00","procurement-tools أدوات المشتريات Procurement Tools","false",""
"e32ee846-e8de-4b59-a53f-11bed02af572","supplier-concentration-calculator","حاسبة تركّز الإنفاق على مورد","Supplier Concentration Calculator","احسب حصة أكبر مورد من إجمالي الإنفاق.","cf8fca78-8dc0-43fd-a67c-035f49eb27e3","formula","true",,"primary_with_fallback","false","2026-08-01T23:37:40.145313+00:00","2026-08-01T23:37:40.145313+00:00","procurement-tools أدوات المشتريات Procurement Tools","false",""
"57ba0516-9e78-4a87-8519-b3c10745bf00","procurement-cycle-time-calculator","حاسبة دورة الشراء","Procurement Cycle Time Calculator","احسب متوسط الأيام من الطلب إلى إصدار الأمر.","cf8fca78-8dc0-43fd-a67c-035f49eb27e3","formula","true",,"primary_with_fallback","false","2026-08-01T23:37:40.145313+00:00","2026-08-01T23:37:40.145313+00:00","procurement-tools أدوات المشتريات Procurement Tools","false",""
"21e63015-8b5c-42ec-b684-fbc773dc7a38","cost-avoidance-calculator","حاسبة تجنب التكلفة","Cost Avoidance Calculator","احسب التكلفة التي تم تجنبها مقارنة بالسعر المتوقع.","cf8fca78-8dc0-43fd-a67c-035f49eb27e3","formula","true",,"primary_with_fallback","false","2026-08-01T23:37:40.145313+00:00","2026-08-01T23:37:40.145313+00:00","procurement-tools أدوات المشتريات Procurement Tools","false",""
"2b47db90-8a9e-4124-be35-63e688b14dd6","defect-rate-calculator","حاسبة معدل العيوب","Defect Rate Calculator","احسب نسبة الوحدات المعيبة.","8a4a22d1-d16a-4a49-9d3b-668b04cd0e2b","formula","true",,"primary_with_fallback","false","2026-08-01T23:37:40.145313+00:00","2026-08-01T23:37:40.145313+00:00","quality-tools أدوات إدارة الجودة Quality Management Tools","false",""
"2cff4426-2f17-4bc0-99fd-7e165c034d3a","first-pass-yield-calculator","حاسبة العائد من المرة الأولى","First Pass Yield Calculator","احسب نسبة الوحدات المقبولة دون إعادة عمل.","8a4a22d1-d16a-4a49-9d3b-668b04cd0e2b","formula","true",,"primary_with_fallback","false","2026-08-01T23:37:40.145313+00:00","2026-08-01T23:37:40.145313+00:00","quality-tools أدوات إدارة الجودة Quality Management Tools","false",""
"45bea2d1-e4e9-4f1a-b4ac-17b6c67815d6","rework-rate-calculator","حاسبة معدل إعادة العمل","Rework Rate Calculator","احسب نسبة الوحدات التي احتاجت إعادة عمل.","8a4a22d1-d16a-4a49-9d3b-668b04cd0e2b","formula","true",,"primary_with_fallback","false","2026-08-01T23:37:40.145313+00:00","2026-08-01T23:37:40.145313+00:00","quality-tools أدوات إدارة الجودة Quality Management Tools","false",""
"f3971f89-a219-4c56-848a-4adcf6a0ec71","customer-complaint-rate-calculator","حاسبة معدل شكاوى العملاء","Customer Complaint Rate Calculator","احسب عدد الشكاوى لكل ألف طلب.","8a4a22d1-d16a-4a49-9d3b-668b04cd0e2b","formula","true",,"primary_with_fallback","false","2026-08-01T23:37:40.145313+00:00","2026-08-01T23:37:40.145313+00:00","quality-tools أدوات إدارة الجودة Quality Management Tools","false",""
"2128ffa7-c3fa-4859-a347-be52b73641b4","cost-of-poor-quality-calculator","حاسبة تكلفة ضعف الجودة","Cost of Poor Quality Calculator","اجمع تكاليف الفشل الداخلي والخارجي.","8a4a22d1-d16a-4a49-9d3b-668b04cd0e2b","formula","true",,"primary_with_fallback","false","2026-08-01T23:37:40.145313+00:00","2026-08-01T23:37:40.145313+00:00","quality-tools أدوات إدارة الجودة Quality Management Tools","false",""
"e9b17a74-0f5b-4eae-871f-cbe35c21c38d","inspection-pass-rate-calculator","حاسبة اجتياز الفحص","Inspection Pass Rate Calculator","احسب نسبة الوحدات المجتازة للفحص.","8a4a22d1-d16a-4a49-9d3b-668b04cd0e2b","formula","true",,"primary_with_fallback","false","2026-08-01T23:37:40.145313+00:00","2026-08-01T23:37:40.145313+00:00","quality-tools أدوات إدارة الجودة Quality Management Tools","false",""
"4dd5791e-50af-4f85-9d2f-ba848b241ddc","defects-per-million-opportunities-calculator","حاسبة العيوب لكل مليون فرصة","DPMO Calculator","احسب عدد العيوب لكل مليون فرصة.","8a4a22d1-d16a-4a49-9d3b-668b04cd0e2b","formula","true",,"primary_with_fallback","false","2026-08-01T23:37:40.145313+00:00","2026-08-01T23:37:40.145313+00:00","quality-tools أدوات إدارة الجودة Quality Management Tools","false",""
"3e801440-4d81-4a95-b87d-9d5b262f46df","audit-finding-closure-rate-calculator","حاسبة إغلاق ملاحظات التدقيق","Audit Finding Closure Rate Calculator","احسب نسبة ملاحظات التدقيق المغلقة.","8a4a22d1-d16a-4a49-9d3b-668b04cd0e2b","formula","true",,"primary_with_fallback","false","2026-08-01T23:37:40.145313+00:00","2026-08-01T23:37:40.145313+00:00","quality-tools أدوات إدارة الجودة Quality Management Tools","false",""
"81148d37-9e2f-42bf-988b-3be9e53edcb5","quality-loss-cost-calculator","حاسبة تكلفة فقد الجودة","Quality Loss Cost Calculator","احسب تكلفة فقد الجودة من الوحدات والتكلفة لكل عيب.","8a4a22d1-d16a-4a49-9d3b-668b04cd0e2b","formula","true",,"primary_with_fallback","false","2026-08-01T23:37:40.145313+00:00","2026-08-01T23:37:40.145313+00:00","quality-tools أدوات إدارة الجودة Quality Management Tools","false",""
"4aa86f38-348f-4b2f-9a3e-78f74053e0da","process-conformance-rate-calculator","حاسبة مطابقة العملية","Process Conformance Rate Calculator","احسب نسبة العمليات المطابقة.","8a4a22d1-d16a-4a49-9d3b-668b04cd0e2b","formula","true",,"primary_with_fallback","false","2026-08-01T23:37:40.145313+00:00","2026-08-01T23:37:40.145313+00:00","quality-tools أدوات إدارة الجودة Quality Management Tools","false",""
"5e667bda-9ca3-448d-9a02-3dad6dd4596c","mtbf-calculator","حاسبة متوسط الزمن بين الأعطال MTBF","MTBF Calculator","احسب متوسط ساعات التشغيل بين الأعطال.","46162415-f6f1-4fb6-9b2a-d12653d9e0e5","formula","true",,"primary_with_fallback","false","2026-08-01T23:37:40.145313+00:00","2026-08-01T23:37:40.145313+00:00","maintenance-tools أدوات الصيانة Maintenance Tools","false",""
"f7ff52aa-4940-4c95-b793-c4d4a268fce9","maintenance-mttr-calculator","حاسبة متوسط زمن الإصلاح MTTR","Maintenance MTTR Calculator","احسب متوسط ساعات الإصلاح لكل عطل.","46162415-f6f1-4fb6-9b2a-d12653d9e0e5","formula","true",,"primary_with_fallback","false","2026-08-01T23:37:40.145313+00:00","2026-08-01T23:37:40.145313+00:00","maintenance-tools أدوات الصيانة Maintenance Tools","false",""
"875d57e1-ee76-4ac6-85eb-6ba4387a0c0f","equipment-availability-calculator","حاسبة توفر المعدات","Equipment Availability Calculator","احسب توفر المعدات من MTBF وMTTR.","46162415-f6f1-4fb6-9b2a-d12653d9e0e5","formula","true",,"primary_with_fallback","false","2026-08-01T23:37:40.145313+00:00","2026-08-01T23:37:40.145313+00:00","maintenance-tools أدوات الصيانة Maintenance Tools","false",""
"cde7a50e-e8d8-4898-bf93-9e2474b49f8e","preventive-maintenance-compliance-calculator","حاسبة الالتزام بالصيانة الوقائية","Preventive Maintenance Compliance Calculator","احسب نسبة أعمال الصيانة المنجزة في موعدها.","46162415-f6f1-4fb6-9b2a-d12653d9e0e5","formula","true",,"primary_with_fallback","false","2026-08-01T23:37:40.145313+00:00","2026-08-01T23:37:40.145313+00:00","maintenance-tools أدوات الصيانة Maintenance Tools","false",""
"a57fff06-a325-4839-8012-4de71c9a661b","maintenance-cost-per-asset-calculator","حاسبة تكلفة الصيانة لكل أصل","Maintenance Cost per Asset Calculator","احسب متوسط تكلفة الصيانة لكل أصل.","46162415-f6f1-4fb6-9b2a-d12653d9e0e5","formula","true",,"primary_with_fallback","false","2026-08-01T23:37:40.145313+00:00","2026-08-01T23:37:40.145313+00:00","maintenance-tools أدوات الصيانة Maintenance Tools","false",""
"4e088332-1cd9-4658-94c6-66e048a18f60","maintenance-cost-to-replacement-value-calculator","حاسبة تكلفة الصيانة إلى قيمة الاستبدال","Maintenance Cost to Replacement Value Calculator","احسب تكلفة الصيانة كنسبة من قيمة الاستبدال.","46162415-f6f1-4fb6-9b2a-d12653d9e0e5","formula","true",,"primary_with_fallback","false","2026-08-01T23:37:40.145313+00:00","2026-08-01T23:37:40.145313+00:00","maintenance-tools أدوات الصيانة Maintenance Tools","false",""
"d42363fa-e10c-4ef3-9c6a-2ea80e7044e5","planned-maintenance-rate-calculator","حاسبة نسبة الصيانة المخططة","Planned Maintenance Rate Calculator","احسب نسبة ساعات الصيانة المخططة.","46162415-f6f1-4fb6-9b2a-d12653d9e0e5","formula","true",,"primary_with_fallback","false","2026-08-01T23:37:40.145313+00:00","2026-08-01T23:37:40.145313+00:00","maintenance-tools أدوات الصيانة Maintenance Tools","false",""
"adeccccb-4182-43ba-88b3-26054482c178","telecom-retention-rate-calculator","حاسبة الاحتفاظ بالمشتركين","Subscriber Retention Rate Calculator","احسب نسبة المشتركين المستمرين.","e0cec169-442f-4f3e-845a-8434d6369f8d","formula","true",,"primary_with_fallback","false","2026-08-01T23:37:40.145313+00:00","2026-08-01T23:37:40.145313+00:00","telecom-tools أدوات الاتصالات Telecom Tools","false",""
"bd07cca9-ec3e-4f95-bcf9-403521503687","emergency-maintenance-rate-calculator","حاسبة نسبة الصيانة الطارئة","Emergency Maintenance Rate Calculator","احسب نسبة أوامر الصيانة الطارئة.","46162415-f6f1-4fb6-9b2a-d12653d9e0e5","formula","true",,"primary_with_fallback","false","2026-08-01T23:37:40.145313+00:00","2026-08-01T23:37:40.145313+00:00","maintenance-tools أدوات الصيانة Maintenance Tools","false",""
"ad64957b-9ef1-435e-be3d-172e5e729fc2","maintenance-backlog-weeks-calculator","حاسبة أسابيع تراكم الصيانة","Maintenance Backlog Weeks Calculator","قدّر أسابيع العمل المطلوبة لإنهاء التراكم.","46162415-f6f1-4fb6-9b2a-d12653d9e0e5","formula","true",,"primary_with_fallback","false","2026-08-01T23:37:40.145313+00:00","2026-08-01T23:37:40.145313+00:00","maintenance-tools أدوات الصيانة Maintenance Tools","false",""
"0b3a8c37-ddbc-4753-9810-44e1bc5e2c42","spare-parts-turnover-calculator","حاسبة دوران قطع الغيار","Spare Parts Turnover Calculator","احسب دوران مخزون قطع الغيار.","46162415-f6f1-4fb6-9b2a-d12653d9e0e5","formula","true",,"primary_with_fallback","false","2026-08-01T23:37:40.145313+00:00","2026-08-01T23:37:40.145313+00:00","maintenance-tools أدوات الصيانة Maintenance Tools","false",""
"e143eae0-e707-44b3-9cc7-be5821cb5c63","franchise-royalty-fee-calculator","حاسبة رسوم الامتياز الشهرية","Franchise Royalty Fee Calculator","احسب رسوم الامتياز من المبيعات.","ae0ac990-7008-43b3-a0f1-8bb48f4b2fc9","formula","true",,"primary_with_fallback","false","2026-08-01T23:37:40.145313+00:00","2026-08-01T23:37:40.145313+00:00","franchise-tools أدوات الامتياز التجاري Franchise Tools","false",""
"01b9e4f2-ad65-4630-b8b5-5e9d9c5fc92e","franchise-marketing-fund-calculator","حاسبة صندوق التسويق","Franchise Marketing Fund Calculator","احسب مساهمة الفرع في صندوق التسويق.","ae0ac990-7008-43b3-a0f1-8bb48f4b2fc9","formula","true",,"primary_with_fallback","false","2026-08-01T23:37:40.145313+00:00","2026-08-01T23:37:40.145313+00:00","franchise-tools أدوات الامتياز التجاري Franchise Tools","false",""
"24d1f921-f770-4f4a-9e1d-8c355c16b7fd","franchise-break-even-sales-calculator","حاسبة مبيعات تعادل الفرع","Franchise Break-even Sales Calculator","احسب المبيعات اللازمة لتغطية التكاليف الثابتة.","ae0ac990-7008-43b3-a0f1-8bb48f4b2fc9","formula","true",,"primary_with_fallback","false","2026-08-01T23:37:40.145313+00:00","2026-08-01T23:37:40.145313+00:00","franchise-tools أدوات الامتياز التجاري Franchise Tools","false",""
"b02c6a6d-6b8b-4ffd-971d-68490821fc09","franchise-payback-period-calculator","حاسبة فترة استرداد الفرع","Franchise Payback Period Calculator","قدّر سنوات استرداد تكلفة افتتاح الفرع.","ae0ac990-7008-43b3-a0f1-8bb48f4b2fc9","formula","true",,"primary_with_fallback","false","2026-08-01T23:37:40.145313+00:00","2026-08-01T23:37:40.145313+00:00","franchise-tools أدوات الامتياز التجاري Franchise Tools","false",""
"71d873c5-0e7f-4471-b4a9-5faaf804354d","same-store-sales-growth-calculator","حاسبة نمو مبيعات الفرع القائم","Same-store Sales Growth Calculator","احسب نمو مبيعات الفرع مقارنة بالفترة السابقة.","ae0ac990-7008-43b3-a0f1-8bb48f4b2fc9","formula","true",,"primary_with_fallback","false","2026-08-01T23:37:40.145313+00:00","2026-08-01T23:37:40.145313+00:00","franchise-tools أدوات الامتياز التجاري Franchise Tools","false",""
"7f7db5a4-e8fb-4771-8cbb-21a5299e6176","revenue-per-franchise-location-calculator","حاسبة الإيراد لكل فرع","Revenue per Franchise Location Calculator","احسب متوسط الإيراد لكل فرع.","ae0ac990-7008-43b3-a0f1-8bb48f4b2fc9","formula","true",,"primary_with_fallback","false","2026-08-01T23:37:40.145313+00:00","2026-08-01T23:37:40.145313+00:00","franchise-tools أدوات الامتياز التجاري Franchise Tools","false",""
"cc24a9df-0b85-43d2-aa58-7c824cbf92be","franchise-gross-margin-calculator","حاسبة هامش الفرع","Franchise Gross Margin Calculator","احسب هامش الربح الإجمالي للفرع.","ae0ac990-7008-43b3-a0f1-8bb48f4b2fc9","formula","true",,"primary_with_fallback","false","2026-08-01T23:37:40.145313+00:00","2026-08-01T23:37:40.145313+00:00","franchise-tools أدوات الامتياز التجاري Franchise Tools","false",""
"21d2e6e0-22ac-475f-abd1-a74b2b9d798a","royalty-coverage-ratio-calculator","حاسبة تغطية رسوم الامتياز","Royalty Coverage Ratio Calculator","احسب قدرة الربح التشغيلي على تغطية رسوم الامتياز.","ae0ac990-7008-43b3-a0f1-8bb48f4b2fc9","formula","true",,"primary_with_fallback","false","2026-08-01T23:37:40.145313+00:00","2026-08-01T23:37:40.145313+00:00","franchise-tools أدوات الامتياز التجاري Franchise Tools","false",""
"9c071988-9241-42cd-acd5-121a665ddfe2","franchise-opening-cost-per-sqm-calculator","حاسبة تكلفة افتتاح الفرع لكل متر","Franchise Opening Cost per Square Meter Calculator","احسب تكلفة الافتتاح لكل متر مربع.","ae0ac990-7008-43b3-a0f1-8bb48f4b2fc9","formula","true",,"primary_with_fallback","false","2026-08-01T23:37:40.145313+00:00","2026-08-01T23:37:40.145313+00:00","franchise-tools أدوات الامتياز التجاري Franchise Tools","false",""
"cd3569a1-d9a4-492a-a51f-8a723b867c01","average-unit-volume-calculator","حاسبة متوسط مبيعات الوحدة AUV","Average Unit Volume Calculator","احسب متوسط المبيعات السنوية لكل فرع.","ae0ac990-7008-43b3-a0f1-8bb48f4b2fc9","formula","true",,"primary_with_fallback","false","2026-08-01T23:37:40.145313+00:00","2026-08-01T23:37:40.145313+00:00","franchise-tools أدوات الامتياز التجاري Franchise Tools","false",""
"c7c28184-b9a3-4e02-a463-e421df1ee353","rental-asset-yield-calculator","حاسبة عائد أصل التأجير","Rental Asset Yield Calculator","احسب العائد السنوي للأصل المؤجر.","ba5e25a8-996e-4816-937f-4a246751a867","formula","true",,"primary_with_fallback","false","2026-08-01T23:37:40.145313+00:00","2026-08-01T23:37:40.145313+00:00","rental-business-tools أدوات أعمال التأجير Rental Business Tools","false",""
"a109f5f3-3101-44f6-87d8-ff7ffa2dfba8","rental-utilization-rate-calculator","حاسبة استغلال أصل التأجير","Rental Utilization Rate Calculator","احسب نسبة الأيام المؤجرة.","ba5e25a8-996e-4816-937f-4a246751a867","formula","true",,"primary_with_fallback","false","2026-08-01T23:37:40.145313+00:00","2026-08-01T23:37:40.145313+00:00","rental-business-tools أدوات أعمال التأجير Rental Business Tools","false",""
"3ccb0f97-4c0e-4c64-bc71-f8ae98a57300","rental-revenue-per-day-calculator","حاسبة إيراد يوم التأجير","Rental Revenue per Day Calculator","احسب متوسط الإيراد لكل يوم تأجير.","ba5e25a8-996e-4816-937f-4a246751a867","formula","true",,"primary_with_fallback","false","2026-08-01T23:37:40.145313+00:00","2026-08-01T23:37:40.145313+00:00","rental-business-tools أدوات أعمال التأجير Rental Business Tools","false",""
"f8441424-fc4b-4061-9883-b778f784ec77","maintenance-cost-per-rental-calculator","حاسبة الصيانة لكل عملية تأجير","Maintenance Cost per Rental Calculator","احسب متوسط تكلفة الصيانة لكل عملية.","ba5e25a8-996e-4816-937f-4a246751a867","formula","true",,"primary_with_fallback","false","2026-08-01T23:37:40.145313+00:00","2026-08-01T23:37:40.145313+00:00","rental-business-tools أدوات أعمال التأجير Rental Business Tools","false",""
"c5bdd072-6bff-4983-9a05-fc3cfd9420dd","rental-damage-rate-calculator","حاسبة معدل تلف التأجير","Rental Damage Rate Calculator","احسب نسبة عمليات التأجير التي نتج عنها تلف.","ba5e25a8-996e-4816-937f-4a246751a867","formula","true",,"primary_with_fallback","false","2026-08-01T23:37:40.145313+00:00","2026-08-01T23:37:40.145313+00:00","rental-business-tools أدوات أعمال التأجير Rental Business Tools","false",""
"6779db37-c383-4dcb-82e2-cde261673588","rental-payback-period-calculator","حاسبة استرداد أصل التأجير","Rental Asset Payback Calculator","قدّر سنوات استرداد تكلفة الأصل.","ba5e25a8-996e-4816-937f-4a246751a867","formula","true",,"primary_with_fallback","false","2026-08-01T23:37:40.145313+00:00","2026-08-01T23:37:40.145313+00:00","rental-business-tools أدوات أعمال التأجير Rental Business Tools","false",""
"83fe4616-b8de-4a78-9554-7392391b30ac","rental-booking-conversion-calculator","حاسبة تحويل طلبات التأجير","Rental Booking Conversion Calculator","احسب نسبة الاستفسارات التي أصبحت حجوزات.","ba5e25a8-996e-4816-937f-4a246751a867","formula","true",,"primary_with_fallback","false","2026-08-01T23:37:40.145313+00:00","2026-08-01T23:37:40.145313+00:00","rental-business-tools أدوات أعمال التأجير Rental Business Tools","false",""
"d4e09cbb-abcb-4a9e-9681-f8c192ee7d45","telecom-network-uptime-calculator","حاسبة توفر شبكة الاتصالات","Telecom Network Uptime Calculator","احسب نسبة وقت توفر الشبكة.","e0cec169-442f-4f3e-845a-8434d6369f8d","formula","true",,"primary_with_fallback","false","2026-08-01T23:37:40.145313+00:00","2026-08-01T23:37:40.145313+00:00","telecom-tools أدوات الاتصالات Telecom Tools","false",""
"7fedaef6-f0b0-4749-a78a-0564d812e32d","bakery-labor-cost-per-batch-calculator","حاسبة عمالة الدفعة","Bakery Labor Cost per Batch Calculator","احسب تكلفة العمالة لكل دفعة.","73c4a4b4-c97d-4dea-a908-8179b42df13d","formula","true",,"primary_with_fallback","false","2026-08-01T23:37:40.145313+00:00","2026-08-01T23:37:40.145313+00:00","bakery-tools أدوات المخابز Bakery Tools","false",""
"8230d9b8-e62a-40ab-b43b-677770738a23","bakery-daily-profit-calculator","حاسبة ربح المخبز اليومي","Bakery Daily Profit Calculator","احسب صافي الربح اليومي.","73c4a4b4-c97d-4dea-a908-8179b42df13d","formula","true",,"primary_with_fallback","false","2026-08-01T23:37:40.145313+00:00","2026-08-01T23:37:40.145313+00:00","bakery-tools أدوات المخابز Bakery Tools","false",""
"1e94f4c6-8b14-4e3a-b406-1c7386a2a9e7","telecom-arpu-calculator","حاسبة متوسط الإيراد لكل مشترك","Telecom ARPU Calculator","احسب متوسط الإيراد لكل مشترك.","e0cec169-442f-4f3e-845a-8434d6369f8d","formula","true",,"primary_with_fallback","false","2026-08-01T23:37:40.145313+00:00","2026-08-01T23:37:40.145313+00:00","telecom-tools أدوات الاتصالات Telecom Tools","false",""
"a233cc6c-ed3e-466f-97b4-b3d73b2a47e2","rental-late-fee-calculator","حاسبة رسوم تأخير الإرجاع","Rental Late Fee Calculator","احسب رسوم التأخير من الأيام والسعر اليومي.","ba5e25a8-996e-4816-937f-4a246751a867","formula","true",,"primary_with_fallback","false","2026-08-01T23:37:40.145313+00:00","2026-08-01T23:37:40.145313+00:00","rental-business-tools أدوات أعمال التأجير Rental Business Tools","false",""
"ce8f64f0-1b6e-45a4-b506-2c1f4c753297","rental-fleet-revenue-per-asset-calculator","حاسبة إيراد كل أصل مؤجر","Rental Fleet Revenue per Asset Calculator","احسب متوسط الإيراد لكل أصل في الأسطول.","ba5e25a8-996e-4816-937f-4a246751a867","formula","true",,"primary_with_fallback","false","2026-08-01T23:37:40.145313+00:00","2026-08-01T23:37:40.145313+00:00","rental-business-tools أدوات أعمال التأجير Rental Business Tools","false",""
"e31d6ea2-7c38-496f-a8f8-08d186b7828f","salon-revenue-per-chair-calculator","حاسبة إيراد كرسي الصالون","Salon Revenue per Chair Calculator","احسب متوسط الإيراد لكل كرسي.","954c1db2-22b6-40d3-b864-7168406177ce","formula","true",,"primary_with_fallback","false","2026-08-01T23:37:40.145313+00:00","2026-08-01T23:37:40.145313+00:00","salon-tools أدوات الصالونات Salon Tools","false",""
"3d0609dd-89f3-4920-880b-c85ab8c8d648","salon-chair-utilization-calculator","حاسبة استغلال كراسي الصالون","Salon Chair Utilization Calculator","احسب نسبة الساعات المشغولة.","954c1db2-22b6-40d3-b864-7168406177ce","formula","true",,"primary_with_fallback","false","2026-08-01T23:37:40.145313+00:00","2026-08-01T23:37:40.145313+00:00","salon-tools أدوات الصالونات Salon Tools","false",""
"8f93ab7b-5ccb-4610-95d3-cfb191ef35e3","salon-average-ticket-calculator","حاسبة متوسط فاتورة الصالون","Salon Average Ticket Calculator","احسب متوسط فاتورة العميل.","954c1db2-22b6-40d3-b864-7168406177ce","formula","true",,"primary_with_fallback","false","2026-08-01T23:37:40.145313+00:00","2026-08-01T23:37:40.145313+00:00","salon-tools أدوات الصالونات Salon Tools","false",""
"32b14cdb-236c-486a-a5b3-bc82325e7875","salon-rebooking-rate-calculator","حاسبة إعادة الحجز","Salon Rebooking Rate Calculator","احسب نسبة العملاء الذين حجزوا موعدًا جديدًا.","954c1db2-22b6-40d3-b864-7168406177ce","formula","true",,"primary_with_fallback","false","2026-08-01T23:37:40.145313+00:00","2026-08-01T23:37:40.145313+00:00","salon-tools أدوات الصالونات Salon Tools","false",""
"c16c523e-de1b-4b34-9e40-b55fc150d718","salon-product-attachment-rate-calculator","حاسبة بيع المنتجات مع الخدمات","Salon Product Attachment Rate Calculator","احسب نسبة الزيارات التي تضمنت بيع منتج.","954c1db2-22b6-40d3-b864-7168406177ce","formula","true",,"primary_with_fallback","false","2026-08-01T23:37:40.145313+00:00","2026-08-01T23:37:40.145313+00:00","salon-tools أدوات الصالونات Salon Tools","false",""
"107533f1-4bed-4629-8980-b87673d87ac5","salon-staff-commission-calculator","حاسبة عمولة موظف الصالون","Salon Staff Commission Calculator","احسب عمولة الموظف من مبيعات الخدمات.","954c1db2-22b6-40d3-b864-7168406177ce","formula","true",,"primary_with_fallback","false","2026-08-01T23:37:40.145313+00:00","2026-08-01T23:37:40.145313+00:00","salon-tools أدوات الصالونات Salon Tools","false",""
"c92b7b6a-badd-4a28-bc89-97320de2e35e","salon-treatment-margin-calculator","حاسبة هامش خدمة الصالون","Salon Treatment Margin Calculator","احسب هامش ربح الخدمة.","954c1db2-22b6-40d3-b864-7168406177ce","formula","true",,"primary_with_fallback","false","2026-08-01T23:37:40.145313+00:00","2026-08-01T23:37:40.145313+00:00","salon-tools أدوات الصالونات Salon Tools","false",""
"4dd266c3-b03b-408a-b9f6-d649e44cf860","salon-no-show-rate-calculator","حاسبة عدم حضور المواعيد","Salon No-show Rate Calculator","احسب نسبة المواعيد التي لم يحضر أصحابها.","954c1db2-22b6-40d3-b864-7168406177ce","formula","true",,"primary_with_fallback","false","2026-08-01T23:37:40.145313+00:00","2026-08-01T23:37:40.145313+00:00","salon-tools أدوات الصالونات Salon Tools","false",""
"1e6069d8-158f-4cd6-b23f-4aa573fb214d","salon-daily-capacity-calculator","حاسبة طاقة مواعيد الصالون","Salon Daily Capacity Calculator","قدّر عدد المواعيد الممكنة يوميًا.","954c1db2-22b6-40d3-b864-7168406177ce","formula","true",,"primary_with_fallback","false","2026-08-01T23:37:40.145313+00:00","2026-08-01T23:37:40.145313+00:00","salon-tools أدوات الصالونات Salon Tools","false",""
"160eae1d-47bc-44b0-8725-34562a3d9d51","telecom-subscriber-churn-calculator","حاسبة تسرب المشتركين","Subscriber Churn Rate Calculator","احسب نسبة المشتركين المغادرين.","e0cec169-442f-4f3e-845a-8434d6369f8d","formula","true",,"primary_with_fallback","false","2026-08-01T23:37:40.145313+00:00","2026-08-01T23:37:40.145313+00:00","telecom-tools أدوات الاتصالات Telecom Tools","false",""
"dff99c90-206f-49e0-838c-439e48e0bb52","salon-break-even-appointments-calculator","حاسبة مواعيد نقطة التعادل","Salon Break-even Appointments Calculator","احسب عدد المواعيد اللازمة لتغطية التكاليف الثابتة.","954c1db2-22b6-40d3-b864-7168406177ce","formula","true",,"primary_with_fallback","false","2026-08-01T23:37:40.145313+00:00","2026-08-01T23:37:40.145313+00:00","salon-tools أدوات الصالونات Salon Tools","false",""
"72a3bc01-2f45-479b-a147-66b1d9affba9","bakery-ingredient-cost-per-batch-calculator","حاسبة مكونات دفعة المخبز","Bakery Ingredient Cost per Batch Calculator","اجمع تكلفة المكونات لكل دفعة.","73c4a4b4-c97d-4dea-a908-8179b42df13d","formula","true",,"primary_with_fallback","false","2026-08-01T23:37:40.145313+00:00","2026-08-01T23:37:40.145313+00:00","bakery-tools أدوات المخابز Bakery Tools","false",""
"d20f2ee2-acaf-4564-9360-cc0acb74864e","bakery-cost-per-item-calculator","حاسبة تكلفة القطعة","Bakery Cost per Item Calculator","احسب تكلفة القطعة من تكلفة الدفعة والإنتاج.","73c4a4b4-c97d-4dea-a908-8179b42df13d","formula","true",,"primary_with_fallback","false","2026-08-01T23:37:40.145313+00:00","2026-08-01T23:37:40.145313+00:00","bakery-tools أدوات المخابز Bakery Tools","false",""
"495f37f2-7d60-40e5-a214-aa4121699668","bakery-gross-margin-calculator","حاسبة هامش منتج المخبز","Bakery Gross Margin Calculator","احسب هامش الربح الإجمالي للمنتج.","73c4a4b4-c97d-4dea-a908-8179b42df13d","formula","true",,"primary_with_fallback","false","2026-08-01T23:37:40.145313+00:00","2026-08-01T23:37:40.145313+00:00","bakery-tools أدوات المخابز Bakery Tools","false",""
"fede1926-3df9-4789-81c8-3f48c2ae194c","bakery-waste-rate-calculator","حاسبة هدر المخبز","Bakery Waste Rate Calculator","احسب نسبة المنتجات المهدرة.","73c4a4b4-c97d-4dea-a908-8179b42df13d","formula","true",,"primary_with_fallback","false","2026-08-01T23:37:40.145313+00:00","2026-08-01T23:37:40.145313+00:00","bakery-tools أدوات المخابز Bakery Tools","false",""
"1ec8c8c9-87fe-4435-937a-6b44c38381bc","bakery-daily-production-capacity-calculator","حاسبة الطاقة اليومية للمخبز","Bakery Daily Production Capacity Calculator","قدّر عدد القطع الممكن إنتاجها يوميًا.","73c4a4b4-c97d-4dea-a908-8179b42df13d","formula","true",,"primary_with_fallback","false","2026-08-01T23:37:40.145313+00:00","2026-08-01T23:37:40.145313+00:00","bakery-tools أدوات المخابز Bakery Tools","false",""
"534f0ec4-476c-4228-8f71-ce1f6c66ab14","bakery-oven-utilization-calculator","حاسبة استغلال الفرن","Bakery Oven Utilization Calculator","احسب نسبة ساعات تشغيل الفرن.","73c4a4b4-c97d-4dea-a908-8179b42df13d","formula","true",,"primary_with_fallback","false","2026-08-01T23:37:40.145313+00:00","2026-08-01T23:37:40.145313+00:00","bakery-tools أدوات المخابز Bakery Tools","false",""
"f784ff5e-eabc-430e-806d-9eeff4873df4","bakery-break-even-items-calculator","حاسبة قطع نقطة التعادل","Bakery Break-even Items Calculator","احسب عدد القطع اللازمة لتغطية التكاليف الثابتة.","73c4a4b4-c97d-4dea-a908-8179b42df13d","formula","true",,"primary_with_fallback","false","2026-08-01T23:37:40.145313+00:00","2026-08-01T23:37:40.145313+00:00","bakery-tools أدوات المخابز Bakery Tools","false",""
"27e2aec6-0ac5-4e46-97f5-b873d2546d4a","bakery-packaging-cost-calculator","حاسبة تكلفة التغليف","Bakery Packaging Cost Calculator","احسب تكلفة التغليف للإنتاج.","73c4a4b4-c97d-4dea-a908-8179b42df13d","formula","true",,"primary_with_fallback","false","2026-08-01T23:37:40.145313+00:00","2026-08-01T23:37:40.145313+00:00","bakery-tools أدوات المخابز Bakery Tools","false",""