"tool_id","tool_slug","tool_title_ar","skill_slug","link_type","sort_order"
"f175eb69-3779-4350-ba79-0b2054300d86","percentage-calculator","حاسبة النسبة المئوية","skill-general-tools-calculation","family","10"
"f175eb69-3779-4350-ba79-0b2054300d86","percentage-calculator","حاسبة النسبة المئوية","skill-engine-formula","engine","20"
"86eb5790-0179-4901-85e4-e0165b14fcda","ai-content-writer","مساعد كتابة المحتوى","skill-ai-tools-writing","family","10"
"86eb5790-0179-4901-85e4-e0165b14fcda","ai-content-writer","مساعد كتابة المحتوى","skill-engine-ai","engine","20"
"4d4e2480-0da8-4d19-8f5c-f0fe745f46be","customer-acquisition-cost-calculator","حاسبة تكلفة اكتساب العميل","skill-marketing-tools-calculation","family","10"
"4d4e2480-0da8-4d19-8f5c-f0fe745f46be","customer-acquisition-cost-calculator","حاسبة تكلفة اكتساب العميل","skill-engine-formula","engine","20"
"4f0d7b08-5b13-4419-8bbf-895ce7c6e2fb","gross-profit-calculator","حاسبة الربح الإجمالي","skill-finance-tools-calculation","family","10"
"4f0d7b08-5b13-4419-8bbf-895ce7c6e2fb","gross-profit-calculator","حاسبة الربح الإجمالي","skill-engine-formula","engine","20"
"ec722629-db92-4f7b-b12e-c70f2c398ace","conversion-rate-calculator","حاسبة معدل التحويل","skill-marketing-tools-calculation","family","10"
"ec722629-db92-4f7b-b12e-c70f2c398ace","conversion-rate-calculator","حاسبة معدل التحويل","skill-engine-formula","engine","20"
"0b70612c-e276-4a62-b357-e1c1c773fa5a","cpa-calculator","حاسبة تكلفة الإجراء","skill-marketing-tools-calculation","family","10"
"0b70612c-e276-4a62-b357-e1c1c773fa5a","cpa-calculator","حاسبة تكلفة الإجراء","skill-engine-formula","engine","20"
"f301ad76-50e0-4d4b-b544-e7cdb7246e9a","profit-margin-calculator","حاسبة هامش الربح","skill-finance-tools-calculation","family","10"
"f301ad76-50e0-4d4b-b544-e7cdb7246e9a","profit-margin-calculator","حاسبة هامش الربح","skill-engine-formula","engine","20"
"a0c66970-94b9-40e2-a739-be76dce65524","cpm-calculator","حاسبة تكلفة الألف ظهور","skill-marketing-tools-calculation","family","10"
"a0c66970-94b9-40e2-a739-be76dce65524","cpm-calculator","حاسبة تكلفة الألف ظهور","skill-engine-formula","engine","20"
"dfd21220-8422-4970-8c90-270550b5c3c4","ctr-calculator","حاسبة معدل النقر","skill-marketing-tools-calculation","family","10"
"dfd21220-8422-4970-8c90-270550b5c3c4","ctr-calculator","حاسبة معدل النقر","skill-engine-formula","engine","20"
"c3035766-e935-4182-942e-8b412419789b","discount-calculator","حاسبة الخصم","skill-finance-tools-calculation","family","10"
"c3035766-e935-4182-942e-8b412419789b","discount-calculator","حاسبة الخصم","skill-engine-formula","engine","20"
"ff6dfa48-a649-4391-b7a7-cfe2b77292d8","cpc-calculator","حاسبة تكلفة النقرة","skill-marketing-tools-calculation","family","10"
"ff6dfa48-a649-4391-b7a7-cfe2b77292d8","cpc-calculator","حاسبة تكلفة النقرة","skill-engine-formula","engine","20"
"a721a63c-83e8-4075-8b56-a8dff08c6bc1","roas-calculator","حاسبة العائد الإعلاني","skill-marketing-tools-calculation","family","10"
"a721a63c-83e8-4075-8b56-a8dff08c6bc1","roas-calculator","حاسبة العائد الإعلاني","skill-engine-formula","engine","20"
"d9de3723-38d6-4a9f-b2ff-74548722d39c","salary-increase-calculator","حاسبة زيادة الراتب","skill-employment-tools-calculation","family","10"
"d9de3723-38d6-4a9f-b2ff-74548722d39c","salary-increase-calculator","حاسبة زيادة الراتب","skill-engine-formula","engine","20"
"ee78d9ac-d962-45b4-92d0-4ff06f6b092f","break-even-calculator","حاسبة نقطة التعادل","skill-business-tools-calculation","family","10"
"ee78d9ac-d962-45b4-92d0-4ff06f6b092f","break-even-calculator","حاسبة نقطة التعادل","skill-engine-formula","engine","20"
"302eaba8-e1b8-4d3c-8346-60a9cdf4ac32","tip-calculator","حاسبة الإكرامية","skill-finance-tools-calculation","family","10"
"302eaba8-e1b8-4d3c-8346-60a9cdf4ac32","tip-calculator","حاسبة الإكرامية","skill-engine-formula","engine","20"
"0f15704e-ebe9-426a-8a77-015bb1f52b34","compound-interest-calculator","حاسبة الفائدة المركبة","skill-finance-tools-calculation","family","10"
"0f15704e-ebe9-426a-8a77-015bb1f52b34","compound-interest-calculator","حاسبة الفائدة المركبة","skill-engine-formula","engine","20"
"be5d1ed8-56f0-4114-84a6-ee07fe0e153a","simple-interest-calculator","حاسبة الفائدة البسيطة","skill-finance-tools-calculation","family","10"
"be5d1ed8-56f0-4114-84a6-ee07fe0e153a","simple-interest-calculator","حاسبة الفائدة البسيطة","skill-engine-formula","engine","20"
"b0167501-912e-4f9b-96d9-34532eae13bf","unit-price-calculator","حاسبة سعر الوحدة","skill-finance-tools-calculation","family","10"
"b0167501-912e-4f9b-96d9-34532eae13bf","unit-price-calculator","حاسبة سعر الوحدة","skill-engine-formula","engine","20"
"d48b39fd-6eab-4398-923b-473451e9e8ba","aov-calculator","حاسبة متوسط قيمة الطلب","skill-marketing-tools-calculation","family","10"
"d48b39fd-6eab-4398-923b-473451e9e8ba","aov-calculator","حاسبة متوسط قيمة الطلب","skill-engine-formula","engine","20"
"454866d0-1aaa-4f62-8aad-3ae1d6dcb02c","commission-calculator","حاسبة العمولة","skill-finance-tools-calculation","family","10"
"454866d0-1aaa-4f62-8aad-3ae1d6dcb02c","commission-calculator","حاسبة العمولة","skill-engine-formula","engine","20"
"9f7a206f-ab52-4ef3-805f-b989bf4ac800","roi-calculator","حاسبة العائد على الاستثمار","skill-finance-tools-calculation","family","10"
"9f7a206f-ab52-4ef3-805f-b989bf4ac800","roi-calculator","حاسبة العائد على الاستثمار","skill-engine-formula","engine","20"
"21030036-5d49-4e16-95cc-5d28165fbc54","weighted-score-calculator","حاسبة الدرجة الموزونة","skill-general-tools-calculation","family","10"
"21030036-5d49-4e16-95cc-5d28165fbc54","weighted-score-calculator","حاسبة الدرجة الموزونة","skill-engine-formula","engine","20"
"74b34bbf-bbdf-463d-8d00-696766fd4766","pre-tax-price-calculator","حاسبة السعر قبل الضريبة","skill-finance-tools-calculation","family","10"
"74b34bbf-bbdf-463d-8d00-696766fd4766","pre-tax-price-calculator","حاسبة السعر قبل الضريبة","skill-engine-formula","engine","20"
"f3e86665-b806-40a9-961a-8e7ac1419d37","markup-calculator","حاسبة نسبة الزيادة على التكلفة","skill-finance-tools-calculation","family","10"
"f3e86665-b806-40a9-961a-8e7ac1419d37","markup-calculator","حاسبة نسبة الزيادة على التكلفة","skill-engine-formula","engine","20"
"bd86531a-b40c-4800-9e86-c37feff83059","vat-calculator","حاسبة ضريبة القيمة المضافة","skill-finance-tools-calculation","family","10"
"bd86531a-b40c-4800-9e86-c37feff83059","vat-calculator","حاسبة ضريبة القيمة المضافة","skill-engine-formula","engine","20"
"4254c4db-9526-4c7d-913a-38aa1ce6fb64","average-calculator","حاسبة المتوسط","skill-general-tools-calculation","family","10"
"4254c4db-9526-4c7d-913a-38aa1ce6fb64","average-calculator","حاسبة المتوسط","skill-engine-formula","engine","20"
"6b3b9b93-4a44-4c15-914d-932bfcfec929","line-sorter","ترتيب الأسطر أبجديًا","skill-text-tools-sorting","family","10"
"6b3b9b93-4a44-4c15-914d-932bfcfec929","line-sorter","ترتيب الأسطر أبجديًا","skill-engine-text","engine","20"
"b320acb2-abef-4c22-b4f0-16490333a347","reverse-text","عكس النص والكلمات","skill-text-tools-text-transformation","family","10"
"b320acb2-abef-4c22-b4f0-16490333a347","reverse-text","عكس النص والكلمات","skill-engine-text","engine","20"
"af4143c7-d820-4e62-8ece-69cc2563e8fc","text-case-converter","تحويل حالة الأحرف","skill-text-tools-conversion","family","10"
"af4143c7-d820-4e62-8ece-69cc2563e8fc","text-case-converter","تحويل حالة الأحرف","skill-engine-text","engine","20"
"b971db8c-f5bb-464b-88b9-153019e6db9e","normalize-arabic-text","تنظيف وتوحيد النص العربي","skill-text-tools-text-transformation","family","10"
"b971db8c-f5bb-464b-88b9-153019e6db9e","normalize-arabic-text","تنظيف وتوحيد النص العربي","skill-engine-text","engine","20"
"addb4715-84ac-4925-a831-424adc2a44d3","remove-diacritics","إزالة التشكيل من النص","skill-text-tools-text-transformation","family","10"
"addb4715-84ac-4925-a831-424adc2a44d3","remove-diacritics","إزالة التشكيل من النص","skill-engine-text","engine","20"
"4697de8c-7b84-4923-8f44-28364c9b18c4","fancy-separator-generator","مولد الفواصل والرموز","skill-decoration-tools-generation","family","10"
"4697de8c-7b84-4923-8f44-28364c9b18c4","fancy-separator-generator","مولد الفواصل والرموز","skill-engine-text","engine","20"
"4d198c72-c2dc-4ae8-a6db-b23762c1dbe9","quote-wrapper","إطارات واقتباسات مزخرفة","skill-decoration-tools-text-transformation","family","10"
"4d198c72-c2dc-4ae8-a6db-b23762c1dbe9","quote-wrapper","إطارات واقتباسات مزخرفة","skill-engine-text","engine","20"
"9d6c3eee-db16-4b68-b242-e699fc5ff574","line-prefix-adder","إضافة رمز لكل سطر","skill-text-tools-text-transformation","family","10"
"9d6c3eee-db16-4b68-b242-e699fc5ff574","line-prefix-adder","إضافة رمز لكل سطر","skill-engine-text","engine","20"
"08c78913-87fe-467a-8195-113889b2069b","find-replace-text","بحث واستبدال النص","skill-text-tools-text-transformation","family","10"
"08c78913-87fe-467a-8195-113889b2069b","find-replace-text","بحث واستبدال النص","skill-engine-text","engine","20"
"6cbc4a4f-1ca1-4347-9ace-4dc100f4d8ab","emoji-text-decoration","زخرفة النص بالإيموجي","skill-decoration-tools-text-transformation","family","10"
"6cbc4a4f-1ca1-4347-9ace-4dc100f4d8ab","emoji-text-decoration","زخرفة النص بالإيموجي","skill-engine-text","engine","20"
"8ce62f87-b6d0-4fd1-a970-70253ec7c8a8","text-decoration","زخرفة النصوص والأسماء","skill-decoration-tools-text-transformation","family","10"
"8ce62f87-b6d0-4fd1-a970-70253ec7c8a8","text-decoration","زخرفة النصوص والأسماء","skill-engine-text","engine","20"
"0b607b9f-1c36-4070-95b0-d028d2dc1294","arabic-text-decoration","زخرفة الأسماء العربية","skill-decoration-tools-text-transformation","family","10"
"0b607b9f-1c36-4070-95b0-d028d2dc1294","arabic-text-decoration","زخرفة الأسماء العربية","skill-engine-text","engine","20"
"9cf7aa49-3eb3-4d1d-8695-4350cbe430e9","english-name-decoration","زخرفة الأسماء الإنجليزية","skill-decoration-tools-text-transformation","family","10"
"9cf7aa49-3eb3-4d1d-8695-4350cbe430e9","english-name-decoration","زخرفة الأسماء الإنجليزية","skill-engine-text","engine","20"
"e85207a7-d468-487c-9462-0b9224df5bb0","username-decoration","زخرفة اسم المستخدم","skill-decoration-tools-text-transformation","family","10"
"e85207a7-d468-487c-9462-0b9224df5bb0","username-decoration","زخرفة اسم المستخدم","skill-engine-text","engine","20"
"91a83513-9304-4d59-a113-6b35890e4d4c","slug-generator","مولد الرابط المختصر Slug","skill-text-tools-generation","family","10"
"91a83513-9304-4d59-a113-6b35890e4d4c","slug-generator","مولد الرابط المختصر Slug","skill-engine-text","engine","20"
"7fbbe408-d4b7-4192-8e8a-ec2376033906","prefix-suffix-adder","إضافة بادئة ولاحقة","skill-text-tools-text-transformation","family","10"
"7fbbe408-d4b7-4192-8e8a-ec2376033906","prefix-suffix-adder","إضافة بادئة ولاحقة","skill-engine-text","engine","20"
"7a8c0cf3-8454-4339-979a-bb1fc86582f3","text-repeater","مكرر النصوص","skill-text-tools-text-transformation","family","10"
"7a8c0cf3-8454-4339-979a-bb1fc86582f3","text-repeater","مكرر النصوص","skill-engine-text","engine","20"
"50c737ef-00ee-423f-aee3-fb14b8f20321","duplicate-line-remover","حذف الأسطر المكررة","skill-text-tools-removal","family","10"
"50c737ef-00ee-423f-aee3-fb14b8f20321","duplicate-line-remover","حذف الأسطر المكررة","skill-engine-text","engine","20"
"72ff541a-777e-488d-877f-ac5b96e9c0e2","text-counter","عداد الكلمات والأحرف","skill-text-tools-counting","family","10"
"72ff541a-777e-488d-877f-ac5b96e9c0e2","text-counter","عداد الكلمات والأحرف","skill-engine-text","engine","20"
"e50b3a4f-cf40-421f-8614-fd1a03cb9c7f","remove-line-breaks","إزالة فواصل الأسطر","skill-text-tools-text-transformation","family","10"
"e50b3a4f-cf40-421f-8614-fd1a03cb9c7f","remove-line-breaks","إزالة فواصل الأسطر","skill-engine-text","engine","20"
"6fd27130-82fb-4c2c-aab4-d7ac230fecc5","hashtag-generator","مولد الهاشتاقات","skill-text-tools-generation","family","10"
"6fd27130-82fb-4c2c-aab4-d7ac230fecc5","hashtag-generator","مولد الهاشتاقات","skill-engine-text","engine","20"
"14dab5df-6de6-40f1-a637-b788856655f0","punctuation-remover","حذف علامات الترقيم والرموز","skill-text-tools-removal","family","10"
"14dab5df-6de6-40f1-a637-b788856655f0","punctuation-remover","حذف علامات الترقيم والرموز","skill-engine-text","engine","20"
"23395eac-bc35-4917-8336-160c8a6859b2","whitespace-cleaner","تنظيف المسافات الزائدة","skill-text-tools-cleaning","family","10"
"23395eac-bc35-4917-8336-160c8a6859b2","whitespace-cleaner","تنظيف المسافات الزائدة","skill-engine-text","engine","20"
"026685e0-6d13-4736-b66c-0d862eceb8c7","whatsapp-message-writer","كاتب رسائل واتساب","skill-ai-writing-tools-writing","family","10"
"026685e0-6d13-4736-b66c-0d862eceb8c7","whatsapp-message-writer","كاتب رسائل واتساب","skill-engine-ai","engine","20"
"544e0be2-869e-4b47-9d84-eabc3b5f3d83","video-script-generator","مولد سكريبت الفيديو","skill-ai-writing-tools-generation","family","10"
"544e0be2-869e-4b47-9d84-eabc3b5f3d83","video-script-generator","مولد سكريبت الفيديو","skill-engine-ai","engine","20"
"188def61-24cc-4321-a3e3-de869b62473f","social-post-generator","مولد منشورات السوشيال ميديا","skill-social-media-tools-generation","family","10"
"188def61-24cc-4321-a3e3-de869b62473f","social-post-generator","مولد منشورات السوشيال ميديا","skill-engine-ai","engine","20"
"25770c72-f02b-45d4-af02-c6642fad983e","product-description-generator","مولد وصف المنتجات","skill-ai-writing-tools-generation","family","10"
"25770c72-f02b-45d4-af02-c6642fad983e","product-description-generator","مولد وصف المنتجات","skill-engine-ai","engine","20"
"b996877a-cad2-46bf-873b-02551517c0cb","text-summarizer","ملخص النصوص","skill-ai-writing-tools-summarization","family","10"
"b996877a-cad2-46bf-873b-02551517c0cb","text-summarizer","ملخص النصوص","skill-engine-ai","engine","20"
"74601ad6-8cc8-4253-99e4-4b1b3451367f","content-rewriter","إعادة صياغة المحتوى","skill-ai-writing-tools-writing","family","10"
"74601ad6-8cc8-4253-99e4-4b1b3451367f","content-rewriter","إعادة صياغة المحتوى","skill-engine-ai","engine","20"
"152fb4c9-333d-4e0f-a58f-6e6803dd0cab","content-writing-assistant","مساعد كتابة المحتوى","skill-ai-writing-tools-ai-assistance","family","10"
"152fb4c9-333d-4e0f-a58f-6e6803dd0cab","content-writing-assistant","مساعد كتابة المحتوى","skill-engine-ai","engine","20"
"33a58c1f-441e-47c9-96cf-40032310d2de","ad-copy-generator","مولد النصوص الإعلانية","skill-ai-writing-tools-generation","family","10"
"33a58c1f-441e-47c9-96cf-40032310d2de","ad-copy-generator","مولد النصوص الإعلانية","skill-engine-ai","engine","20"
"be888804-c13e-4637-b472-9c0ddc620e84","proposal-writer","كاتب عروض الخدمات","skill-productivity-tools-writing","family","10"
"be888804-c13e-4637-b472-9c0ddc620e84","proposal-writer","كاتب عروض الخدمات","skill-engine-ai","engine","20"
"8d31f1c6-8ec5-473e-8a8d-c430e6da4280","meeting-summary-generator","ملخص الاجتماعات","skill-productivity-tools-generation","family","10"
"8d31f1c6-8ec5-473e-8a8d-c430e6da4280","meeting-summary-generator","ملخص الاجتماعات","skill-engine-ai","engine","20"
"60424a4a-bd7c-4c99-b88f-8253aafe48d6","keyword-cluster-generator","مولد عناقيد الكلمات المفتاحية","skill-seo-tools-generation","family","10"
"60424a4a-bd7c-4c99-b88f-8253aafe48d6","keyword-cluster-generator","مولد عناقيد الكلمات المفتاحية","skill-engine-ai","engine","20"
"37f7e4f7-8a23-4b6a-82a4-82155c31ed1a","blog-outline-generator","مولد مخطط المقال","skill-seo-tools-generation","family","10"
"37f7e4f7-8a23-4b6a-82a4-82155c31ed1a","blog-outline-generator","مولد مخطط المقال","skill-engine-ai","engine","20"
"348e5c3c-80f5-41c5-bb38-f55a70cc5690","seo-title-description-generator","مولد عنوان ووصف SEO","skill-seo-tools-generation","family","10"
"348e5c3c-80f5-41c5-bb38-f55a70cc5690","seo-title-description-generator","مولد عنوان ووصف SEO","skill-engine-ai","engine","20"
"006abb67-69d9-4085-befa-37032e344c0d","youtube-description-generator","مولد وصف YouTube","skill-social-media-tools-generation","family","10"
"006abb67-69d9-4085-befa-37032e344c0d","youtube-description-generator","مولد وصف YouTube","skill-engine-ai","engine","20"
"1a4aed76-7839-419f-a710-b20c9c00a4ff","call-to-action-generator","مولد عبارات CTA","skill-seo-tools-generation","family","10"
"1a4aed76-7839-419f-a710-b20c9c00a4ff","call-to-action-generator","مولد عبارات CTA","skill-engine-ai","engine","20"
"baa6c8f0-6ef9-48df-9ad8-12ff3fca484e","youtube-title-generator","مولد عناوين YouTube","skill-social-media-tools-generation","family","10"
"baa6c8f0-6ef9-48df-9ad8-12ff3fca484e","youtube-title-generator","مولد عناوين YouTube","skill-engine-ai","engine","20"
"c251998a-1e8d-48ac-9a98-16898f48b709","customer-service-reply-generator","مولد ردود خدمة العملاء","skill-productivity-tools-generation","family","10"
"c251998a-1e8d-48ac-9a98-16898f48b709","customer-service-reply-generator","مولد ردود خدمة العملاء","skill-engine-ai","engine","20"
"9d8e203c-2d3d-4f80-8bb9-b3748edc53fb","x-post-generator","مولد منشورات X","skill-social-media-tools-generation","family","10"
"9d8e203c-2d3d-4f80-8bb9-b3748edc53fb","x-post-generator","مولد منشورات X","skill-engine-ai","engine","20"
"d40f6033-4da3-48b2-892a-f923ac845028","linkedin-post-generator","مولد منشورات LinkedIn","skill-social-media-tools-generation","family","10"
"d40f6033-4da3-48b2-892a-f923ac845028","linkedin-post-generator","مولد منشورات LinkedIn","skill-engine-ai","engine","20"
"8f53b565-7927-422f-9596-0683813831a2","tiktok-caption-generator","مولد كابشن TikTok","skill-social-media-tools-generation","family","10"
"8f53b565-7927-422f-9596-0683813831a2","tiktok-caption-generator","مولد كابشن TikTok","skill-engine-ai","engine","20"
"134a632f-aff6-4b90-9373-58155aead447","landing-page-copy-generator","كاتب صفحات الهبوط","skill-ai-writing-tools-generation","family","10"
"134a632f-aff6-4b90-9373-58155aead447","landing-page-copy-generator","كاتب صفحات الهبوط","skill-engine-ai","engine","20"
"05a7c9cd-9bad-4846-b66a-55ec59907df2","content-ideas-generator","مولد أفكار المحتوى","skill-ai-writing-tools-generation","family","10"
"05a7c9cd-9bad-4846-b66a-55ec59907df2","content-ideas-generator","مولد أفكار المحتوى","skill-engine-ai","engine","20"
"699a3814-b2bf-4317-ba5a-ec992e13db09","faq-generator","مولد الأسئلة الشائعة","skill-ai-writing-tools-generation","family","10"
"699a3814-b2bf-4317-ba5a-ec992e13db09","faq-generator","مولد الأسئلة الشائعة","skill-engine-ai","engine","20"
"5d895ade-b002-40e3-975a-9c8297324c93","instagram-caption-generator","مولد كابشن Instagram","skill-social-media-tools-generation","family","10"
"5d895ade-b002-40e3-975a-9c8297324c93","instagram-caption-generator","مولد كابشن Instagram","skill-engine-ai","engine","20"
"610f4f10-1b58-487e-89ee-74c48f37e25a","email-writer","كاتب البريد الإلكتروني","skill-ai-writing-tools-writing","family","10"
"610f4f10-1b58-487e-89ee-74c48f37e25a","email-writer","كاتب البريد الإلكتروني","skill-engine-ai","engine","20"
"b0f4c0de-4906-456e-a0ea-c4e149dba050","slogan-generator","مولد الشعارات النصية","skill-ai-writing-tools-generation","family","10"
"b0f4c0de-4906-456e-a0ea-c4e149dba050","slogan-generator","مولد الشعارات النصية","skill-engine-ai","engine","20"
"5b21ae63-ba06-4b8f-afa2-afa2bb531141","business-name-generator","مولد أسماء المشاريع","skill-ai-writing-tools-generation","family","10"
"5b21ae63-ba06-4b8f-afa2-afa2bb531141","business-name-generator","مولد أسماء المشاريع","skill-engine-ai","engine","20"
"a7319645-ab41-4258-a1ec-993aeb7324d4","headline-generator","مولد العناوين","skill-ai-writing-tools-generation","family","10"
"a7319645-ab41-4258-a1ec-993aeb7324d4","headline-generator","مولد العناوين","skill-engine-ai","engine","20"
"6c65ab0f-4eec-42db-a972-3133f91f7ddf","proofreading-assistant","مدقق لغوي ذكي","skill-ai-writing-tools-ai-assistance","family","10"
"6c65ab0f-4eec-42db-a972-3133f91f7ddf","proofreading-assistant","مدقق لغوي ذكي","skill-engine-ai","engine","20"
"a68b58f1-3778-45ae-a201-4ec86c968da6","square-root-calculator","حاسبة الجذر التربيعي","skill-general-tools-calculation","family","10"
"a68b58f1-3778-45ae-a201-4ec86c968da6","square-root-calculator","حاسبة الجذر التربيعي","skill-engine-formula","engine","20"
"cf823022-6a0c-4820-ac49-f0ed78f54c38","ratio-calculator","حاسبة النسبة بين قيمتين","skill-general-tools-calculation","family","10"
"cf823022-6a0c-4820-ac49-f0ed78f54c38","ratio-calculator","حاسبة النسبة بين قيمتين","skill-engine-formula","engine","20"
"c291cde0-dc4e-44aa-8759-dda3e470b3bb","sample-size-calculator","حاسبة حجم العينة","skill-general-tools-calculation","family","10"
"c291cde0-dc4e-44aa-8759-dda3e470b3bb","sample-size-calculator","حاسبة حجم العينة","skill-engine-formula","engine","20"
"c1fadd50-be31-44ea-baf4-08d4a40d1ba8","gpa-4-to-5-converter","محول المعدل من 4 إلى 5","skill-education-tools-conversion","family","10"
"c1fadd50-be31-44ea-baf4-08d4a40d1ba8","gpa-4-to-5-converter","محول المعدل من 4 إلى 5","skill-engine-formula","engine","20"
"aefe9e75-f57d-42cb-ab9a-211b3a5feb5c","cbm-calculator","حاسبة الحجم CBM","skill-converter-tools-calculation","family","10"
"aefe9e75-f57d-42cb-ab9a-211b3a5feb5c","cbm-calculator","حاسبة الحجم CBM","skill-engine-formula","engine","20"
"ee8587c4-3de2-48c7-bca6-ca61f0c8c529","centimeter-to-meter-converter","محول السنتيمتر إلى متر","skill-converter-tools-conversion","family","10"
"ee8587c4-3de2-48c7-bca6-ca61f0c8c529","centimeter-to-meter-converter","محول السنتيمتر إلى متر","skill-engine-formula","engine","20"
"ca7821da-b916-476b-8d66-5a799bf8d688","meter-to-kilometer-converter","محول المتر إلى كيلومتر","skill-converter-tools-conversion","family","10"
"ca7821da-b916-476b-8d66-5a799bf8d688","meter-to-kilometer-converter","محول المتر إلى كيلومتر","skill-engine-formula","engine","20"
"383546d9-7412-43ab-95fb-83a0ba4dfd95","kilogram-to-pound-converter","محول الكيلوجرام إلى رطل","skill-converter-tools-conversion","family","10"
"383546d9-7412-43ab-95fb-83a0ba4dfd95","kilogram-to-pound-converter","محول الكيلوجرام إلى رطل","skill-engine-formula","engine","20"
"70cd947f-1cef-432d-a507-643801800d0a","price-with-vat-calculator","حاسبة السعر شامل الضريبة","skill-finance-tools-calculation","family","10"
"70cd947f-1cef-432d-a507-643801800d0a","price-with-vat-calculator","حاسبة السعر شامل الضريبة","skill-engine-formula","engine","20"
"3c4f5fc3-feb3-45ee-b46c-a2188889a66b","pound-to-kilogram-converter","محول الرطل إلى كيلوجرام","skill-converter-tools-conversion","family","10"
"3c4f5fc3-feb3-45ee-b46c-a2188889a66b","pound-to-kilogram-converter","محول الرطل إلى كيلوجرام","skill-engine-formula","engine","20"
"d897637d-35ea-4777-b4a2-ada6b204619b","celsius-to-fahrenheit-converter","محول مئوي إلى فهرنهايت","skill-converter-tools-conversion","family","10"
"d897637d-35ea-4777-b4a2-ada6b204619b","celsius-to-fahrenheit-converter","محول مئوي إلى فهرنهايت","skill-engine-formula","engine","20"
"a975a2f3-2892-43b4-b490-484c12958fef","percentage-of-amount-calculator","حاسبة نسبة من مبلغ","skill-finance-tools-calculation","family","10"
"a975a2f3-2892-43b4-b490-484c12958fef","percentage-of-amount-calculator","حاسبة نسبة من مبلغ","skill-engine-formula","engine","20"
"5976604f-aa94-4d13-bfee-cd8fc3be7175","gpa-4-to-percentage-calculator","محول المعدل من 4 إلى نسبة","skill-education-tools-calculation","family","10"
"5976604f-aa94-4d13-bfee-cd8fc3be7175","gpa-4-to-percentage-calculator","محول المعدل من 4 إلى نسبة","skill-engine-formula","engine","20"
"b1d91949-0ff0-428d-b1be-d67dcd01b99f","percentage-change-calculator","حاسبة نسبة التغير","skill-finance-tools-calculation","family","10"
"b1d91949-0ff0-428d-b1be-d67dcd01b99f","percentage-change-calculator","حاسبة نسبة التغير","skill-engine-formula","engine","20"
"ee0e3060-f45c-4649-8196-8303ce624b0e","gpa-5-to-percentage-calculator","محول المعدل من 5 إلى نسبة","skill-education-tools-calculation","family","10"
"ee0e3060-f45c-4649-8196-8303ce624b0e","gpa-5-to-percentage-calculator","محول المعدل من 5 إلى نسبة","skill-engine-formula","engine","20"
"0fc5f52f-e434-45b9-825d-8b67068b5b02","reverse-percentage-calculator","حاسبة النسبة العكسية","skill-finance-tools-calculation","family","10"
"0fc5f52f-e434-45b9-825d-8b67068b5b02","reverse-percentage-calculator","حاسبة النسبة العكسية","skill-engine-formula","engine","20"
"70088491-c3d6-4ee7-981e-3487a5e23007","fahrenheit-to-celsius-converter","محول فهرنهايت إلى مئوي","skill-converter-tools-conversion","family","10"
"70088491-c3d6-4ee7-981e-3487a5e23007","fahrenheit-to-celsius-converter","محول فهرنهايت إلى مئوي","skill-engine-formula","engine","20"
"303f2425-5c3b-43bc-aff8-4e7ee5dfb730","rectangle-area-calculator","حاسبة مساحة المستطيل","skill-converter-tools-calculation","family","10"
"303f2425-5c3b-43bc-aff8-4e7ee5dfb730","rectangle-area-calculator","حاسبة مساحة المستطيل","skill-engine-formula","engine","20"
"f2fff8f7-a0af-47e0-98b1-91763f438588","land-share-area-calculator","حاسبة مساحة حصة الأرض","skill-converter-tools-calculation","family","10"
"f2fff8f7-a0af-47e0-98b1-91763f438588","land-share-area-calculator","حاسبة مساحة حصة الأرض","skill-engine-formula","engine","20"
"80652743-8a8a-4b26-ad6b-3a8495083e0a","box-volume-liter-calculator","حاسبة حجم الصندوق باللتر","skill-converter-tools-calculation","family","10"
"80652743-8a8a-4b26-ad6b-3a8495083e0a","box-volume-liter-calculator","حاسبة حجم الصندوق باللتر","skill-engine-formula","engine","20"
"5baac051-f50b-4dc4-8093-19f3c40e284e","bmi-calculator","حاسبة مؤشر كتلة الجسم","skill-health-tools-calculation","family","10"
"5baac051-f50b-4dc4-8093-19f3c40e284e","bmi-calculator","حاسبة مؤشر كتلة الجسم","skill-engine-formula","engine","20"
"af9a0497-e041-4569-97af-9621472efbad","daily-water-intake-calculator","حاسبة شرب الماء اليومي","skill-health-tools-calculation","family","10"
"af9a0497-e041-4569-97af-9621472efbad","daily-water-intake-calculator","حاسبة شرب الماء اليومي","skill-engine-formula","engine","20"
"c1fbb0cf-9b54-408b-90a5-6c9461ef7c75","bmr-male-calculator","حاسبة معدل الأيض الأساسي للرجال","skill-health-tools-calculation","family","10"
"c1fbb0cf-9b54-408b-90a5-6c9461ef7c75","bmr-male-calculator","حاسبة معدل الأيض الأساسي للرجال","skill-engine-formula","engine","20"
"50e6d184-61c7-4dc3-a7ca-8dcd16db165d","installment-calculator","حاسبة الأقساط","skill-finance-tools-calculation","family","10"
"50e6d184-61c7-4dc3-a7ca-8dcd16db165d","installment-calculator","حاسبة الأقساط","skill-engine-formula","engine","20"
"e23a8576-f12c-4698-803c-a736dbcfb51e","loan-payment-calculator","حاسبة دفعة القرض","skill-finance-tools-calculation","family","10"
"e23a8576-f12c-4698-803c-a736dbcfb51e","loan-payment-calculator","حاسبة دفعة القرض","skill-engine-formula","engine","20"
"41ab7b99-442a-4df9-a29e-a0dc06d68ae2","savings-goal-calculator","حاسبة هدف الادخار","skill-finance-tools-calculation","family","10"
"41ab7b99-442a-4df9-a29e-a0dc06d68ae2","savings-goal-calculator","حاسبة هدف الادخار","skill-engine-formula","engine","20"
"75e2bbe4-59e8-455f-be50-b5617cd81b1f","bmr-female-calculator","حاسبة معدل الأيض الأساسي للنساء","skill-health-tools-calculation","family","10"
"75e2bbe4-59e8-455f-be50-b5617cd81b1f","bmr-female-calculator","حاسبة معدل الأيض الأساسي للنساء","skill-engine-formula","engine","20"
"7aa8af2e-526e-4434-ab91-c1aa86f271e8","hourly-wage-calculator","حاسبة الأجر بالساعة","skill-employment-tools-calculation","family","10"
"7aa8af2e-526e-4434-ab91-c1aa86f271e8","hourly-wage-calculator","حاسبة الأجر بالساعة","skill-engine-formula","engine","20"
"488a5158-e18d-4c55-8f44-3c5ea63f45f6","zakat-calculator","حاسبة الزكاة","skill-finance-tools-calculation","family","10"
"488a5158-e18d-4c55-8f44-3c5ea63f45f6","zakat-calculator","حاسبة الزكاة","skill-engine-formula","engine","20"
"bdf35d4b-dde1-4714-8521-e87284a2d895","gold-zakat-calculator","حاسبة زكاة الذهب","skill-finance-tools-calculation","family","10"
"bdf35d4b-dde1-4714-8521-e87284a2d895","gold-zakat-calculator","حاسبة زكاة الذهب","skill-engine-formula","engine","20"
"26cf6d61-88a5-4d48-a838-46284d15dd58","net-after-tax-calculator","حاسبة الصافي بعد الضريبة","skill-finance-tools-calculation","family","10"
"26cf6d61-88a5-4d48-a838-46284d15dd58","net-after-tax-calculator","حاسبة الصافي بعد الضريبة","skill-engine-formula","engine","20"
"49085892-6850-47ea-9e5f-59e9782a4e9d","daily-wage-calculator","حاسبة الأجر اليومي","skill-employment-tools-calculation","family","10"
"49085892-6850-47ea-9e5f-59e9782a4e9d","daily-wage-calculator","حاسبة الأجر اليومي","skill-engine-formula","engine","20"
"e8fd856f-4f53-45a9-93f7-d2562e3be84f","overtime-pay-calculator","حاسبة أجر العمل الإضافي","skill-employment-tools-calculation","family","10"
"e8fd856f-4f53-45a9-93f7-d2562e3be84f","overtime-pay-calculator","حاسبة أجر العمل الإضافي","skill-engine-formula","engine","20"
"00bffa6d-3814-4768-a1f7-254c40072d9b","retirement-years-remaining-calculator","حاسبة السنوات المتبقية للتقاعد","skill-employment-tools-calculation","family","10"
"00bffa6d-3814-4768-a1f7-254c40072d9b","retirement-years-remaining-calculator","حاسبة السنوات المتبقية للتقاعد","skill-engine-formula","engine","20"
"2acffddc-ea0f-4bb1-912d-32bfc88cf856","employer-payroll-cost","حاسبة تكلفة الموظف على المنشأة","skill-employment-tools-calculation","family","10"
"2acffddc-ea0f-4bb1-912d-32bfc88cf856","employer-payroll-cost","حاسبة تكلفة الموظف على المنشأة","skill-engine-formula","engine","20"
"b59e352a-ecd5-49fa-b992-f3ed303b147d","operating-leverage-calculator","حاسبة الرافعة التشغيلية","skill-business-tools-calculation","family","10"
"b59e352a-ecd5-49fa-b992-f3ed303b147d","operating-leverage-calculator","حاسبة الرافعة التشغيلية","skill-engine-formula","engine","20"
"aa3a0585-fa87-404a-a2cd-de230aa561ab","sales-per-employee-calculator","حاسبة المبيعات لكل موظف","skill-business-tools-calculation","family","10"
"aa3a0585-fa87-404a-a2cd-de230aa561ab","sales-per-employee-calculator","حاسبة المبيعات لكل موظف","skill-engine-formula","engine","20"
"dff703a3-910f-42f5-b1c1-1613b8e9b6ab","revenue-per-customer-calculator","حاسبة الإيراد لكل عميل","skill-business-tools-calculation","family","10"
"dff703a3-910f-42f5-b1c1-1613b8e9b6ab","revenue-per-customer-calculator","حاسبة الإيراد لكل عميل","skill-engine-formula","engine","20"
"616843bc-8b58-4040-9a28-e6856313ba30","inventory-days-calculator","حاسبة أيام المخزون","skill-business-tools-calculation","family","10"
"616843bc-8b58-4040-9a28-e6856313ba30","inventory-days-calculator","حاسبة أيام المخزون","skill-engine-formula","engine","20"
"0eddf0fa-e76d-4207-952a-8e91660f7643","receivable-days-calculator","حاسبة أيام التحصيل","skill-business-tools-calculation","family","10"
"0eddf0fa-e76d-4207-952a-8e91660f7643","receivable-days-calculator","حاسبة أيام التحصيل","skill-engine-formula","engine","20"
"72e18709-2d54-4b42-b94b-e618fa11c9ad","payable-days-calculator","حاسبة أيام السداد","skill-business-tools-calculation","family","10"
"72e18709-2d54-4b42-b94b-e618fa11c9ad","payable-days-calculator","حاسبة أيام السداد","skill-engine-formula","engine","20"
"b5aeedb7-4c37-4f07-b95d-5ae42dff2b60","square-diagonal-calculator","حاسبة قطر المربع","skill-math-tools-calculation","family","10"
"b5aeedb7-4c37-4f07-b95d-5ae42dff2b60","square-diagonal-calculator","حاسبة قطر المربع","skill-engine-formula","engine","20"
"a5934fb8-26cf-47c6-b82b-f5763437497a","cash-conversion-cycle-calculator","حاسبة دورة التحويل النقدي","skill-business-tools-calculation","family","10"
"a5934fb8-26cf-47c6-b82b-f5763437497a","cash-conversion-cycle-calculator","حاسبة دورة التحويل النقدي","skill-engine-formula","engine","20"
"1579dd6a-9cf3-4ca3-851b-dd2377657711","customer-concentration-calculator","حاسبة تركّز العملاء","skill-business-tools-calculation","family","10"
"1579dd6a-9cf3-4ca3-851b-dd2377657711","customer-concentration-calculator","حاسبة تركّز العملاء","skill-engine-formula","engine","20"
"ad3aedb0-e399-42c4-819e-19432c0f202c","weighted-mean-calculator","حاسبة المتوسط المرجّح","skill-math-tools-calculation","family","10"
"ad3aedb0-e399-42c4-819e-19432c0f202c","weighted-mean-calculator","حاسبة المتوسط المرجّح","skill-engine-formula","engine","20"
"f50bff6d-4f3b-47ed-a20c-7db19b232459","proportion-value-calculator","حاسبة التناسب","skill-math-tools-calculation","family","10"
"f50bff6d-4f3b-47ed-a20c-7db19b232459","proportion-value-calculator","حاسبة التناسب","skill-engine-formula","engine","20"
"fa128149-9191-4de0-9734-5d2f56c1d833","geometric-mean-two-values","حاسبة المتوسط الهندسي","skill-math-tools-calculation","family","10"
"fa128149-9191-4de0-9734-5d2f56c1d833","geometric-mean-two-values","حاسبة المتوسط الهندسي","skill-engine-formula","engine","20"
"3a034aef-5435-4906-8480-a70f4d798064","harmonic-mean-two-values","حاسبة المتوسط التوافقي","skill-math-tools-calculation","family","10"
"3a034aef-5435-4906-8480-a70f4d798064","harmonic-mean-two-values","حاسبة المتوسط التوافقي","skill-engine-formula","engine","20"
"4e5cdf38-352f-4761-bc1e-c7d8524fa2e9","circle-circumference-calculator","حاسبة محيط الدائرة","skill-math-tools-calculation","family","10"
"4e5cdf38-352f-4761-bc1e-c7d8524fa2e9","circle-circumference-calculator","حاسبة محيط الدائرة","skill-engine-formula","engine","20"
"25604cef-2541-490a-a85a-d8a7b2a04c1c","trapezoid-area-calculator","حاسبة مساحة شبه المنحرف","skill-math-tools-calculation","family","10"
"25604cef-2541-490a-a85a-d8a7b2a04c1c","trapezoid-area-calculator","حاسبة مساحة شبه المنحرف","skill-engine-formula","engine","20"
"150f88a4-0fe1-43c2-8901-6f105c949683","regular-polygon-angle-calculator","حاسبة زاوية المضلع المنتظم","skill-math-tools-calculation","family","10"
"150f88a4-0fe1-43c2-8901-6f105c949683","regular-polygon-angle-calculator","حاسبة زاوية المضلع المنتظم","skill-engine-formula","engine","20"
"68867733-9424-4b28-af7c-6d630c1d2700","minutes-to-decimal-hours","محول الدقائق إلى ساعات عشرية","skill-date-time-tools-calculation","family","10"
"68867733-9424-4b28-af7c-6d630c1d2700","minutes-to-decimal-hours","محول الدقائق إلى ساعات عشرية","skill-engine-formula","engine","20"
"d5fc3a82-b25e-41df-914b-af85dd05cf05","decimal-hours-to-minutes","محول الساعات العشرية إلى دقائق","skill-date-time-tools-calculation","family","10"
"d5fc3a82-b25e-41df-914b-af85dd05cf05","decimal-hours-to-minutes","محول الساعات العشرية إلى دقائق","skill-engine-formula","engine","20"
"bd1d426e-3700-41d6-b719-c2af44502d20","workdays-to-hours-calculator","حاسبة ساعات أيام العمل","skill-date-time-tools-calculation","family","10"
"bd1d426e-3700-41d6-b719-c2af44502d20","workdays-to-hours-calculator","حاسبة ساعات أيام العمل","skill-engine-formula","engine","20"
"698495b3-ff9a-4dc4-a7f6-7a755facbb35","shifts-to-hours-calculator","حاسبة ساعات الورديات","skill-date-time-tools-calculation","family","10"
"698495b3-ff9a-4dc4-a7f6-7a755facbb35","shifts-to-hours-calculator","حاسبة ساعات الورديات","skill-engine-formula","engine","20"
"1a7763b9-e404-4524-a255-acd22f612ef3","weekly-hours-to-monthly-hours","محول الساعات الأسبوعية إلى شهرية","skill-date-time-tools-calculation","family","10"
"1a7763b9-e404-4524-a255-acd22f612ef3","weekly-hours-to-monthly-hours","محول الساعات الأسبوعية إلى شهرية","skill-engine-formula","engine","20"
"d56f0aa9-a68a-463a-b69c-fe654af135a3","meeting-person-hours-calculator","حاسبة ساعات العمل في الاجتماع","skill-date-time-tools-calculation","family","10"
"d56f0aa9-a68a-463a-b69c-fe654af135a3","meeting-person-hours-calculator","حاسبة ساعات العمل في الاجتماع","skill-engine-formula","engine","20"
"24549f53-3086-46d9-84ff-0027168ffe3a","production-time-per-unit","حاسبة وقت الإنتاج للوحدة","skill-date-time-tools-calculation","family","10"
"24549f53-3086-46d9-84ff-0027168ffe3a","production-time-per-unit","حاسبة وقت الإنتاج للوحدة","skill-engine-formula","engine","20"
"44bf0d4b-4582-4fe4-a207-6606572e4649","task-throughput-per-hour","حاسبة معدل إنجاز المهام","skill-date-time-tools-calculation","family","10"
"44bf0d4b-4582-4fe4-a207-6606572e4649","task-throughput-per-hour","حاسبة معدل إنجاز المهام","skill-engine-formula","engine","20"
"78efcd00-a5cd-43bb-8c29-d78e01df2c59","target-weight-by-bmi","حاسبة الوزن المستهدف حسب BMI","skill-health-tools-calculation","family","10"
"78efcd00-a5cd-43bb-8c29-d78e01df2c59","target-weight-by-bmi","حاسبة الوزن المستهدف حسب BMI","skill-engine-formula","engine","20"
"2deedf0d-5ccc-4cc7-afa8-6b245bc5b5df","walking-pace-calculator","حاسبة وتيرة المشي","skill-health-tools-calculation","family","10"
"2deedf0d-5ccc-4cc7-afa8-6b245bc5b5df","walking-pace-calculator","حاسبة وتيرة المشي","skill-engine-formula","engine","20"
"b6f148b7-f368-400e-8d25-958933823782","running-speed-calculator","حاسبة سرعة الجري","skill-health-tools-calculation","family","10"
"b6f148b7-f368-400e-8d25-958933823782","running-speed-calculator","حاسبة سرعة الجري","skill-engine-formula","engine","20"
"25cc18cf-f655-4391-a051-6361b7dea62b","protein-target-calculator","حاسبة الاحتياج التقديري للبروتين","skill-health-tools-calculation","family","10"
"25cc18cf-f655-4391-a051-6361b7dea62b","protein-target-calculator","حاسبة الاحتياج التقديري للبروتين","skill-engine-formula","engine","20"
"3a09ef44-29e0-4805-aa72-446d71def568","body-fat-mass-calculator","حاسبة كتلة الدهون","skill-health-tools-calculation","family","10"
"3a09ef44-29e0-4805-aa72-446d71def568","body-fat-mass-calculator","حاسبة كتلة الدهون","skill-engine-formula","engine","20"
"19c91277-40ba-4852-bad7-b9ca0cb8139b","lean-body-mass-calculator","حاسبة الكتلة الخالية من الدهون","skill-health-tools-calculation","family","10"
"19c91277-40ba-4852-bad7-b9ca0cb8139b","lean-body-mass-calculator","حاسبة الكتلة الخالية من الدهون","skill-engine-formula","engine","20"
"2373dd5e-f661-4005-acda-18c046588fed","waist-height-ratio-calculator","حاسبة نسبة الخصر إلى الطول","skill-health-tools-calculation","family","10"
"2373dd5e-f661-4005-acda-18c046588fed","waist-height-ratio-calculator","حاسبة نسبة الخصر إلى الطول","skill-engine-formula","engine","20"
"03bc8599-e33a-4f9b-8426-404161c25650","calorie-deficit-duration-calculator","حاسبة مدة عجز السعرات","skill-health-tools-calculation","family","10"
"03bc8599-e33a-4f9b-8426-404161c25650","calorie-deficit-duration-calculator","حاسبة مدة عجز السعرات","skill-engine-formula","engine","20"
"bbd5fcfb-5a33-41d4-bee2-6eaab4c7c9cf","square-foot-to-square-meter","محول القدم المربع إلى متر مربع","skill-converter-tools-calculation","family","10"
"bbd5fcfb-5a33-41d4-bee2-6eaab4c7c9cf","square-foot-to-square-meter","محول القدم المربع إلى متر مربع","skill-engine-formula","engine","20"
"8d991524-eb72-40aa-a061-d45af8fb48a5","course-weighted-score-calculator","حاسبة الدرجة الموزونة للمقرر","skill-education-tools-calculation","family","10"
"8d991524-eb72-40aa-a061-d45af8fb48a5","course-weighted-score-calculator","حاسبة الدرجة الموزونة للمقرر","skill-engine-formula","engine","20"
"1dc69f0b-fa1d-43ca-92c6-e2550d0f414d","final-exam-required-score","حاسبة الدرجة المطلوبة في النهائي","skill-education-tools-calculation","family","10"
"1dc69f0b-fa1d-43ca-92c6-e2550d0f414d","final-exam-required-score","حاسبة الدرجة المطلوبة في النهائي","skill-engine-formula","engine","20"
"6cf670ed-4b3d-4247-9b6f-782b958da71e","attendance-rate-calculator","حاسبة نسبة الحضور","skill-education-tools-calculation","family","10"
"6cf670ed-4b3d-4247-9b6f-782b958da71e","attendance-rate-calculator","حاسبة نسبة الحضور","skill-engine-formula","engine","20"
"5bf0533b-4b9f-40bd-a82c-4b52f6f2a139","study-hours-per-subject","حاسبة ساعات المذاكرة لكل مادة","skill-education-tools-calculation","family","10"
"5bf0533b-4b9f-40bd-a82c-4b52f6f2a139","study-hours-per-subject","حاسبة ساعات المذاكرة لكل مادة","skill-engine-formula","engine","20"
"dc10721f-bf08-486f-a90a-1a95090edef5","assignment-average-calculator","حاسبة متوسط الواجبات","skill-education-tools-calculation","family","10"
"dc10721f-bf08-486f-a90a-1a95090edef5","assignment-average-calculator","حاسبة متوسط الواجبات","skill-engine-formula","engine","20"
"d119bf9e-2cd1-4c5e-8dd9-f32029da63dd","grade-improvement-rate","حاسبة تحسن الدرجة","skill-education-tools-calculation","family","10"
"d119bf9e-2cd1-4c5e-8dd9-f32029da63dd","grade-improvement-rate","حاسبة تحسن الدرجة","skill-engine-formula","engine","20"
"1c8a1ddb-56ca-40e0-9b10-7563c64d7b88","completed-credits-rate","حاسبة نسبة الساعات المنجزة","skill-education-tools-calculation","family","10"
"1c8a1ddb-56ca-40e0-9b10-7563c64d7b88","completed-credits-rate","حاسبة نسبة الساعات المنجزة","skill-engine-formula","engine","20"
"6b5dbd9a-d304-4e33-b2f9-62d4f5812ac8","points-needed-for-target","حاسبة النقاط المطلوبة للهدف","skill-education-tools-calculation","family","10"
"6b5dbd9a-d304-4e33-b2f9-62d4f5812ac8","points-needed-for-target","حاسبة النقاط المطلوبة للهدف","skill-engine-formula","engine","20"
"42f1e2d0-a3fc-492a-9494-3af153432ffd","net-salary-after-deductions","حاسبة صافي الراتب بعد الخصومات","skill-employment-tools-calculation","family","10"
"42f1e2d0-a3fc-492a-9494-3af153432ffd","net-salary-after-deductions","حاسبة صافي الراتب بعد الخصومات","skill-engine-formula","engine","20"
"6e8d0857-f5af-4a60-ac6c-72ed2e1aa95d","annual-compensation-calculator","حاسبة التعويض السنوي","skill-employment-tools-calculation","family","10"
"6e8d0857-f5af-4a60-ac6c-72ed2e1aa95d","annual-compensation-calculator","حاسبة التعويض السنوي","skill-engine-formula","engine","20"
"32e4de28-624a-47e5-b16d-bfcb95cafd8c","kilometer-hour-to-mile-hour","محول كم/س إلى ميل/س","skill-converter-tools-calculation","family","10"
"32e4de28-624a-47e5-b16d-bfcb95cafd8c","kilometer-hour-to-mile-hour","محول كم/س إلى ميل/س","skill-engine-formula","engine","20"
"d58b45d7-677d-425a-b7eb-94f94173d7e7","vacation-pay-estimate","حاسبة بدل الإجازة","skill-employment-tools-calculation","family","10"
"d58b45d7-677d-425a-b7eb-94f94173d7e7","vacation-pay-estimate","حاسبة بدل الإجازة","skill-engine-formula","engine","20"
"c1dc6ee3-d66d-4c1b-9458-e4bbe708f012","bonus-amount-calculator","حاسبة مبلغ المكافأة","skill-employment-tools-calculation","family","10"
"c1dc6ee3-d66d-4c1b-9458-e4bbe708f012","bonus-amount-calculator","حاسبة مبلغ المكافأة","skill-engine-formula","engine","20"
"c8bc217d-91d4-4c8f-a754-f86bf6a6091a","commission-plus-salary","حاسبة الراتب مع العمولة","skill-employment-tools-calculation","family","10"
"c8bc217d-91d4-4c8f-a754-f86bf6a6091a","commission-plus-salary","حاسبة الراتب مع العمولة","skill-engine-formula","engine","20"
"92eb946a-56e6-4484-a61e-3eaae9eecb11","unpaid-leave-deduction","حاسبة خصم الإجازة بدون راتب","skill-employment-tools-calculation","family","10"
"92eb946a-56e6-4484-a61e-3eaae9eecb11","unpaid-leave-deduction","حاسبة خصم الإجازة بدون راتب","skill-engine-formula","engine","20"
"defbacfb-5ee4-4f31-85ae-9c4377d25bf5","shift-premium-pay","حاسبة بدل الوردية","skill-employment-tools-calculation","family","10"
"defbacfb-5ee4-4f31-85ae-9c4377d25bf5","shift-premium-pay","حاسبة بدل الوردية","skill-engine-formula","engine","20"
"a2e694fd-0841-481a-b50a-86c54d6b393c","customer-lifetime-value-simple","حاسبة القيمة العمرية للعميل","skill-marketing-tools-calculation","family","10"
"a2e694fd-0841-481a-b50a-86c54d6b393c","customer-lifetime-value-simple","حاسبة القيمة العمرية للعميل","skill-engine-formula","engine","20"
"1518891f-92e9-40f4-97ee-65fcaf6048ec","lead-to-sale-rate","حاسبة تحويل العملاء المحتملين إلى مبيعات","skill-marketing-tools-calculation","family","10"
"1518891f-92e9-40f4-97ee-65fcaf6048ec","lead-to-sale-rate","حاسبة تحويل العملاء المحتملين إلى مبيعات","skill-engine-formula","engine","20"
"6b141d01-dfbe-4383-a579-fd463ab07eb0","marketing-efficiency-ratio","حاسبة كفاءة الإنفاق التسويقي","skill-marketing-tools-calculation","family","10"
"6b141d01-dfbe-4383-a579-fd463ab07eb0","marketing-efficiency-ratio","حاسبة كفاءة الإنفاق التسويقي","skill-engine-formula","engine","20"
"47f800ad-eae4-47ef-abaa-10870ae99148","ad-frequency-calculator","حاسبة تكرار الإعلان","skill-marketing-tools-calculation","family","10"
"47f800ad-eae4-47ef-abaa-10870ae99148","ad-frequency-calculator","حاسبة تكرار الإعلان","skill-engine-formula","engine","20"
"e3b42d04-5e11-4457-addb-5220348f5943","landing-page-bounce-rate","حاسبة معدل ارتداد صفحة الهبوط","skill-marketing-tools-calculation","family","10"
"e3b42d04-5e11-4457-addb-5220348f5943","landing-page-bounce-rate","حاسبة معدل ارتداد صفحة الهبوط","skill-engine-formula","engine","20"
"e14ac1bd-a500-4fad-a5a5-31aae168ec71","email-click-to-open-rate","حاسبة معدل النقر إلى الفتح","skill-marketing-tools-calculation","family","10"
"e14ac1bd-a500-4fad-a5a5-31aae168ec71","email-click-to-open-rate","حاسبة معدل النقر إلى الفتح","skill-engine-formula","engine","20"
"6788b613-db9e-436a-8844-2cc3d338557f","unsubscribe-rate-calculator","حاسبة معدل إلغاء الاشتراك","skill-marketing-tools-calculation","family","10"
"6788b613-db9e-436a-8844-2cc3d338557f","unsubscribe-rate-calculator","حاسبة معدل إلغاء الاشتراك","skill-engine-formula","engine","20"
"cf56b585-6a2d-4693-8b5c-121068c7ba4f","repeat-purchase-rate","حاسبة معدل الشراء المتكرر","skill-marketing-tools-calculation","family","10"
"cf56b585-6a2d-4693-8b5c-121068c7ba4f","repeat-purchase-rate","حاسبة معدل الشراء المتكرر","skill-engine-formula","engine","20"
"31cd40c2-810a-484d-b38c-26582f9b39b3","personal-savings-rate","حاسبة معدل الادخار الشخصي","skill-finance-tools-calculation","family","10"
"31cd40c2-810a-484d-b38c-26582f9b39b3","personal-savings-rate","حاسبة معدل الادخار الشخصي","skill-engine-formula","engine","20"
"c6aec2a0-461e-46de-bc6d-9b12aa78823c","debt-service-ratio","حاسبة نسبة خدمة الدين","skill-finance-tools-calculation","family","10"
"c6aec2a0-461e-46de-bc6d-9b12aa78823c","debt-service-ratio","حاسبة نسبة خدمة الدين","skill-engine-formula","engine","20"
"9bdae05e-09ea-4512-afd4-5ce1ee9d25d8","emergency-fund-months","حاسبة مدة صندوق الطوارئ","skill-finance-tools-calculation","family","10"
"9bdae05e-09ea-4512-afd4-5ce1ee9d25d8","emergency-fund-months","حاسبة مدة صندوق الطوارئ","skill-engine-formula","engine","20"
"26295617-27df-4e3d-8532-57618ea0d80f","rule-of-72-calculator","حاسبة قاعدة 72","skill-finance-tools-calculation","family","10"
"26295617-27df-4e3d-8532-57618ea0d80f","rule-of-72-calculator","حاسبة قاعدة 72","skill-engine-formula","engine","20"
"667f8434-64cd-46b6-a4d7-cbc8b76b0f51","monthly-budget-surplus","حاسبة فائض الميزانية الشهرية","skill-finance-tools-calculation","family","10"
"667f8434-64cd-46b6-a4d7-cbc8b76b0f51","monthly-budget-surplus","حاسبة فائض الميزانية الشهرية","skill-engine-formula","engine","20"
"05a7f4b4-8574-4923-b4c1-b315a248de0c","annual-expense-projection","حاسبة المصروفات السنوية","skill-finance-tools-calculation","family","10"
"05a7f4b4-8574-4923-b4c1-b315a248de0c","annual-expense-projection","حاسبة المصروفات السنوية","skill-engine-formula","engine","20"
"939db257-a342-4717-8e9d-9e76da28006e","sinking-fund-contribution","حاسبة مساهمة الهدف الادخاري","skill-finance-tools-calculation","family","10"
"939db257-a342-4717-8e9d-9e76da28006e","sinking-fund-contribution","حاسبة مساهمة الهدف الادخاري","skill-engine-formula","engine","20"
"ac10a406-cfa2-44a5-8ebf-86460af1815c","cash-runway-calculator","حاسبة مدة السيولة","skill-finance-tools-calculation","family","10"
"ac10a406-cfa2-44a5-8ebf-86460af1815c","cash-runway-calculator","حاسبة مدة السيولة","skill-engine-formula","engine","20"
"db3bf5da-b48b-468b-879f-ac8a4b61f781","productivity-rate-calculator","حاسبة معدل الإنتاجية","skill-general-tools-calculation","family","10"
"db3bf5da-b48b-468b-879f-ac8a4b61f781","productivity-rate-calculator","حاسبة معدل الإنتاجية","skill-engine-formula","engine","20"
"858660c9-d05e-4aa7-9529-30ff5e7b7f11","task-completion-rate","حاسبة نسبة إنجاز المهام","skill-general-tools-calculation","family","10"
"858660c9-d05e-4aa7-9529-30ff5e7b7f11","task-completion-rate","حاسبة نسبة إنجاز المهام","skill-engine-formula","engine","20"
"c00c9468-4f18-4f3a-836a-e29e104596b1","fuel-efficiency-calculator","حاسبة كفاءة استهلاك الوقود","skill-general-tools-calculation","family","10"
"c00c9468-4f18-4f3a-836a-e29e104596b1","fuel-efficiency-calculator","حاسبة كفاءة استهلاك الوقود","skill-engine-formula","engine","20"
"aca1c2c2-e270-4a0a-be95-bf95372e2fd9","electricity-usage-cost","حاسبة تكلفة استهلاك الكهرباء","skill-general-tools-calculation","family","10"
"aca1c2c2-e270-4a0a-be95-bf95372e2fd9","electricity-usage-cost","حاسبة تكلفة استهلاك الكهرباء","skill-engine-formula","engine","20"
"811b088e-305e-4d3d-bad5-bc266131939d","water-consumption-cost","حاسبة تكلفة استهلاك المياه","skill-general-tools-calculation","family","10"
"811b088e-305e-4d3d-bad5-bc266131939d","water-consumption-cost","حاسبة تكلفة استهلاك المياه","skill-engine-formula","engine","20"
"6daa5c92-c900-4e14-85c3-88e627e2a4e2","unit-price-comparison","حاسبة سعر الوحدة","skill-general-tools-calculation","family","10"
"6daa5c92-c900-4e14-85c3-88e627e2a4e2","unit-price-comparison","حاسبة سعر الوحدة","skill-engine-formula","engine","20"
"bcf42eb8-1576-409e-98b8-eaf8b3db738a","shared-expense-split","حاسبة تقسيم المصروف المشترك","skill-general-tools-calculation","family","10"
"bcf42eb8-1576-409e-98b8-eaf8b3db738a","shared-expense-split","حاسبة تقسيم المصروف المشترك","skill-engine-formula","engine","20"
"706dd9a1-1523-44c3-8942-df72e4490c46","millimeter-to-inch-converter","محول المليمتر إلى بوصة","skill-converter-tools-conversion","family","10"
"706dd9a1-1523-44c3-8942-df72e4490c46","millimeter-to-inch-converter","محول المليمتر إلى بوصة","skill-engine-formula","engine","20"
"935b44e7-2a7c-4d07-a00d-1b2aace209a7","inch-to-millimeter-converter","محول البوصة إلى مليمتر","skill-converter-tools-conversion","family","10"
"935b44e7-2a7c-4d07-a00d-1b2aace209a7","inch-to-millimeter-converter","محول البوصة إلى مليمتر","skill-engine-formula","engine","20"
"d9a6435f-0047-46e9-bdfa-a3765bad4632","liter-to-us-gallon-converter","محول اللتر إلى جالون أمريكي","skill-converter-tools-conversion","family","10"
"d9a6435f-0047-46e9-bdfa-a3765bad4632","liter-to-us-gallon-converter","محول اللتر إلى جالون أمريكي","skill-engine-formula","engine","20"
"c0c4eb83-1d87-4f0f-89de-1d41b139c899","us-gallon-to-liter-converter","محول الجالون الأمريكي إلى لتر","skill-converter-tools-conversion","family","10"
"c0c4eb83-1d87-4f0f-89de-1d41b139c899","us-gallon-to-liter-converter","محول الجالون الأمريكي إلى لتر","skill-engine-formula","engine","20"
"1b3c2468-ff82-4f0d-9428-f37f052cf9c7","square-meter-to-square-foot","محول المتر المربع إلى قدم مربع","skill-converter-tools-calculation","family","10"
"1b3c2468-ff82-4f0d-9428-f37f052cf9c7","square-meter-to-square-foot","محول المتر المربع إلى قدم مربع","skill-engine-formula","engine","20"
"8efeb675-ee57-40df-a97f-427322c1643b","mile-hour-to-kilometer-hour","محول ميل/س إلى كم/س","skill-converter-tools-calculation","family","10"
"8efeb675-ee57-40df-a97f-427322c1643b","mile-hour-to-kilometer-hour","محول ميل/س إلى كم/س","skill-engine-formula","engine","20"
"503bde2d-0e8c-4127-84b8-1b1b24921290","annual-rent-monthly-equivalent","محول الإيجار السنوي إلى شهري","skill-saudi-tools-calculation","family","10"
"503bde2d-0e8c-4127-84b8-1b1b24921290","annual-rent-monthly-equivalent","محول الإيجار السنوي إلى شهري","skill-engine-formula","engine","20"
"0c91bf20-0502-4775-a979-00d72deeb328","gosi-employee-deduction-estimate","حاسبة خصم التأمينات للموظف","skill-saudi-tools-calculation","family","10"
"0c91bf20-0502-4775-a979-00d72deeb328","gosi-employee-deduction-estimate","حاسبة خصم التأمينات للموظف","skill-engine-formula","engine","20"
"1ee89c84-5dea-4e46-b643-3e9e362cc28f","salary-after-gosi-estimate","حاسبة الراتب بعد التأمينات","skill-saudi-tools-calculation","family","10"
"1ee89c84-5dea-4e46-b643-3e9e362cc28f","salary-after-gosi-estimate","حاسبة الراتب بعد التأمينات","skill-engine-formula","engine","20"
"0e4eb4d4-121a-427d-9fbb-78985a5785d0","end-of-service-first-five-years","حاسبة نهاية الخدمة لأول خمس سنوات","skill-saudi-tools-calculation","family","10"
"0e4eb4d4-121a-427d-9fbb-78985a5785d0","end-of-service-first-five-years","حاسبة نهاية الخدمة لأول خمس سنوات","skill-engine-formula","engine","20"
"60c706ed-032f-433d-aa28-b55980dd7ee2","end-of-service-over-five-years","حاسبة نهاية الخدمة بعد خمس سنوات","skill-saudi-tools-calculation","family","10"
"60c706ed-032f-433d-aa28-b55980dd7ee2","end-of-service-over-five-years","حاسبة نهاية الخدمة بعد خمس سنوات","skill-engine-formula","engine","20"
"a02bf474-9e11-4923-a43a-f0a7e9c98b06","housing-allowance-estimate","حاسبة بدل السكن","skill-saudi-tools-calculation","family","10"
"a02bf474-9e11-4923-a43a-f0a7e9c98b06","housing-allowance-estimate","حاسبة بدل السكن","skill-engine-formula","engine","20"
"c46d7646-dc52-41ff-ae92-874303b19125","thirty-day-daily-wage","حاسبة الأجر اليومي على أساس 30 يومًا","skill-saudi-tools-calculation","family","10"
"c46d7646-dc52-41ff-ae92-874303b19125","thirty-day-daily-wage","حاسبة الأجر اليومي على أساس 30 يومًا","skill-engine-formula","engine","20"
"41d340a5-59e7-4b35-9ff3-75a7c1dff9af","zakat-base-estimate","حاسبة تقديرية للزكاة 2.5%","skill-saudi-tools-calculation","family","10"
"41d340a5-59e7-4b35-9ff3-75a7c1dff9af","zakat-base-estimate","حاسبة تقديرية للزكاة 2.5%","skill-engine-formula","engine","20"
"b2b9000c-3d40-4cb0-b086-1969f2746b9c","trip-fuel-cost-calculator","حاسبة وقود الرحلة","skill-travel-tools-calculation","family","10"
"b2b9000c-3d40-4cb0-b086-1969f2746b9c","trip-fuel-cost-calculator","حاسبة وقود الرحلة","skill-engine-formula","engine","20"
"6bce74ea-1af7-4494-a569-95e6ee26c1ca","hotel-stay-total-calculator","حاسبة تكلفة الفندق","skill-travel-tools-calculation","family","10"
"6bce74ea-1af7-4494-a569-95e6ee26c1ca","hotel-stay-total-calculator","حاسبة تكلفة الفندق","skill-engine-formula","engine","20"
"6c730530-6fd2-4096-a0e0-87111018902b","focus-ratio-calculator","حاسبة نسبة التركيز","skill-productivity-tools-calculation","family","10"
"6c730530-6fd2-4096-a0e0-87111018902b","focus-ratio-calculator","حاسبة نسبة التركيز","skill-engine-formula","engine","20"
"a460c42d-7b51-4cf7-b8c6-011bfe220aaa","travel-currency-budget-calculator","حاسبة تحويل ميزانية السفر","skill-travel-tools-calculation","family","10"
"a460c42d-7b51-4cf7-b8c6-011bfe220aaa","travel-currency-budget-calculator","حاسبة تحويل ميزانية السفر","skill-engine-formula","engine","20"
"e7131f49-1102-46eb-b681-31f21108a2c0","baggage-overweight-fee-calculator","حاسبة رسوم الوزن الزائد","skill-travel-tools-calculation","family","10"
"e7131f49-1102-46eb-b681-31f21108a2c0","baggage-overweight-fee-calculator","حاسبة رسوم الوزن الزائد","skill-engine-formula","engine","20"
"74e99448-a331-4b34-a5ce-0653176763de","travel-time-calculator","حاسبة زمن الرحلة","skill-travel-tools-calculation","family","10"
"74e99448-a331-4b34-a5ce-0653176763de","travel-time-calculator","حاسبة زمن الرحلة","skill-engine-formula","engine","20"
"6314223d-17e3-4f70-b5f5-400f8b0a4998","itinerary-hours-per-day-calculator","حاسبة ساعات البرنامج اليومية","skill-travel-tools-calculation","family","10"
"6314223d-17e3-4f70-b5f5-400f8b0a4998","itinerary-hours-per-day-calculator","حاسبة ساعات البرنامج اليومية","skill-engine-formula","engine","20"
"aa362b6e-0603-43ea-89cd-6da5c0f4108f","group-trip-share-calculator","حاسبة حصة الفرد في الرحلة","skill-travel-tools-calculation","family","10"
"aa362b6e-0603-43ea-89cd-6da5c0f4108f","group-trip-share-calculator","حاسبة حصة الفرد في الرحلة","skill-engine-formula","engine","20"
"98e18243-4218-47db-9ccb-1208cfdb593d","energy-efficiency-improvement-calculator","حاسبة تحسن كفاءة الطاقة","skill-sustainability-tools-calculation","family","10"
"98e18243-4218-47db-9ccb-1208cfdb593d","energy-efficiency-improvement-calculator","حاسبة تحسن كفاءة الطاقة","skill-engine-formula","engine","20"
"27ae11ba-76da-4957-a365-081d06f5bb26","average-order-value-calculator","حاسبة متوسط قيمة الطلب","skill-ecommerce-tools-calculation","family","10"
"27ae11ba-76da-4957-a365-081d06f5bb26","average-order-value-calculator","حاسبة متوسط قيمة الطلب","skill-engine-formula","engine","20"
"2072ccf5-e41a-4e6b-b0f3-3c1dcd5aa54f","cart-abandonment-rate-calculator","حاسبة معدل ترك السلة","skill-ecommerce-tools-calculation","family","10"
"2072ccf5-e41a-4e6b-b0f3-3c1dcd5aa54f","cart-abandonment-rate-calculator","حاسبة معدل ترك السلة","skill-engine-formula","engine","20"
"4e0039f5-7f2e-4fbc-bc15-b9918b5d5675","ecommerce-conversion-rate-calculator","حاسبة تحويل المتجر","skill-ecommerce-tools-calculation","family","10"
"4e0039f5-7f2e-4fbc-bc15-b9918b5d5675","ecommerce-conversion-rate-calculator","حاسبة تحويل المتجر","skill-engine-formula","engine","20"
"d9f94844-ecf9-42aa-b154-cb92ab66b8dc","customer-lifetime-value-basic-calculator","حاسبة قيمة العميل مدى الحياة","skill-ecommerce-tools-calculation","family","10"
"d9f94844-ecf9-42aa-b154-cb92ab66b8dc","customer-lifetime-value-basic-calculator","حاسبة قيمة العميل مدى الحياة","skill-engine-formula","engine","20"
"651c6aaf-fdf0-4775-b98e-b8a6304bfa26","commute-carbon-emissions-calculator","حاسبة انبعاثات التنقل","skill-sustainability-tools-calculation","family","10"
"651c6aaf-fdf0-4775-b98e-b8a6304bfa26","commute-carbon-emissions-calculator","حاسبة انبعاثات التنقل","skill-engine-formula","engine","20"
"a23a4c56-a9ba-4967-bde1-e215958533a2","appliance-annual-energy-cost-calculator","حاسبة تكلفة تشغيل الجهاز سنويًا","skill-sustainability-tools-calculation","family","10"
"a23a4c56-a9ba-4967-bde1-e215958533a2","appliance-annual-energy-cost-calculator","حاسبة تكلفة تشغيل الجهاز سنويًا","skill-engine-formula","engine","20"
"3e34f101-ca9f-48f4-aebb-ed19f664779f","tree-offset-calculator","حاسبة الأشجار اللازمة للتعويض","skill-sustainability-tools-calculation","family","10"
"3e34f101-ca9f-48f4-aebb-ed19f664779f","tree-offset-calculator","حاسبة الأشجار اللازمة للتعويض","skill-engine-formula","engine","20"
"a855c950-79b2-4e61-bc34-8aad4638a0fd","paper-reams-saved-calculator","حاسبة رزم الورق الموفرة","skill-sustainability-tools-calculation","family","10"
"a855c950-79b2-4e61-bc34-8aad4638a0fd","paper-reams-saved-calculator","حاسبة رزم الورق الموفرة","skill-engine-formula","engine","20"
"61c4c1a4-25b7-412b-9b67-63962de352a9","recycling-rate-calculator","حاسبة معدل إعادة التدوير","skill-sustainability-tools-calculation","family","10"
"61c4c1a4-25b7-412b-9b67-63962de352a9","recycling-rate-calculator","حاسبة معدل إعادة التدوير","skill-engine-formula","engine","20"
"97e5e606-9363-4c1a-bc00-589be0ebacf0","water-savings-calculator","حاسبة توفير المياه","skill-sustainability-tools-calculation","family","10"
"97e5e606-9363-4c1a-bc00-589be0ebacf0","water-savings-calculator","حاسبة توفير المياه","skill-engine-formula","engine","20"
"c2f68870-1c21-4508-9482-db4e01b2870b","solar-energy-savings-calculator","حاسبة توفير الطاقة الشمسية","skill-sustainability-tools-calculation","family","10"
"c2f68870-1c21-4508-9482-db4e01b2870b","solar-energy-savings-calculator","حاسبة توفير الطاقة الشمسية","skill-engine-formula","engine","20"
"cf5bda31-a5cd-4898-8bdf-55f15c4b6916","fuel-carbon-emissions-calculator","حاسبة انبعاثات الوقود","skill-sustainability-tools-calculation","family","10"
"cf5bda31-a5cd-4898-8bdf-55f15c4b6916","fuel-carbon-emissions-calculator","حاسبة انبعاثات الوقود","skill-engine-formula","engine","20"
"0df856eb-d54e-4831-b2fe-096b09fb969c","electricity-carbon-emissions-calculator","حاسبة انبعاثات الكهرباء","skill-sustainability-tools-calculation","family","10"
"0df856eb-d54e-4831-b2fe-096b09fb969c","electricity-carbon-emissions-calculator","حاسبة انبعاثات الكهرباء","skill-engine-formula","engine","20"
"2125010f-6b86-4c32-aa4f-1954b2efe653","freelancer-project-capacity-calculator","حاسبة طاقة المشاريع","skill-freelancer-tools-calculation","family","10"
"2125010f-6b86-4c32-aa4f-1954b2efe653","freelancer-project-capacity-calculator","حاسبة طاقة المشاريع","skill-engine-formula","engine","20"
"e8d85ee9-5a6f-45ee-97d9-aa439d61fda5","late-payment-fee-calculator","حاسبة غرامة تأخر السداد","skill-freelancer-tools-calculation","family","10"
"e8d85ee9-5a6f-45ee-97d9-aa439d61fda5","late-payment-fee-calculator","حاسبة غرامة تأخر السداد","skill-engine-formula","engine","20"
"e70c4a18-856d-46f4-ad12-95d49931d4f2","retainer-contract-value-calculator","حاسبة قيمة عقد الاشتراك","skill-freelancer-tools-calculation","family","10"
"e70c4a18-856d-46f4-ad12-95d49931d4f2","retainer-contract-value-calculator","حاسبة قيمة عقد الاشتراك","skill-engine-formula","engine","20"
"fe14c220-7f0f-4fff-a709-653b56a9fc82","effective-hourly-rate-calculator","حاسبة سعر الساعة الفعلي","skill-freelancer-tools-calculation","family","10"
"fe14c220-7f0f-4fff-a709-653b56a9fc82","effective-hourly-rate-calculator","حاسبة سعر الساعة الفعلي","skill-engine-formula","engine","20"
"3d887505-6467-4ec0-9046-749023b35882","proposal-win-rate-calculator","حاسبة نجاح العروض","skill-freelancer-tools-calculation","family","10"
"3d887505-6467-4ec0-9046-749023b35882","proposal-win-rate-calculator","حاسبة نجاح العروض","skill-engine-formula","engine","20"
"4440c94a-f23c-4f4c-8019-3a462a98889d","net-freelance-income-calculator","حاسبة صافي دخل المستقل","skill-freelancer-tools-calculation","family","10"
"4440c94a-f23c-4f4c-8019-3a462a98889d","net-freelance-income-calculator","حاسبة صافي دخل المستقل","skill-engine-formula","engine","20"
"1ea8c59c-abb1-4096-a39d-d08b05a302cd","freelance-platform-fee-calculator","حاسبة رسوم منصة العمل الحر","skill-freelancer-tools-calculation","family","10"
"1ea8c59c-abb1-4096-a39d-d08b05a302cd","freelance-platform-fee-calculator","حاسبة رسوم منصة العمل الحر","skill-engine-formula","engine","20"
"840331ef-17a5-400e-b084-b54039e63a04","freelancer-tax-reserve-calculator","حاسبة مخصص الضريبة للمستقل","skill-freelancer-tools-calculation","family","10"
"840331ef-17a5-400e-b084-b54039e63a04","freelancer-tax-reserve-calculator","حاسبة مخصص الضريبة للمستقل","skill-engine-formula","engine","20"
"9c63066d-e462-4014-9b55-a9769bdc6b56","freelance-project-price-calculator","حاسبة سعر المشروع","skill-freelancer-tools-calculation","family","10"
"9c63066d-e462-4014-9b55-a9769bdc6b56","freelance-project-price-calculator","حاسبة سعر المشروع","skill-engine-formula","engine","20"
"cbd1691e-25c9-4080-a535-93a8cd0c3744","freelancer-hourly-rate-calculator","حاسبة سعر ساعة المستقل","skill-freelancer-tools-calculation","family","10"
"cbd1691e-25c9-4080-a535-93a8cd0c3744","freelancer-hourly-rate-calculator","حاسبة سعر ساعة المستقل","skill-engine-formula","engine","20"
"24ad7c63-cc7f-483a-9b03-ee89b5d6bfbd","restaurant-occupancy-rate-calculator","حاسبة إشغال الطاولات","skill-restaurant-tools-calculation","family","10"
"24ad7c63-cc7f-483a-9b03-ee89b5d6bfbd","restaurant-occupancy-rate-calculator","حاسبة إشغال الطاولات","skill-engine-formula","engine","20"
"01b5c2ad-0424-42b8-b9ea-2eba2e0fc799","restaurant-break-even-orders-calculator","حاسبة طلبات تعادل المطعم","skill-restaurant-tools-calculation","family","10"
"01b5c2ad-0424-42b8-b9ea-2eba2e0fc799","restaurant-break-even-orders-calculator","حاسبة طلبات تعادل المطعم","skill-engine-formula","engine","20"
"9b1ac050-bf05-4656-98ba-e5e71f210d48","food-wastage-rate-calculator","حاسبة نسبة الهدر الغذائي","skill-restaurant-tools-calculation","family","10"
"9b1ac050-bf05-4656-98ba-e5e71f210d48","food-wastage-rate-calculator","حاسبة نسبة الهدر الغذائي","skill-engine-formula","engine","20"
"96011977-b72b-4eed-b19f-06fe51ea20de","delivery-platform-fee-calculator","حاسبة عمولة منصة التوصيل","skill-restaurant-tools-calculation","family","10"
"96011977-b72b-4eed-b19f-06fe51ea20de","delivery-platform-fee-calculator","حاسبة عمولة منصة التوصيل","skill-engine-formula","engine","20"
"79bf1793-4d2f-45b5-a1ff-f2bbb60fb94e","recipe-cost-per-serving-calculator","حاسبة تكلفة الحصة","skill-restaurant-tools-calculation","family","10"
"79bf1793-4d2f-45b5-a1ff-f2bbb60fb94e","recipe-cost-per-serving-calculator","حاسبة تكلفة الحصة","skill-engine-formula","engine","20"
"8fb7abcf-8573-4b56-b853-707d64385bda","restaurant-labor-cost-percentage-calculator","حاسبة نسبة تكلفة العمالة","skill-restaurant-tools-calculation","family","10"
"8fb7abcf-8573-4b56-b853-707d64385bda","restaurant-labor-cost-percentage-calculator","حاسبة نسبة تكلفة العمالة","skill-engine-formula","engine","20"
"93a93e6d-36af-484f-87c5-7744af521b37","average-check-calculator","حاسبة متوسط الفاتورة","skill-restaurant-tools-calculation","family","10"
"93a93e6d-36af-484f-87c5-7744af521b37","average-check-calculator","حاسبة متوسط الفاتورة","skill-engine-formula","engine","20"
"c9da7d9a-3f68-40b2-9522-c56ad0225198","table-turnover-calculator","حاسبة دوران الطاولات","skill-restaurant-tools-calculation","family","10"
"c9da7d9a-3f68-40b2-9522-c56ad0225198","table-turnover-calculator","حاسبة دوران الطاولات","skill-engine-formula","engine","20"
"c4c7db1b-4c67-4c40-89d7-c4269e3221aa","menu-price-from-food-cost-calculator","حاسبة سعر الطبق المستهدف","skill-restaurant-tools-calculation","family","10"
"c4c7db1b-4c67-4c40-89d7-c4269e3221aa","menu-price-from-food-cost-calculator","حاسبة سعر الطبق المستهدف","skill-engine-formula","engine","20"
"77819676-870a-49d6-84a6-ea68da044853","food-cost-percentage-calculator","حاسبة نسبة تكلفة الطعام","skill-restaurant-tools-calculation","family","10"
"77819676-870a-49d6-84a6-ea68da044853","food-cost-percentage-calculator","حاسبة نسبة تكلفة الطعام","skill-engine-formula","engine","20"
"3f617db5-b59c-4c14-9480-012c564ad986","delivery-route-cost-calculator","حاسبة تكلفة مسار التوصيل","skill-logistics-tools-calculation","family","10"
"3f617db5-b59c-4c14-9480-012c564ad986","delivery-route-cost-calculator","حاسبة تكلفة مسار التوصيل","skill-engine-formula","engine","20"
"a42f001e-9c96-4fbe-bde8-02421127b13b","safety-stock-calculator","حاسبة مخزون الأمان","skill-logistics-tools-calculation","family","10"
"a42f001e-9c96-4fbe-bde8-02421127b13b","safety-stock-calculator","حاسبة مخزون الأمان","skill-engine-formula","engine","20"
"3f63ad12-862c-4884-a14d-475a82db6b5f","reorder-point-calculator","حاسبة نقطة إعادة الطلب","skill-logistics-tools-calculation","family","10"
"3f63ad12-862c-4884-a14d-475a82db6b5f","reorder-point-calculator","حاسبة نقطة إعادة الطلب","skill-engine-formula","engine","20"
"4a271994-dea1-46cd-a1d2-39536c81d61d","inventory-carrying-cost-calculator","حاسبة تكلفة الاحتفاظ بالمخزون","skill-logistics-tools-calculation","family","10"
"4a271994-dea1-46cd-a1d2-39536c81d61d","inventory-carrying-cost-calculator","حاسبة تكلفة الاحتفاظ بالمخزون","skill-engine-formula","engine","20"
"b9d5410b-c254-4e53-8156-59d231021070","on-time-delivery-rate-calculator","حاسبة التوصيل في الموعد","skill-logistics-tools-calculation","family","10"
"b9d5410b-c254-4e53-8156-59d231021070","on-time-delivery-rate-calculator","حاسبة التوصيل في الموعد","skill-engine-formula","engine","20"
"0df728cd-5f81-472a-a141-bc91a5e58adf","order-accuracy-rate-calculator","حاسبة دقة الطلبات","skill-logistics-tools-calculation","family","10"
"0df728cd-5f81-472a-a141-bc91a5e58adf","order-accuracy-rate-calculator","حاسبة دقة الطلبات","skill-engine-formula","engine","20"
"d8ee095d-ed5e-4205-93b7-281b34ddf5ab","warehouse-space-utilization-calculator","حاسبة استغلال المستودع","skill-logistics-tools-calculation","family","10"
"d8ee095d-ed5e-4205-93b7-281b34ddf5ab","warehouse-space-utilization-calculator","حاسبة استغلال المستودع","skill-engine-formula","engine","20"
"e5cd49e2-6e57-4f08-b98b-acda64d9288b","vehicle-capacity-utilization-calculator","حاسبة استغلال سعة المركبة","skill-logistics-tools-calculation","family","10"
"e5cd49e2-6e57-4f08-b98b-acda64d9288b","vehicle-capacity-utilization-calculator","حاسبة استغلال سعة المركبة","skill-engine-formula","engine","20"
"3cf4210d-0c70-4a81-bd93-6893daf04683","delivery-cost-per-order-calculator","حاسبة تكلفة التوصيل لكل طلب","skill-logistics-tools-calculation","family","10"
"3cf4210d-0c70-4a81-bd93-6893daf04683","delivery-cost-per-order-calculator","حاسبة تكلفة التوصيل لكل طلب","skill-engine-formula","engine","20"
"7855defa-d032-4797-b550-5e8b0c2a43ba","freight-cost-per-kg-calculator","حاسبة تكلفة الشحن لكل كيلوجرام","skill-logistics-tools-calculation","family","10"
"7855defa-d032-4797-b550-5e8b0c2a43ba","freight-cost-per-kg-calculator","حاسبة تكلفة الشحن لكل كيلوجرام","skill-engine-formula","engine","20"
"638cbcec-a077-429d-a622-85eb754e051b","sales-win-loss-ratio-calculator","حاسبة نسبة الفوز إلى الخسارة","skill-sales-tools-calculation","family","10"
"638cbcec-a077-429d-a622-85eb754e051b","sales-win-loss-ratio-calculator","حاسبة نسبة الفوز إلى الخسارة","skill-engine-formula","engine","20"
"c133d797-fd77-4697-a881-7b869eb70420","sales-commission-calculator","حاسبة عمولة المبيعات","skill-sales-tools-calculation","family","10"
"c133d797-fd77-4697-a881-7b869eb70420","sales-commission-calculator","حاسبة عمولة المبيعات","skill-engine-formula","engine","20"
"c49575f8-6177-481d-b4d9-46f680dc5985","cross-sell-revenue-calculator","حاسبة إيراد البيع المتقاطع","skill-sales-tools-calculation","family","10"
"c49575f8-6177-481d-b4d9-46f680dc5985","cross-sell-revenue-calculator","حاسبة إيراد البيع المتقاطع","skill-engine-formula","engine","20"
"322141fd-a2bf-4346-805f-a95ff213b64e","upsell-rate-calculator","حاسبة معدل البيع الإضافي","skill-sales-tools-calculation","family","10"
"322141fd-a2bf-4346-805f-a95ff213b64e","upsell-rate-calculator","حاسبة معدل البيع الإضافي","skill-engine-formula","engine","20"
"efd2454a-175d-408e-be55-bd6dcfa279e6","lead-response-time-calculator","حاسبة متوسط وقت الرد على العملاء","skill-sales-tools-calculation","family","10"
"efd2454a-175d-408e-be55-bd6dcfa279e6","lead-response-time-calculator","حاسبة متوسط وقت الرد على العملاء","skill-engine-formula","engine","20"
"bf54dd70-94e0-450f-a6e4-2cf568349de1","pipeline-coverage-calculator","حاسبة تغطية خط المبيعات","skill-sales-tools-calculation","family","10"
"bf54dd70-94e0-450f-a6e4-2cf568349de1","pipeline-coverage-calculator","حاسبة تغطية خط المبيعات","skill-engine-formula","engine","20"
"c9a693ed-eed9-466b-9a63-889f4438e835","quota-attainment-calculator","حاسبة تحقيق الهدف البيعي","skill-sales-tools-calculation","family","10"
"c9a693ed-eed9-466b-9a63-889f4438e835","quota-attainment-calculator","حاسبة تحقيق الهدف البيعي","skill-engine-formula","engine","20"
"a152364f-1cae-4d3d-a4e7-ed84aa7f8639","average-sales-cycle-calculator","حاسبة متوسط دورة البيع","skill-sales-tools-calculation","family","10"
"a152364f-1cae-4d3d-a4e7-ed84aa7f8639","average-sales-cycle-calculator","حاسبة متوسط دورة البيع","skill-engine-formula","engine","20"
"cdab4ec0-712d-440e-8cf5-a4c604c935a2","sales-conversion-rate-calculator","حاسبة تحويل المبيعات","skill-sales-tools-calculation","family","10"
"cdab4ec0-712d-440e-8cf5-a4c604c935a2","sales-conversion-rate-calculator","حاسبة تحويل المبيعات","skill-engine-formula","engine","20"
"79181a5f-d01c-4cf7-8916-dd9d79c6d151","newsletter-open-rate-calculator","حاسبة معدل فتح النشرة","skill-creator-tools-calculation","family","10"
"79181a5f-d01c-4cf7-8916-dd9d79c6d151","newsletter-open-rate-calculator","حاسبة معدل فتح النشرة","skill-engine-formula","engine","20"
"daa9d07a-6d17-4e1a-9924-a72606b42dd6","affiliate-revenue-calculator","حاسبة دخل التسويق بالعمولة","skill-creator-tools-calculation","family","10"
"daa9d07a-6d17-4e1a-9924-a72606b42dd6","affiliate-revenue-calculator","حاسبة دخل التسويق بالعمولة","skill-engine-formula","engine","20"
"8857b0a4-f491-4668-9414-edfde97c4ef3","thumbnail-click-through-rate-calculator","حاسبة CTR للصورة المصغرة","skill-creator-tools-calculation","family","10"
"8857b0a4-f491-4668-9414-edfde97c4ef3","thumbnail-click-through-rate-calculator","حاسبة CTR للصورة المصغرة","skill-engine-formula","engine","20"
"f280adde-5944-432a-983c-95d1bfdbdfa5","video-watch-time-calculator","حاسبة وقت المشاهدة","skill-creator-tools-calculation","family","10"
"f280adde-5944-432a-983c-95d1bfdbdfa5","video-watch-time-calculator","حاسبة وقت المشاهدة","skill-engine-formula","engine","20"
"62fd604c-f02e-434d-969f-20d6c9ff3039","content-publishing-frequency-calculator","حاسبة تكرار النشر","skill-creator-tools-calculation","family","10"
"62fd604c-f02e-434d-969f-20d6c9ff3039","content-publishing-frequency-calculator","حاسبة تكرار النشر","skill-engine-formula","engine","20"
"0bae9b25-f054-4183-97d9-ee0e4ad6bacd","video-production-cost-calculator","حاسبة تكلفة إنتاج الفيديو","skill-creator-tools-calculation","family","10"
"0bae9b25-f054-4183-97d9-ee0e4ad6bacd","video-production-cost-calculator","حاسبة تكلفة إنتاج الفيديو","skill-engine-formula","engine","20"
"f38709da-2164-4f8f-ae8a-0db980349340","average-deal-size-calculator","حاسبة متوسط حجم الصفقة","skill-sales-tools-calculation","family","10"
"f38709da-2164-4f8f-ae8a-0db980349340","average-deal-size-calculator","حاسبة متوسط حجم الصفقة","skill-engine-formula","engine","20"
"0afefa79-1a8e-49e7-846c-da68f7422360","sponsorship-rate-calculator","حاسبة سعر الرعاية","skill-creator-tools-calculation","family","10"
"0afefa79-1a8e-49e7-846c-da68f7422360","sponsorship-rate-calculator","حاسبة سعر الرعاية","skill-engine-formula","engine","20"
"b89127e0-5159-48fa-b925-7bdc4ccdd824","follower-growth-rate-calculator","حاسبة نمو المتابعين","skill-creator-tools-calculation","family","10"
"b89127e0-5159-48fa-b925-7bdc4ccdd824","follower-growth-rate-calculator","حاسبة نمو المتابعين","skill-engine-formula","engine","20"
"e0e58446-2f1a-4717-83c1-bd2291e01d57","social-engagement-rate-calculator","حاسبة معدل التفاعل","skill-creator-tools-calculation","family","10"
"e0e58446-2f1a-4717-83c1-bd2291e01d57","social-engagement-rate-calculator","حاسبة معدل التفاعل","skill-engine-formula","engine","20"
"8aaf6778-8311-4d1a-b021-e50a11bd73d3","youtube-cpm-revenue-calculator","حاسبة دخل المشاهدات CPM","skill-creator-tools-calculation","family","10"
"8aaf6778-8311-4d1a-b021-e50a11bd73d3","youtube-cpm-revenue-calculator","حاسبة دخل المشاهدات CPM","skill-engine-formula","engine","20"
"1d6840af-37e8-45f0-9451-4c0277c1b4cd","deadline-buffer-calculator","حاسبة هامش الموعد النهائي","skill-productivity-tools-calculation","family","10"
"1d6840af-37e8-45f0-9451-4c0277c1b4cd","deadline-buffer-calculator","حاسبة هامش الموعد النهائي","skill-engine-formula","engine","20"
"9d15dee3-4ac7-41bf-a009-a50c5a7fa9b9","productivity-output-per-hour-calculator","حاسبة الإنتاج لكل ساعة","skill-productivity-tools-calculation","family","10"
"9d15dee3-4ac7-41bf-a009-a50c5a7fa9b9","productivity-output-per-hour-calculator","حاسبة الإنتاج لكل ساعة","skill-engine-formula","engine","20"
"5bd02ba5-7d39-440b-89db-6731cd97796e","team-utilization-rate-calculator","حاسبة استغلال وقت الفريق","skill-productivity-tools-calculation","family","10"
"5bd02ba5-7d39-440b-89db-6731cd97796e","team-utilization-rate-calculator","حاسبة استغلال وقت الفريق","skill-engine-formula","engine","20"
"b81f5785-17f0-49c8-8e51-9f6d9c291b71","automation-time-saved-calculator","حاسبة الوقت الموفر بالأتمتة","skill-productivity-tools-calculation","family","10"
"b81f5785-17f0-49c8-8e51-9f6d9c291b71","automation-time-saved-calculator","حاسبة الوقت الموفر بالأتمتة","skill-engine-formula","engine","20"
"3dee8eab-d5d4-4816-9614-d306b0d89676","meeting-cost-calculator","حاسبة تكلفة الاجتماع","skill-productivity-tools-calculation","family","10"
"3dee8eab-d5d4-4816-9614-d306b0d89676","meeting-cost-calculator","حاسبة تكلفة الاجتماع","skill-engine-formula","engine","20"
"6bd8eefc-aed3-4ef1-94d3-ade7853ad8f8","project-progress-calculator","حاسبة تقدم المشروع","skill-productivity-tools-calculation","family","10"
"6bd8eefc-aed3-4ef1-94d3-ade7853ad8f8","project-progress-calculator","حاسبة تقدم المشروع","skill-engine-formula","engine","20"
"cea925a3-aa9c-4ba4-9eca-9e5d5e16047d","weekly-work-capacity-calculator","حاسبة الطاقة الأسبوعية","skill-productivity-tools-calculation","family","10"
"cea925a3-aa9c-4ba4-9eca-9e5d5e16047d","weekly-work-capacity-calculator","حاسبة الطاقة الأسبوعية","skill-engine-formula","engine","20"
"24bf1524-6e75-4e40-9ded-7ff68b0109b5","pomodoro-session-calculator","حاسبة جلسات بومودورو","skill-productivity-tools-calculation","family","10"
"24bf1524-6e75-4e40-9ded-7ff68b0109b5","pomodoro-session-calculator","حاسبة جلسات بومودورو","skill-engine-formula","engine","20"
"d215e34a-05ec-4b04-ab06-628763d8228a","ecommerce-return-rate-calculator","حاسبة معدل المرتجعات","skill-ecommerce-tools-calculation","family","10"
"d215e34a-05ec-4b04-ab06-628763d8228a","ecommerce-return-rate-calculator","حاسبة معدل المرتجعات","skill-engine-formula","engine","20"
"7cee5553-8816-4d6f-a73a-92e03efb540b","ecommerce-refund-rate-calculator","حاسبة معدل الاسترداد","skill-ecommerce-tools-calculation","family","10"
"7cee5553-8816-4d6f-a73a-92e03efb540b","ecommerce-refund-rate-calculator","حاسبة معدل الاسترداد","skill-engine-formula","engine","20"
"68b1598e-e182-49cf-b910-7b98b8204ef9","shipping-cost-per-order-calculator","حاسبة شحن الطلب الواحد","skill-ecommerce-tools-calculation","family","10"
"68b1598e-e182-49cf-b910-7b98b8204ef9","shipping-cost-per-order-calculator","حاسبة شحن الطلب الواحد","skill-engine-formula","engine","20"
"8edc4f76-c678-4f93-ae87-f7298b0c6976","inventory-turnover-calculator","حاسبة دوران المخزون","skill-ecommerce-tools-calculation","family","10"
"8edc4f76-c678-4f93-ae87-f7298b0c6976","inventory-turnover-calculator","حاسبة دوران المخزون","skill-engine-formula","engine","20"
"05365bde-dda1-4e64-ab0e-5ab5be51b112","break-even-orders-calculator","حاسبة طلبات نقطة التعادل","skill-ecommerce-tools-calculation","family","10"
"05365bde-dda1-4e64-ab0e-5ab5be51b112","break-even-orders-calculator","حاسبة طلبات نقطة التعادل","skill-engine-formula","engine","20"
"a0ff5156-6351-4098-83e8-b7ae2a320778","marketplace-commission-calculator","حاسبة عمولة المنصة","skill-ecommerce-tools-calculation","family","10"
"a0ff5156-6351-4098-83e8-b7ae2a320778","marketplace-commission-calculator","حاسبة عمولة المنصة","skill-engine-formula","engine","20"
"5de6905f-473d-4fa3-b195-f2a847004e54","rental-yield-calculator","حاسبة العائد الإيجاري","skill-real-estate-tools-calculation","family","10"
"5de6905f-473d-4fa3-b195-f2a847004e54","rental-yield-calculator","حاسبة العائد الإيجاري","skill-engine-formula","engine","20"
"3c2ee8ef-0d33-4f20-896f-facb6537d3eb","task-completion-rate-calculator","حاسبة إنجاز المهام","skill-productivity-tools-calculation","family","10"
"3c2ee8ef-0d33-4f20-896f-facb6537d3eb","task-completion-rate-calculator","حاسبة إنجاز المهام","skill-engine-formula","engine","20"
"96140f4b-48fc-4b0d-afd8-d1b2aa50fc53","cap-rate-calculator","حاسبة معدل الرسملة","skill-real-estate-tools-calculation","family","10"
"96140f4b-48fc-4b0d-afd8-d1b2aa50fc53","cap-rate-calculator","حاسبة معدل الرسملة","skill-engine-formula","engine","20"
"322770b8-7b68-4397-b1f1-e36efbb68626","price-per-square-meter-calculator","حاسبة سعر المتر المربع","skill-real-estate-tools-calculation","family","10"
"322770b8-7b68-4397-b1f1-e36efbb68626","price-per-square-meter-calculator","حاسبة سعر المتر المربع","skill-engine-formula","engine","20"
"cfd3e5a6-9fe6-4665-a357-400a8b6adf9e","mortgage-monthly-payment-calculator","حاسبة قسط التمويل العقاري","skill-real-estate-tools-calculation","family","10"
"cfd3e5a6-9fe6-4665-a357-400a8b6adf9e","mortgage-monthly-payment-calculator","حاسبة قسط التمويل العقاري","skill-engine-formula","engine","20"
"855030f8-8b51-4b89-905e-1be2b111f1ca","down-payment-calculator","حاسبة الدفعة الأولى","skill-real-estate-tools-calculation","family","10"
"855030f8-8b51-4b89-905e-1be2b111f1ca","down-payment-calculator","حاسبة الدفعة الأولى","skill-engine-formula","engine","20"
"95b9d5d3-6711-469a-b82c-039db5434a3a","visa-fees-total-calculator","حاسبة إجمالي رسوم التأشيرات","skill-travel-tools-calculation","family","10"
"95b9d5d3-6711-469a-b82c-039db5434a3a","visa-fees-total-calculator","حاسبة إجمالي رسوم التأشيرات","skill-engine-formula","engine","20"
"1b2d3385-adb2-466e-aa09-7d6984bf2adc","loan-to-value-calculator","حاسبة نسبة التمويل إلى القيمة","skill-real-estate-tools-calculation","family","10"
"1b2d3385-adb2-466e-aa09-7d6984bf2adc","loan-to-value-calculator","حاسبة نسبة التمويل إلى القيمة","skill-engine-formula","engine","20"
"982d4917-b522-4954-b5d1-caa6fe010e75","property-appreciation-calculator","حاسبة نمو قيمة العقار","skill-real-estate-tools-calculation","family","10"
"982d4917-b522-4954-b5d1-caa6fe010e75","property-appreciation-calculator","حاسبة نمو قيمة العقار","skill-engine-formula","engine","20"
"a4f89df0-5f90-4d0d-9d26-57575ac4806c","rental-vacancy-loss-calculator","حاسبة خسارة الشغور","skill-real-estate-tools-calculation","family","10"
"a4f89df0-5f90-4d0d-9d26-57575ac4806c","rental-vacancy-loss-calculator","حاسبة خسارة الشغور","skill-engine-formula","engine","20"
"6a070406-0921-473a-a483-1b4b29374b08","property-management-fee-calculator","حاسبة رسوم إدارة العقار","skill-real-estate-tools-calculation","family","10"
"6a070406-0921-473a-a483-1b4b29374b08","property-management-fee-calculator","حاسبة رسوم إدارة العقار","skill-engine-formula","engine","20"
"60300f7b-85ba-4c56-bbe6-40f15013a378","real-estate-cash-roi-calculator","حاسبة عائد الاستثمار العقاري النقدي","skill-real-estate-tools-calculation","family","10"
"60300f7b-85ba-4c56-bbe6-40f15013a378","real-estate-cash-roi-calculator","حاسبة عائد الاستثمار العقاري النقدي","skill-engine-formula","engine","20"
"20261d41-7f3b-462f-9da9-65edac3306ac","trip-budget-per-day-calculator","حاسبة ميزانية السفر اليومية","skill-travel-tools-calculation","family","10"
"20261d41-7f3b-462f-9da9-65edac3306ac","trip-budget-per-day-calculator","حاسبة ميزانية السفر اليومية","skill-engine-formula","engine","20"
"4630dd09-b13a-4b05-b81b-b1be33615e2c","travel-insurance-cost-calculator","حاسبة تأمين السفر","skill-travel-tools-calculation","family","10"
"4630dd09-b13a-4b05-b81b-b1be33615e2c","travel-insurance-cost-calculator","حاسبة تأمين السفر","skill-engine-formula","engine","20"
"62c60024-9aec-4710-88ac-019cd09420fc","overtime-percentage-calculator","حاسبة نسبة العمل الإضافي","skill-hr-tools-calculation","family","10"
"62c60024-9aec-4710-88ac-019cd09420fc","overtime-percentage-calculator","حاسبة نسبة العمل الإضافي","skill-engine-formula","engine","20"
"d9b1992b-8517-4477-8e22-81d7ae6875d2","annual-fuel-cost-calculator","حاسبة تكلفة الوقود السنوية","skill-automotive-tools-calculation","family","10"
"d9b1992b-8517-4477-8e22-81d7ae6875d2","annual-fuel-cost-calculator","حاسبة تكلفة الوقود السنوية","skill-engine-formula","engine","20"
"14893ab5-9047-4029-8265-1229484fd4c2","vehicle-depreciation-calculator","حاسبة انخفاض قيمة السيارة","skill-automotive-tools-calculation","family","10"
"14893ab5-9047-4029-8265-1229484fd4c2","vehicle-depreciation-calculator","حاسبة انخفاض قيمة السيارة","skill-engine-formula","engine","20"
"c29ec806-ac48-456c-909e-b8f521a8f29e","vehicle-maintenance-budget-calculator","حاسبة ميزانية صيانة السيارة","skill-automotive-tools-calculation","family","10"
"c29ec806-ac48-456c-909e-b8f521a8f29e","vehicle-maintenance-budget-calculator","حاسبة ميزانية صيانة السيارة","skill-engine-formula","engine","20"
"663b31f3-0f77-4636-8f14-fed814e25a50","vehicle-ownership-monthly-cost-calculator","حاسبة تكلفة امتلاك السيارة شهريًا","skill-automotive-tools-calculation","family","10"
"663b31f3-0f77-4636-8f14-fed814e25a50","vehicle-ownership-monthly-cost-calculator","حاسبة تكلفة امتلاك السيارة شهريًا","skill-engine-formula","engine","20"
"550eeded-f043-4e97-8ad5-4494952b6983","tire-cost-per-km-calculator","حاسبة تكلفة الإطارات لكل كيلومتر","skill-automotive-tools-calculation","family","10"
"550eeded-f043-4e97-8ad5-4494952b6983","tire-cost-per-km-calculator","حاسبة تكلفة الإطارات لكل كيلومتر","skill-engine-formula","engine","20"
"69b99dfd-5860-469f-b05d-0a6595d20e9d","lease-mileage-overage-calculator","حاسبة تجاوز مسافة التأجير","skill-automotive-tools-calculation","family","10"
"69b99dfd-5860-469f-b05d-0a6595d20e9d","lease-mileage-overage-calculator","حاسبة تجاوز مسافة التأجير","skill-engine-formula","engine","20"
"77957e29-e759-4284-9e95-0e621dbe8a24","vehicle-finance-total-cost-calculator","حاسبة إجمالي تكلفة تمويل السيارة","skill-automotive-tools-calculation","family","10"
"77957e29-e759-4284-9e95-0e621dbe8a24","vehicle-finance-total-cost-calculator","حاسبة إجمالي تكلفة تمويل السيارة","skill-engine-formula","engine","20"
"c9630db4-29ff-41c4-b1bd-2c2364f4fa98","ride-profit-calculator","حاسبة ربح الرحلة","skill-automotive-tools-calculation","family","10"
"c9630db4-29ff-41c4-b1bd-2c2364f4fa98","ride-profit-calculator","حاسبة ربح الرحلة","skill-engine-formula","engine","20"
"dc4726c2-f2ff-4157-ad91-7e10604323b4","vehicle-cost-per-km-calculator","حاسبة تكلفة السيارة لكل كيلومتر","skill-automotive-tools-calculation","family","10"
"dc4726c2-f2ff-4157-ad91-7e10604323b4","vehicle-cost-per-km-calculator","حاسبة تكلفة السيارة لكل كيلومتر","skill-engine-formula","engine","20"
"f2acbd20-2d40-4cda-97e0-71fb3f87477e","concrete-volume-calculator","حاسبة حجم الخرسانة","skill-construction-tools-calculation","family","10"
"f2acbd20-2d40-4cda-97e0-71fb3f87477e","concrete-volume-calculator","حاسبة حجم الخرسانة","skill-engine-formula","engine","20"
"8d40f4e1-d6f8-409b-9591-c4a1458bcf00","asset-storage-calculator","حاسبة مساحة الأصول","skill-design-tools-calculation","family","10"
"8d40f4e1-d6f8-409b-9591-c4a1458bcf00","asset-storage-calculator","حاسبة مساحة الأصول","skill-engine-formula","engine","20"
"76d8ff13-a4a5-4acd-a97b-22137cf3cb42","brick-count-calculator","حاسبة عدد الطوب","skill-construction-tools-calculation","family","10"
"76d8ff13-a4a5-4acd-a97b-22137cf3cb42","brick-count-calculator","حاسبة عدد الطوب","skill-engine-formula","engine","20"
"328cc8b4-7b41-4186-b254-0ea22f11fcb9","paint-liters-calculator","حاسبة كمية الدهان","skill-construction-tools-calculation","family","10"
"328cc8b4-7b41-4186-b254-0ea22f11fcb9","paint-liters-calculator","حاسبة كمية الدهان","skill-engine-formula","engine","20"
"ba55e26e-9a30-4ac8-8bfc-4eb7a9dc78f1","tile-quantity-calculator","حاسبة كمية البلاط","skill-construction-tools-calculation","family","10"
"ba55e26e-9a30-4ac8-8bfc-4eb7a9dc78f1","tile-quantity-calculator","حاسبة كمية البلاط","skill-engine-formula","engine","20"
"476d9c24-1dc5-44fb-adfd-70d3d2fb51d5","cement-bags-calculator","حاسبة أكياس الأسمنت","skill-construction-tools-calculation","family","10"
"476d9c24-1dc5-44fb-adfd-70d3d2fb51d5","cement-bags-calculator","حاسبة أكياس الأسمنت","skill-engine-formula","engine","20"
"336df80b-ce2e-47e1-a7b7-1f70a2fbf1ee","wall-area-calculator","حاسبة مساحة الجدار","skill-construction-tools-calculation","family","10"
"336df80b-ce2e-47e1-a7b7-1f70a2fbf1ee","wall-area-calculator","حاسبة مساحة الجدار","skill-engine-formula","engine","20"
"99cc67fb-c710-4e76-9db0-a7246f1f2310","fertilizer-requirement-calculator","حاسبة كمية السماد","skill-agriculture-tools-calculation","family","10"
"99cc67fb-c710-4e76-9db0-a7246f1f2310","fertilizer-requirement-calculator","حاسبة كمية السماد","skill-engine-formula","engine","20"
"2ad4be1f-4104-4862-8b3e-567da6d06667","construction-labor-cost-calculator","حاسبة تكلفة عمالة البناء","skill-construction-tools-calculation","family","10"
"2ad4be1f-4104-4862-8b3e-567da6d06667","construction-labor-cost-calculator","حاسبة تكلفة عمالة البناء","skill-engine-formula","engine","20"
"cac51ce2-5569-454a-b2f5-5ca142588281","material-waste-cost-calculator","حاسبة تكلفة هدر المواد","skill-construction-tools-calculation","family","10"
"cac51ce2-5569-454a-b2f5-5ca142588281","material-waste-cost-calculator","حاسبة تكلفة هدر المواد","skill-engine-formula","engine","20"
"f61a221f-7ce7-455c-97df-4c35e2e62c42","project-contingency-calculator","حاسبة احتياطي المشروع","skill-construction-tools-calculation","family","10"
"f61a221f-7ce7-455c-97df-4c35e2e62c42","project-contingency-calculator","حاسبة احتياطي المشروع","skill-engine-formula","engine","20"
"da312701-8513-47d6-b6cb-c805099b5550","rebar-weight-estimator","حاسبة وزن حديد التسليح","skill-construction-tools-estimation","family","10"
"da312701-8513-47d6-b6cb-c805099b5550","rebar-weight-estimator","حاسبة وزن حديد التسليح","skill-engine-formula","engine","20"
"2920e3d7-d8cd-4a03-b669-95a7fcba4e62","seed-requirement-calculator","حاسبة كمية البذور","skill-agriculture-tools-calculation","family","10"
"2920e3d7-d8cd-4a03-b669-95a7fcba4e62","seed-requirement-calculator","حاسبة كمية البذور","skill-engine-formula","engine","20"
"e4bb4d63-3c7d-4a99-a723-737ee75f394d","irrigation-water-calculator","حاسبة مياه الري","skill-agriculture-tools-calculation","family","10"
"e4bb4d63-3c7d-4a99-a723-737ee75f394d","irrigation-water-calculator","حاسبة مياه الري","skill-engine-formula","engine","20"
"4733c1cf-d87c-4482-bc55-0f73793f0274","crop-yield-per-hectare-calculator","حاسبة إنتاجية الهكتار","skill-agriculture-tools-calculation","family","10"
"4733c1cf-d87c-4482-bc55-0f73793f0274","crop-yield-per-hectare-calculator","حاسبة إنتاجية الهكتار","skill-engine-formula","engine","20"
"05a18409-575c-4af1-a514-66cce0b89be5","farm-revenue-calculator","حاسبة إيراد المزرعة","skill-agriculture-tools-calculation","family","10"
"05a18409-575c-4af1-a514-66cce0b89be5","farm-revenue-calculator","حاسبة إيراد المزرعة","skill-engine-formula","engine","20"
"2ac1466b-639c-4e12-a033-314b09644d4e","animal-feed-requirement-calculator","حاسبة احتياج الأعلاف","skill-agriculture-tools-calculation","family","10"
"2ac1466b-639c-4e12-a033-314b09644d4e","animal-feed-requirement-calculator","حاسبة احتياج الأعلاف","skill-engine-formula","engine","20"
"f101ef24-f5f4-4992-93c3-36d04db8cd6d","livestock-weight-gain-calculator","حاسبة زيادة وزن الماشية","skill-agriculture-tools-calculation","family","10"
"f101ef24-f5f4-4992-93c3-36d04db8cd6d","livestock-weight-gain-calculator","حاسبة زيادة وزن الماشية","skill-engine-formula","engine","20"
"fd7f127b-b9b5-4dc2-961a-cc00454092af","greenhouse-plant-capacity-calculator","حاسبة سعة النباتات في البيت المحمي","skill-agriculture-tools-calculation","family","10"
"fd7f127b-b9b5-4dc2-961a-cc00454092af","greenhouse-plant-capacity-calculator","حاسبة سعة النباتات في البيت المحمي","skill-engine-formula","engine","20"
"00f84658-c39e-47c5-bdfa-14b3237669ea","pesticide-dilution-calculator","حاسبة تخفيف المبيد","skill-agriculture-tools-calculation","family","10"
"00f84658-c39e-47c5-bdfa-14b3237669ea","pesticide-dilution-calculator","حاسبة تخفيف المبيد","skill-engine-formula","engine","20"
"fd4902a1-b3a8-4c1f-8857-415c7cb2778d","harvest-loss-calculator","حاسبة خسارة المحصول","skill-agriculture-tools-calculation","family","10"
"fd4902a1-b3a8-4c1f-8857-415c7cb2778d","harvest-loss-calculator","حاسبة خسارة المحصول","skill-engine-formula","engine","20"
"1c204662-12d8-4080-9df0-9edfbf303ce5","event-cost-per-attendee-calculator","حاسبة تكلفة الحضور","skill-event-tools-calculation","family","10"
"1c204662-12d8-4080-9df0-9edfbf303ce5","event-cost-per-attendee-calculator","حاسبة تكلفة الحضور","skill-engine-formula","engine","20"
"bc863ea0-a795-423b-b41e-e47b3e64e7b0","ticket-break-even-calculator","حاسبة تذاكر نقطة التعادل","skill-event-tools-calculation","family","10"
"bc863ea0-a795-423b-b41e-e47b3e64e7b0","ticket-break-even-calculator","حاسبة تذاكر نقطة التعادل","skill-engine-formula","engine","20"
"d148cbc3-0f03-4169-b527-b62f46c5da74","sponsorship-coverage-calculator","حاسبة تغطية الرعاية","skill-event-tools-calculation","family","10"
"d148cbc3-0f03-4169-b527-b62f46c5da74","sponsorship-coverage-calculator","حاسبة تغطية الرعاية","skill-engine-formula","engine","20"
"bb197952-8a11-48e0-9ae7-bb6643253fb9","event-catering-cost-calculator","حاسبة تكلفة الضيافة","skill-event-tools-calculation","family","10"
"bb197952-8a11-48e0-9ae7-bb6643253fb9","event-catering-cost-calculator","حاسبة تكلفة الضيافة","skill-engine-formula","engine","20"
"29f9599c-350d-4731-8a27-41d32f11dcc5","venue-occupancy-rate-calculator","حاسبة إشغال القاعة","skill-event-tools-calculation","family","10"
"29f9599c-350d-4731-8a27-41d32f11dcc5","venue-occupancy-rate-calculator","حاسبة إشغال القاعة","skill-engine-formula","engine","20"
"e2ec8105-2874-4736-a118-7d8649d9d15a","cost-per-hire-calculator","حاسبة تكلفة التوظيف","skill-hr-tools-calculation","family","10"
"e2ec8105-2874-4736-a118-7d8649d9d15a","cost-per-hire-calculator","حاسبة تكلفة التوظيف","skill-engine-formula","engine","20"
"e6d23e49-9f0b-4f72-b69c-05f3350538ac","event-profit-calculator","حاسبة ربح الفعالية","skill-event-tools-calculation","family","10"
"e6d23e49-9f0b-4f72-b69c-05f3350538ac","event-profit-calculator","حاسبة ربح الفعالية","skill-engine-formula","engine","20"
"1c01a987-bcef-4a13-a5f5-8f5bff627c45","event-staff-ratio-calculator","حاسبة نسبة الطاقم للحضور","skill-event-tools-calculation","family","10"
"1c01a987-bcef-4a13-a5f5-8f5bff627c45","event-staff-ratio-calculator","حاسبة نسبة الطاقم للحضور","skill-engine-formula","engine","20"
"ac6f8e34-f681-4c58-b501-a9dcfbb65976","event-checkin-rate-calculator","حاسبة معدل تسجيل الدخول","skill-event-tools-calculation","family","10"
"ac6f8e34-f681-4c58-b501-a9dcfbb65976","event-checkin-rate-calculator","حاسبة معدل تسجيل الدخول","skill-engine-formula","engine","20"
"7c41cb2a-0619-4885-9352-f2230416d8e7","event-no-show-rate-calculator","حاسبة معدل عدم الحضور","skill-event-tools-calculation","family","10"
"7c41cb2a-0619-4885-9352-f2230416d8e7","event-no-show-rate-calculator","حاسبة معدل عدم الحضور","skill-engine-formula","engine","20"
"7a52c0cb-d601-4173-af81-ea69a680d8bb","booth-revenue-calculator","حاسبة إيراد الأجنحة","skill-event-tools-calculation","family","10"
"7a52c0cb-d601-4173-af81-ea69a680d8bb","booth-revenue-calculator","حاسبة إيراد الأجنحة","skill-engine-formula","engine","20"
"c481a5b6-1bd2-4a3d-8f1d-045abfd9add3","employee-turnover-rate-calculator","حاسبة معدل دوران الموظفين","skill-hr-tools-calculation","family","10"
"c481a5b6-1bd2-4a3d-8f1d-045abfd9add3","employee-turnover-rate-calculator","حاسبة معدل دوران الموظفين","skill-engine-formula","engine","20"
"3899b9ab-3c9a-424d-93e2-379e51ebc00f","employee-absence-rate-calculator","حاسبة معدل الغياب","skill-hr-tools-calculation","family","10"
"3899b9ab-3c9a-424d-93e2-379e51ebc00f","employee-absence-rate-calculator","حاسبة معدل الغياب","skill-engine-formula","engine","20"
"134e62c2-db2b-4509-82b3-53893fc56316","time-to-hire-calculator","حاسبة متوسط وقت التوظيف","skill-hr-tools-calculation","family","10"
"134e62c2-db2b-4509-82b3-53893fc56316","time-to-hire-calculator","حاسبة متوسط وقت التوظيف","skill-engine-formula","engine","20"
"e891bfc3-d2bb-4c63-8eec-072c5255c964","revenue-per-employee-calculator","حاسبة الإيراد لكل موظف","skill-hr-tools-calculation","family","10"
"e891bfc3-d2bb-4c63-8eec-072c5255c964","revenue-per-employee-calculator","حاسبة الإيراد لكل موظف","skill-engine-formula","engine","20"
"a8a59fb0-35e1-4937-91b9-ae9f789c67cd","training-cost-per-employee-calculator","حاسبة تدريب الموظف","skill-hr-tools-calculation","family","10"
"a8a59fb0-35e1-4937-91b9-ae9f789c67cd","training-cost-per-employee-calculator","حاسبة تدريب الموظف","skill-engine-formula","engine","20"
"c3e358b2-ce86-419c-9304-b5494ce4d49e","employee-retention-rate-calculator","حاسبة معدل الاحتفاظ بالموظفين","skill-hr-tools-calculation","family","10"
"c3e358b2-ce86-419c-9304-b5494ce4d49e","employee-retention-rate-calculator","حاسبة معدل الاحتفاظ بالموظفين","skill-engine-formula","engine","20"
"2d749b72-b01e-4752-911b-17bc6ce3d20b","vehicle-fuel-cost-calculator","حاسبة تكلفة وقود السيارة","skill-automotive-tools-calculation","family","10"
"2d749b72-b01e-4752-911b-17bc6ce3d20b","vehicle-fuel-cost-calculator","حاسبة تكلفة وقود السيارة","skill-engine-formula","engine","20"
"b6616634-5b94-4089-b7fc-1cad087a2035","payroll-burden-calculator","حاسبة أعباء الرواتب","skill-hr-tools-calculation","family","10"
"b6616634-5b94-4089-b7fc-1cad087a2035","payroll-burden-calculator","حاسبة أعباء الرواتب","skill-engine-formula","engine","20"
"e85ccfa8-3477-405d-b45a-920865cf70e0","vacancy-rate-calculator","حاسبة معدل الشواغر","skill-hr-tools-calculation","family","10"
"e85ccfa8-3477-405d-b45a-920865cf70e0","vacancy-rate-calculator","حاسبة معدل الشواغر","skill-engine-formula","engine","20"
"3cd81ccf-7838-40ae-a736-512e20592115","organic-ctr-calculator","حاسبة CTR العضوي","skill-seo-tools-calculation","family","10"
"3cd81ccf-7838-40ae-a736-512e20592115","organic-ctr-calculator","حاسبة CTR العضوي","skill-engine-formula","engine","20"
"d8b4b8f1-5791-4c54-8f40-7898a89635a8","organic-conversion-rate-calculator","حاسبة تحويل الزيارات العضوية","skill-seo-tools-calculation","family","10"
"d8b4b8f1-5791-4c54-8f40-7898a89635a8","organic-conversion-rate-calculator","حاسبة تحويل الزيارات العضوية","skill-engine-formula","engine","20"
"48cce6bc-ee96-42b5-9d98-fefe31bf8ccb","keyword-ranking-growth-calculator","حاسبة نمو الكلمات المتقدمة","skill-seo-tools-calculation","family","10"
"48cce6bc-ee96-42b5-9d98-fefe31bf8ccb","keyword-ranking-growth-calculator","حاسبة نمو الكلمات المتقدمة","skill-engine-formula","engine","20"
"9f65d4f4-81c2-45b0-83b1-4b6a7df2f7c4","organic-impression-growth-calculator","حاسبة نمو الظهور العضوي","skill-seo-tools-calculation","family","10"
"9f65d4f4-81c2-45b0-83b1-4b6a7df2f7c4","organic-impression-growth-calculator","حاسبة نمو الظهور العضوي","skill-engine-formula","engine","20"
"4ee1bf3b-61fa-47b6-9e2b-a59f1ee9e188","backlink-growth-rate-calculator","حاسبة نمو الروابط الخلفية","skill-seo-tools-calculation","family","10"
"4ee1bf3b-61fa-47b6-9e2b-a59f1ee9e188","backlink-growth-rate-calculator","حاسبة نمو الروابط الخلفية","skill-engine-formula","engine","20"
"e7cf9c53-1400-4b28-997f-d5c436a5d20e","seo-content-roi-calculator","حاسبة عائد محتوى SEO","skill-seo-tools-calculation","family","10"
"e7cf9c53-1400-4b28-997f-d5c436a5d20e","seo-content-roi-calculator","حاسبة عائد محتوى SEO","skill-engine-formula","engine","20"
"ba82a2e9-781e-4fff-9692-9f5d6e74ff03","cost-per-organic-lead-calculator","حاسبة تكلفة العميل العضوي المحتمل","skill-seo-tools-calculation","family","10"
"ba82a2e9-781e-4fff-9692-9f5d6e74ff03","cost-per-organic-lead-calculator","حاسبة تكلفة العميل العضوي المحتمل","skill-engine-formula","engine","20"
"355b75b2-ac08-4139-bf0d-8abec8f827de","indexed-pages-rate-calculator","حاسبة نسبة الصفحات المفهرسة","skill-seo-tools-calculation","family","10"
"355b75b2-ac08-4139-bf0d-8abec8f827de","indexed-pages-rate-calculator","حاسبة نسبة الصفحات المفهرسة","skill-engine-formula","engine","20"
"63cd3b93-a646-4910-918d-7f8640777c9e","crawl-budget-utilization-calculator","حاسبة استغلال ميزانية الزحف","skill-seo-tools-calculation","family","10"
"63cd3b93-a646-4910-918d-7f8640777c9e","crawl-budget-utilization-calculator","حاسبة استغلال ميزانية الزحف","skill-engine-formula","engine","20"
"c6e320ef-b7da-4f06-be85-a8a74eeeb92a","serp-click-share-calculator","حاسبة حصة النقر في نتائج البحث","skill-seo-tools-calculation","family","10"
"c6e320ef-b7da-4f06-be85-a8a74eeeb92a","serp-click-share-calculator","حاسبة حصة النقر في نتائج البحث","skill-engine-formula","engine","20"
"4f5f5c02-6295-4792-99d7-dac87970ab94","page-weight-calculator","حاسبة وزن الصفحة","skill-web-tools-calculation","family","10"
"4f5f5c02-6295-4792-99d7-dac87970ab94","page-weight-calculator","حاسبة وزن الصفحة","skill-engine-formula","engine","20"
"27a9f9c4-65eb-48a0-9947-e99d3246f217","monthly-bandwidth-calculator","حاسبة استهلاك النطاق الشهري","skill-web-tools-calculation","family","10"
"27a9f9c4-65eb-48a0-9947-e99d3246f217","monthly-bandwidth-calculator","حاسبة استهلاك النطاق الشهري","skill-engine-formula","engine","20"
"0357238b-e1fb-4e50-947f-3fdf677d35b3","uptime-percentage-calculator","حاسبة نسبة وقت التشغيل","skill-web-tools-calculation","family","10"
"0357238b-e1fb-4e50-947f-3fdf677d35b3","uptime-percentage-calculator","حاسبة نسبة وقت التشغيل","skill-engine-formula","engine","20"
"d37128ba-0638-4c02-87ea-9e41c612234e","api-error-rate-calculator","حاسبة معدل أخطاء API","skill-web-tools-calculation","family","10"
"d37128ba-0638-4c02-87ea-9e41c612234e","api-error-rate-calculator","حاسبة معدل أخطاء API","skill-engine-formula","engine","20"
"18d47479-1913-45c7-b56c-06cd27ebbe31","net-worth-calculator","حاسبة صافي الثروة","skill-personal-finance-tools-calculation","family","10"
"18d47479-1913-45c7-b56c-06cd27ebbe31","net-worth-calculator","حاسبة صافي الثروة","skill-engine-formula","engine","20"
"56d1f20e-2417-4475-af7b-bb19561835f3","average-response-time-calculator","حاسبة متوسط زمن الاستجابة","skill-web-tools-calculation","family","10"
"56d1f20e-2417-4475-af7b-bb19561835f3","average-response-time-calculator","حاسبة متوسط زمن الاستجابة","skill-engine-formula","engine","20"
"f9bcb18d-9852-44bc-896d-c77caf105a3e","cache-hit-rate-calculator","حاسبة معدل إصابة التخزين المؤقت","skill-web-tools-calculation","family","10"
"f9bcb18d-9852-44bc-896d-c77caf105a3e","cache-hit-rate-calculator","حاسبة معدل إصابة التخزين المؤقت","skill-engine-formula","engine","20"
"76674c37-d7fb-4128-abbb-5694d5798b05","conversion-uplift-calculator","حاسبة تحسن التحويل","skill-web-tools-calculation","family","10"
"76674c37-d7fb-4128-abbb-5694d5798b05","conversion-uplift-calculator","حاسبة تحسن التحويل","skill-engine-formula","engine","20"
"df77feab-ebeb-43d2-87cc-ca90dd8fdaf1","bounce-rate-reduction-calculator","حاسبة انخفاض معدل الارتداد","skill-web-tools-calculation","family","10"
"df77feab-ebeb-43d2-87cc-ca90dd8fdaf1","bounce-rate-reduction-calculator","حاسبة انخفاض معدل الارتداد","skill-engine-formula","engine","20"
"2b48782c-3f9c-43e4-9ba0-8268e9412ee5","server-cost-per-user-calculator","حاسبة تكلفة الخادم لكل مستخدم","skill-web-tools-calculation","family","10"
"2b48782c-3f9c-43e4-9ba0-8268e9412ee5","server-cost-per-user-calculator","حاسبة تكلفة الخادم لكل مستخدم","skill-engine-formula","engine","20"
"cdf64c62-bace-4a82-8966-c9996685c644","data-transfer-cost-calculator","حاسبة تكلفة نقل البيانات","skill-web-tools-calculation","family","10"
"cdf64c62-bace-4a82-8966-c9996685c644","data-transfer-cost-calculator","حاسبة تكلفة نقل البيانات","skill-engine-formula","engine","20"
"e65e2c22-b3b9-432a-81c2-b55a8f500aa7","font-license-cost-calculator","حاسبة تكلفة ترخيص الخط","skill-design-tools-calculation","family","10"
"e65e2c22-b3b9-432a-81c2-b55a8f500aa7","font-license-cost-calculator","حاسبة تكلفة ترخيص الخط","skill-engine-formula","engine","20"
"729af9a7-8eae-43fb-b5b4-9244ce293dc8","design-project-quote-calculator","حاسبة تسعير مشروع التصميم","skill-design-tools-calculation","family","10"
"729af9a7-8eae-43fb-b5b4-9244ce293dc8","design-project-quote-calculator","حاسبة تسعير مشروع التصميم","skill-engine-formula","engine","20"
"7a1d15ee-3e0f-45fe-b0ce-cec77e81f588","revision-cost-calculator","حاسبة تكلفة التعديلات","skill-design-tools-calculation","family","10"
"7a1d15ee-3e0f-45fe-b0ce-cec77e81f588","revision-cost-calculator","حاسبة تكلفة التعديلات","skill-engine-formula","engine","20"
"e8d9a146-f557-4a17-b604-8e6d653a2b7d","print-size-with-bleed-calculator","حاسبة المقاس مع النزف","skill-design-tools-calculation","family","10"
"e8d9a146-f557-4a17-b604-8e6d653a2b7d","print-size-with-bleed-calculator","حاسبة المقاس مع النزف","skill-engine-formula","engine","20"
"368ae09c-468a-40af-b727-88ff853482d4","pixel-width-from-dpi-calculator","حاسبة عرض البكسل من DPI","skill-design-tools-calculation","family","10"
"368ae09c-468a-40af-b727-88ff853482d4","pixel-width-from-dpi-calculator","حاسبة عرض البكسل من DPI","skill-engine-formula","engine","20"
"ebae0dda-2442-449b-8758-e48d893eac63","pixel-height-from-dpi-calculator","حاسبة ارتفاع البكسل من DPI","skill-design-tools-calculation","family","10"
"ebae0dda-2442-449b-8758-e48d893eac63","pixel-height-from-dpi-calculator","حاسبة ارتفاع البكسل من DPI","skill-engine-formula","engine","20"
"34bef29b-da29-408f-a517-8666c938955b","design-utilization-rate-calculator","حاسبة استغلال وقت المصمم","skill-design-tools-calculation","family","10"
"34bef29b-da29-408f-a517-8666c938955b","design-utilization-rate-calculator","حاسبة استغلال وقت المصمم","skill-engine-formula","engine","20"
"d2f05424-29be-4ac8-b801-9659269457a0","render-time-estimator","حاسبة زمن الرندر","skill-design-tools-estimation","family","10"
"d2f05424-29be-4ac8-b801-9659269457a0","render-time-estimator","حاسبة زمن الرندر","skill-engine-formula","engine","20"
"a1c60822-18aa-492a-ab63-011f35f6f883","print-run-cost-calculator","حاسبة تكلفة كمية الطباعة","skill-design-tools-calculation","family","10"
"a1c60822-18aa-492a-ab63-011f35f6f883","print-run-cost-calculator","حاسبة تكلفة كمية الطباعة","skill-engine-formula","engine","20"
"dfebeefd-a58c-4560-aab3-1eb6423266b5","first-response-time-calculator","حاسبة متوسط أول رد","skill-customer-service-tools-calculation","family","10"
"dfebeefd-a58c-4560-aab3-1eb6423266b5","first-response-time-calculator","حاسبة متوسط أول رد","skill-engine-formula","engine","20"
"f8c2ec5d-b7b9-43f2-b331-f521349c4874","average-resolution-time-calculator","حاسبة متوسط زمن الحل","skill-customer-service-tools-calculation","family","10"
"f8c2ec5d-b7b9-43f2-b331-f521349c4874","average-resolution-time-calculator","حاسبة متوسط زمن الحل","skill-engine-formula","engine","20"
"c631cab7-de21-4c18-a263-9892bb4572fb","csat-score-calculator","حاسبة رضا العملاء CSAT","skill-customer-service-tools-calculation","family","10"
"c631cab7-de21-4c18-a263-9892bb4572fb","csat-score-calculator","حاسبة رضا العملاء CSAT","skill-engine-formula","engine","20"
"792f3e04-0a38-4271-9980-f0ac1f64f406","nps-score-calculator","حاسبة صافي نقاط الترويج NPS","skill-customer-service-tools-calculation","family","10"
"792f3e04-0a38-4271-9980-f0ac1f64f406","nps-score-calculator","حاسبة صافي نقاط الترويج NPS","skill-engine-formula","engine","20"
"97540b60-1586-4ab4-891d-3721fe73fafd","ticket-backlog-calculator","حاسبة تراكم التذاكر","skill-customer-service-tools-calculation","family","10"
"97540b60-1586-4ab4-891d-3721fe73fafd","ticket-backlog-calculator","حاسبة تراكم التذاكر","skill-engine-formula","engine","20"
"d6c00fb9-6fd5-4a3d-ad61-61329629fd15","support-cost-per-ticket-calculator","حاسبة تكلفة الدعم لكل تذكرة","skill-customer-service-tools-calculation","family","10"
"d6c00fb9-6fd5-4a3d-ad61-61329629fd15","support-cost-per-ticket-calculator","حاسبة تكلفة الدعم لكل تذكرة","skill-engine-formula","engine","20"
"c7df5c66-fcd1-49f5-9fbc-8f7efdccf39d","self-service-deflection-rate-calculator","حاسبة تحويل الخدمة الذاتية","skill-customer-service-tools-calculation","family","10"
"c7df5c66-fcd1-49f5-9fbc-8f7efdccf39d","self-service-deflection-rate-calculator","حاسبة تحويل الخدمة الذاتية","skill-engine-formula","engine","20"
"48b53a7c-03c6-4999-8d5f-1549fb504a19","sla-compliance-rate-calculator","حاسبة الالتزام بـ SLA","skill-customer-service-tools-calculation","family","10"
"48b53a7c-03c6-4999-8d5f-1549fb504a19","sla-compliance-rate-calculator","حاسبة الالتزام بـ SLA","skill-engine-formula","engine","20"
"23e44fd9-e431-4333-91bc-caef94529bad","escalation-rate-calculator","حاسبة معدل التصعيد","skill-customer-service-tools-calculation","family","10"
"23e44fd9-e431-4333-91bc-caef94529bad","escalation-rate-calculator","حاسبة معدل التصعيد","skill-engine-formula","engine","20"
"62c1f474-92ca-40cd-a275-869b5742788e","support-agent-utilization-calculator","حاسبة استغلال موظف الدعم","skill-customer-service-tools-calculation","family","10"
"62c1f474-92ca-40cd-a275-869b5742788e","support-agent-utilization-calculator","حاسبة استغلال موظف الدعم","skill-engine-formula","engine","20"
"c4c8ea65-efcf-45ac-b576-bb3dbbef2209","monthly-savings-rate-calculator","حاسبة معدل الادخار الشهري","skill-personal-finance-tools-calculation","family","10"
"c4c8ea65-efcf-45ac-b576-bb3dbbef2209","monthly-savings-rate-calculator","حاسبة معدل الادخار الشهري","skill-engine-formula","engine","20"
"d4e5b866-aecf-42ed-a777-466ba2e16e8f","emergency-fund-months-calculator","حاسبة أشهر صندوق الطوارئ","skill-personal-finance-tools-calculation","family","10"
"d4e5b866-aecf-42ed-a777-466ba2e16e8f","emergency-fund-months-calculator","حاسبة أشهر صندوق الطوارئ","skill-engine-formula","engine","20"
"d83a7759-cc18-432c-91bb-aa7fff5aef7b","debt-to-income-ratio-calculator","حاسبة نسبة الدين إلى الدخل","skill-personal-finance-tools-calculation","family","10"
"d83a7759-cc18-432c-91bb-aa7fff5aef7b","debt-to-income-ratio-calculator","حاسبة نسبة الدين إلى الدخل","skill-engine-formula","engine","20"
"74f4f4f0-a751-4b3b-99e2-373d643fc7fa","simple-loan-interest-calculator","حاسبة الفائدة البسيطة للقرض","skill-personal-finance-tools-calculation","family","10"
"74f4f4f0-a751-4b3b-99e2-373d643fc7fa","simple-loan-interest-calculator","حاسبة الفائدة البسيطة للقرض","skill-engine-formula","engine","20"
"cdc0fb23-b113-4ebb-852c-cba397d33b95","monthly-savings-goal-calculator","حاسبة الادخار الشهري للهدف","skill-personal-finance-tools-calculation","family","10"
"cdc0fb23-b113-4ebb-852c-cba397d33b95","monthly-savings-goal-calculator","حاسبة الادخار الشهري للهدف","skill-engine-formula","engine","20"
"13d4084f-f983-40eb-984a-958963b80a19","monthly-budget-remainder-calculator","حاسبة المتبقي من الميزانية","skill-personal-finance-tools-calculation","family","10"
"13d4084f-f983-40eb-984a-958963b80a19","monthly-budget-remainder-calculator","حاسبة المتبقي من الميزانية","skill-engine-formula","engine","20"
"66dc9d1d-9754-4ad3-b761-82e24269a4e6","expense-growth-rate-calculator","حاسبة نمو المصروفات","skill-personal-finance-tools-calculation","family","10"
"66dc9d1d-9754-4ad3-b761-82e24269a4e6","expense-growth-rate-calculator","حاسبة نمو المصروفات","skill-engine-formula","engine","20"
"0334efcc-53f2-460c-b70f-01c4569cf82e","annual-subscription-cost-calculator","حاسبة تكلفة الاشتراكات السنوية","skill-personal-finance-tools-calculation","family","10"
"0334efcc-53f2-460c-b70f-01c4569cf82e","annual-subscription-cost-calculator","حاسبة تكلفة الاشتراكات السنوية","skill-engine-formula","engine","20"
"c7de5ca3-6758-43e9-9a34-ad181c711429","personal-cash-flow-calculator","حاسبة التدفق النقدي الشخصي","skill-personal-finance-tools-calculation","family","10"
"c7de5ca3-6758-43e9-9a34-ad181c711429","personal-cash-flow-calculator","حاسبة التدفق النقدي الشخصي","skill-engine-formula","engine","20"
"80f1d1f0-b291-48c4-b722-84f9d7510dc2","guest-acquisition-cost-calculator","حاسبة تكلفة اكتساب النزيل","skill-hospitality-tools-calculation","family","10"
"80f1d1f0-b291-48c4-b722-84f9d7510dc2","guest-acquisition-cost-calculator","حاسبة تكلفة اكتساب النزيل","skill-engine-formula","engine","20"
"fe78ea12-818d-42ff-b5c7-f5b4fe8d4a41","home-electricity-cost-calculator","حاسبة تكلفة كهرباء المنزل","skill-home-tools-calculation","family","10"
"fe78ea12-818d-42ff-b5c7-f5b4fe8d4a41","home-electricity-cost-calculator","حاسبة تكلفة كهرباء المنزل","skill-engine-formula","engine","20"
"d143472d-cfc6-417d-8f10-4758ff55faa9","water-bill-estimator","حاسبة فاتورة المياه","skill-home-tools-estimation","family","10"
"d143472d-cfc6-417d-8f10-4758ff55faa9","water-bill-estimator","حاسبة فاتورة المياه","skill-engine-formula","engine","20"
"a548473c-132a-4ce6-9b3c-4979e7645990","air-conditioner-monthly-cost-calculator","حاسبة تكلفة المكيف شهريًا","skill-home-tools-calculation","family","10"
"a548473c-132a-4ce6-9b3c-4979e7645990","air-conditioner-monthly-cost-calculator","حاسبة تكلفة المكيف شهريًا","skill-engine-formula","engine","20"
"36d27e9e-cc2c-4526-a043-55022caf9eb7","room-paint-cost-calculator","حاسبة تكلفة دهان الغرفة","skill-home-tools-calculation","family","10"
"36d27e9e-cc2c-4526-a043-55022caf9eb7","room-paint-cost-calculator","حاسبة تكلفة دهان الغرفة","skill-engine-formula","engine","20"
"9c74194b-6a35-4fd1-8e42-851c690d4fdc","flooring-cost-calculator","حاسبة تكلفة الأرضيات","skill-home-tools-calculation","family","10"
"9c74194b-6a35-4fd1-8e42-851c690d4fdc","flooring-cost-calculator","حاسبة تكلفة الأرضيات","skill-engine-formula","engine","20"
"546a27df-d172-4754-bf9b-a1395d8f58d5","cycling-speed-calculator","حاسبة سرعة ركوب الدراجة","skill-fitness-tools-calculation","family","10"
"546a27df-d172-4754-bf9b-a1395d8f58d5","cycling-speed-calculator","حاسبة سرعة ركوب الدراجة","skill-engine-formula","engine","20"
"16cc04b1-e39a-4566-a918-d0b3065b6c8d","home-cleaning-cost-calculator","حاسبة تكلفة تنظيف المنزل","skill-home-tools-calculation","family","10"
"16cc04b1-e39a-4566-a918-d0b3065b6c8d","home-cleaning-cost-calculator","حاسبة تكلفة تنظيف المنزل","skill-engine-formula","engine","20"
"337ae2c6-eae5-497a-88da-3470e34c6974","solar-payback-period-calculator","حاسبة فترة استرداد الطاقة الشمسية","skill-home-tools-calculation","family","10"
"337ae2c6-eae5-497a-88da-3470e34c6974","solar-payback-period-calculator","حاسبة فترة استرداد الطاقة الشمسية","skill-engine-formula","engine","20"
"02abc274-ec1a-4cdd-926d-6be7ffade0a1","home-maintenance-budget-calculator","حاسبة ميزانية صيانة المنزل","skill-home-tools-calculation","family","10"
"02abc274-ec1a-4cdd-926d-6be7ffade0a1","home-maintenance-budget-calculator","حاسبة ميزانية صيانة المنزل","skill-engine-formula","engine","20"
"209296d4-3aed-4ec8-8069-accc0dd48019","appliance-usage-cost-calculator","حاسبة تكلفة تشغيل جهاز","skill-home-tools-calculation","family","10"
"209296d4-3aed-4ec8-8069-accc0dd48019","appliance-usage-cost-calculator","حاسبة تكلفة تشغيل جهاز","skill-engine-formula","engine","20"
"420d43d6-267a-4b6c-ac14-a2e754131a9b","moving-cost-calculator","حاسبة تكلفة نقل الأثاث","skill-home-tools-calculation","family","10"
"420d43d6-267a-4b6c-ac14-a2e754131a9b","moving-cost-calculator","حاسبة تكلفة نقل الأثاث","skill-engine-formula","engine","20"
"a7b6a543-46d3-4f69-be08-74e8874b20a6","retail-gross-margin-calculator","حاسبة هامش التجزئة","skill-retail-tools-calculation","family","10"
"a7b6a543-46d3-4f69-be08-74e8874b20a6","retail-gross-margin-calculator","حاسبة هامش التجزئة","skill-engine-formula","engine","20"
"aba4d853-415f-4b7c-b3b7-688359621137","sell-through-rate-calculator","حاسبة معدل البيع من المخزون","skill-retail-tools-calculation","family","10"
"aba4d853-415f-4b7c-b3b7-688359621137","sell-through-rate-calculator","حاسبة معدل البيع من المخزون","skill-engine-formula","engine","20"
"5edb7d98-5c78-49d4-a3ac-ab0d20bed18c","retail-stockout-rate-calculator","حاسبة معدل نفاد المخزون","skill-retail-tools-calculation","family","10"
"5edb7d98-5c78-49d4-a3ac-ab0d20bed18c","retail-stockout-rate-calculator","حاسبة معدل نفاد المخزون","skill-engine-formula","engine","20"
"af3fcfbf-7d4c-4b9f-8865-c31a9dc17d68","retail-discount-impact-calculator","حاسبة أثر الخصم على الإيراد","skill-retail-tools-calculation","family","10"
"af3fcfbf-7d4c-4b9f-8865-c31a9dc17d68","retail-discount-impact-calculator","حاسبة أثر الخصم على الإيراد","skill-engine-formula","engine","20"
"df3cdb0c-ca14-4bf1-aa79-457ccb5ce1a8","sales-per-square-meter-calculator","حاسبة المبيعات لكل متر مربع","skill-retail-tools-calculation","family","10"
"df3cdb0c-ca14-4bf1-aa79-457ccb5ce1a8","sales-per-square-meter-calculator","حاسبة المبيعات لكل متر مربع","skill-engine-formula","engine","20"
"47e94de7-ff31-451e-90ea-b919d636b55d","retail-labor-productivity-calculator","حاسبة إنتاجية موظفي التجزئة","skill-retail-tools-calculation","family","10"
"47e94de7-ff31-451e-90ea-b919d636b55d","retail-labor-productivity-calculator","حاسبة إنتاجية موظفي التجزئة","skill-engine-formula","engine","20"
"0209afb9-034b-4f7a-9048-4fffe0688551","basket-size-calculator","حاسبة متوسط عدد المنتجات في السلة","skill-retail-tools-calculation","family","10"
"0209afb9-034b-4f7a-9048-4fffe0688551","basket-size-calculator","حاسبة متوسط عدد المنتجات في السلة","skill-engine-formula","engine","20"
"4f60b875-292f-4005-9e14-d9d14703e8f8","store-conversion-rate-calculator","حاسبة تحويل زوار المتجر","skill-retail-tools-calculation","family","10"
"4f60b875-292f-4005-9e14-d9d14703e8f8","store-conversion-rate-calculator","حاسبة تحويل زوار المتجر","skill-engine-formula","engine","20"
"9a2eb885-c213-4e34-8f1a-88b1f4c30488","retail-shrinkage-rate-calculator","حاسبة فاقد المخزون","skill-retail-tools-calculation","family","10"
"9a2eb885-c213-4e34-8f1a-88b1f4c30488","retail-shrinkage-rate-calculator","حاسبة فاقد المخزون","skill-engine-formula","engine","20"
"dfd0c7b6-93c0-464a-82cc-1d1ff1b44747","branch-sales-target-calculator","حاسبة هدف الفرع اليومي","skill-retail-tools-calculation","family","10"
"dfd0c7b6-93c0-464a-82cc-1d1ff1b44747","branch-sales-target-calculator","حاسبة هدف الفرع اليومي","skill-engine-formula","engine","20"
"83aae4c4-6344-42bb-9bd2-63a2994ccb1c","overall-equipment-effectiveness-calculator","حاسبة فعالية المعدات OEE","skill-manufacturing-tools-calculation","family","10"
"83aae4c4-6344-42bb-9bd2-63a2994ccb1c","overall-equipment-effectiveness-calculator","حاسبة فعالية المعدات OEE","skill-engine-formula","engine","20"
"21b16832-0085-46b5-857b-d2355f0c705d","production-yield-calculator","حاسبة عائد الإنتاج","skill-manufacturing-tools-calculation","family","10"
"21b16832-0085-46b5-857b-d2355f0c705d","production-yield-calculator","حاسبة عائد الإنتاج","skill-engine-formula","engine","20"
"026cd13c-13d5-4a8a-8f12-54ff2634e063","scrap-rate-calculator","حاسبة معدل الخردة","skill-manufacturing-tools-calculation","family","10"
"026cd13c-13d5-4a8a-8f12-54ff2634e063","scrap-rate-calculator","حاسبة معدل الخردة","skill-engine-formula","engine","20"
"fa864571-63cb-4116-84b6-905306f9ae90","manufacturing-cycle-time-calculator","حاسبة زمن دورة الإنتاج","skill-manufacturing-tools-calculation","family","10"
"fa864571-63cb-4116-84b6-905306f9ae90","manufacturing-cycle-time-calculator","حاسبة زمن دورة الإنتاج","skill-engine-formula","engine","20"
"bcfc0075-e8af-4d4f-8d65-3765b81524f5","running-pace-calculator","حاسبة وتيرة الجري","skill-fitness-tools-calculation","family","10"
"bcfc0075-e8af-4d4f-8d65-3765b81524f5","running-pace-calculator","حاسبة وتيرة الجري","skill-engine-formula","engine","20"
"b14edede-25d5-4359-bbec-45631b51d60b","production-capacity-calculator","حاسبة الطاقة الإنتاجية","skill-manufacturing-tools-calculation","family","10"
"b14edede-25d5-4359-bbec-45631b51d60b","production-capacity-calculator","حاسبة الطاقة الإنتاجية","skill-engine-formula","engine","20"
"2a2fa364-a742-4aba-994e-8c6a0774fb92","unit-production-cost-calculator","حاسبة تكلفة الوحدة الصناعية","skill-manufacturing-tools-calculation","family","10"
"2a2fa364-a742-4aba-994e-8c6a0774fb92","unit-production-cost-calculator","حاسبة تكلفة الوحدة الصناعية","skill-engine-formula","engine","20"
"a72a3e9d-3a6f-4bb1-aa97-a446e3d22eaf","machine-downtime-rate-calculator","حاسبة معدل توقف الآلة","skill-manufacturing-tools-calculation","family","10"
"a72a3e9d-3a6f-4bb1-aa97-a446e3d22eaf","machine-downtime-rate-calculator","حاسبة معدل توقف الآلة","skill-engine-formula","engine","20"
"56f4c3b0-c2f5-4d89-aaa5-8684e792a82f","defect-cost-calculator","حاسبة تكلفة العيوب","skill-manufacturing-tools-calculation","family","10"
"56f4c3b0-c2f5-4d89-aaa5-8684e792a82f","defect-cost-calculator","حاسبة تكلفة العيوب","skill-engine-formula","engine","20"
"01b5d86c-d48b-4340-8a1b-9a18526b08d3","raw-material-usage-variance-calculator","حاسبة انحراف استخدام المواد","skill-manufacturing-tools-calculation","family","10"
"01b5d86c-d48b-4340-8a1b-9a18526b08d3","raw-material-usage-variance-calculator","حاسبة انحراف استخدام المواد","skill-engine-formula","engine","20"
"4ec3160f-99f6-458c-a618-1240f7d8b0ae","manufacturing-energy-cost-per-unit-calculator","حاسبة طاقة التصنيع لكل وحدة","skill-manufacturing-tools-calculation","family","10"
"4ec3160f-99f6-458c-a618-1240f7d8b0ae","manufacturing-energy-cost-per-unit-calculator","حاسبة طاقة التصنيع لكل وحدة","skill-engine-formula","engine","20"
"57f10210-51d8-44f9-8d5b-d5235e4944dd","earned-value-calculator","حاسبة القيمة المكتسبة","skill-project-management-tools-calculation","family","10"
"57f10210-51d8-44f9-8d5b-d5235e4944dd","earned-value-calculator","حاسبة القيمة المكتسبة","skill-engine-formula","engine","20"
"c4d8a539-d656-4400-a35d-41394428d3cb","cost-performance-index-calculator","حاسبة مؤشر أداء التكلفة","skill-project-management-tools-calculation","family","10"
"c4d8a539-d656-4400-a35d-41394428d3cb","cost-performance-index-calculator","حاسبة مؤشر أداء التكلفة","skill-engine-formula","engine","20"
"ee8b390f-3252-4d32-8c41-14182f46571d","schedule-performance-index-calculator","حاسبة مؤشر أداء الجدول","skill-project-management-tools-calculation","family","10"
"ee8b390f-3252-4d32-8c41-14182f46571d","schedule-performance-index-calculator","حاسبة مؤشر أداء الجدول","skill-engine-formula","engine","20"
"74cbcbf6-7cbc-493b-a4e7-3f0cc99d92fa","project-budget-variance-calculator","حاسبة انحراف الميزانية","skill-project-management-tools-calculation","family","10"
"74cbcbf6-7cbc-493b-a4e7-3f0cc99d92fa","project-budget-variance-calculator","حاسبة انحراف الميزانية","skill-engine-formula","engine","20"
"58b4731e-6055-46fa-92e2-18265048b4e4","project-schedule-variance-days-calculator","حاسبة انحراف الجدول بالأيام","skill-project-management-tools-calculation","family","10"
"58b4731e-6055-46fa-92e2-18265048b4e4","project-schedule-variance-days-calculator","حاسبة انحراف الجدول بالأيام","skill-engine-formula","engine","20"
"30cd9df7-152b-4b56-9494-5ea8170b95e1","resource-utilization-calculator","حاسبة استغلال موارد المشروع","skill-project-management-tools-calculation","family","10"
"30cd9df7-152b-4b56-9494-5ea8170b95e1","resource-utilization-calculator","حاسبة استغلال موارد المشروع","skill-engine-formula","engine","20"
"266e3eaf-85cf-4088-ab87-eb25c4daaceb","project-risk-exposure-calculator","حاسبة التعرض للمخاطر","skill-project-management-tools-calculation","family","10"
"266e3eaf-85cf-4088-ab87-eb25c4daaceb","project-risk-exposure-calculator","حاسبة التعرض للمخاطر","skill-engine-formula","engine","20"
"9e085259-e7e4-4507-a302-7b30debbdd20","project-burn-rate-calculator","حاسبة معدل حرق الميزانية","skill-project-management-tools-calculation","family","10"
"9e085259-e7e4-4507-a302-7b30debbdd20","project-burn-rate-calculator","حاسبة معدل حرق الميزانية","skill-engine-formula","engine","20"
"73e05254-c439-4dad-bb29-f1f05b898985","estimate-at-completion-calculator","حاسبة التكلفة المتوقعة عند الإكمال","skill-project-management-tools-calculation","family","10"
"73e05254-c439-4dad-bb29-f1f05b898985","estimate-at-completion-calculator","حاسبة التكلفة المتوقعة عند الإكمال","skill-engine-formula","engine","20"
"4f205c1a-6db3-4789-b64d-05db4a2a33c3","team-velocity-calculator","حاسبة سرعة الفريق","skill-project-management-tools-calculation","family","10"
"4f205c1a-6db3-4789-b64d-05db4a2a33c3","team-velocity-calculator","حاسبة سرعة الفريق","skill-engine-formula","engine","20"
"77a4fd39-c6bd-43fe-93cf-99432fc50824","hotel-occupancy-rate-calculator","حاسبة إشغال الفندق","skill-hospitality-tools-calculation","family","10"
"77a4fd39-c6bd-43fe-93cf-99432fc50824","hotel-occupancy-rate-calculator","حاسبة إشغال الفندق","skill-engine-formula","engine","20"
"13e3c1f7-463f-453b-8667-ff3d76d821bc","average-daily-rate-calculator","حاسبة متوسط سعر الغرفة ADR","skill-hospitality-tools-calculation","family","10"
"13e3c1f7-463f-453b-8667-ff3d76d821bc","average-daily-rate-calculator","حاسبة متوسط سعر الغرفة ADR","skill-engine-formula","engine","20"
"72053958-d7b9-411a-8d6d-5549b3f1ec88","revpar-calculator","حاسبة RevPAR","skill-hospitality-tools-calculation","family","10"
"72053958-d7b9-411a-8d6d-5549b3f1ec88","revpar-calculator","حاسبة RevPAR","skill-engine-formula","engine","20"
"3ade8047-d177-4577-815c-fb2f90220bee","hotel-cancellation-rate-calculator","حاسبة معدل إلغاء الحجوزات","skill-hospitality-tools-calculation","family","10"
"3ade8047-d177-4577-815c-fb2f90220bee","hotel-cancellation-rate-calculator","حاسبة معدل إلغاء الحجوزات","skill-engine-formula","engine","20"
"c091cb4e-1dec-46e3-bf06-1278a739f24b","hotel-housekeeping-cost-per-room-calculator","حاسبة تنظيف الغرفة","skill-hospitality-tools-calculation","family","10"
"c091cb4e-1dec-46e3-bf06-1278a739f24b","hotel-housekeeping-cost-per-room-calculator","حاسبة تنظيف الغرفة","skill-engine-formula","engine","20"
"4bd6aeb4-5c71-4b5f-86e7-2589f82b87ba","hotel-labor-cost-per-occupied-room-calculator","حاسبة العمالة لكل غرفة مشغولة","skill-hospitality-tools-calculation","family","10"
"4bd6aeb4-5c71-4b5f-86e7-2589f82b87ba","hotel-labor-cost-per-occupied-room-calculator","حاسبة العمالة لكل غرفة مشغولة","skill-engine-formula","engine","20"
"a1e83f95-2cca-4290-94e9-cd9e7d876af8","hotel-food-beverage-revenue-per-guest-calculator","حاسبة إيراد الأغذية لكل نزيل","skill-hospitality-tools-calculation","family","10"
"a1e83f95-2cca-4290-94e9-cd9e7d876af8","hotel-food-beverage-revenue-per-guest-calculator","حاسبة إيراد الأغذية لكل نزيل","skill-engine-formula","engine","20"
"dbfd8dbb-155c-4793-a39c-38412d16548c","hotel-length-of-stay-calculator","حاسبة متوسط مدة الإقامة","skill-hospitality-tools-calculation","family","10"
"dbfd8dbb-155c-4793-a39c-38412d16548c","hotel-length-of-stay-calculator","حاسبة متوسط مدة الإقامة","skill-engine-formula","engine","20"
"c60ea744-f071-4960-89e7-cbcd689c6047","hotel-profit-per-room-calculator","حاسبة ربح الغرفة","skill-hospitality-tools-calculation","family","10"
"c60ea744-f071-4960-89e7-cbcd689c6047","hotel-profit-per-room-calculator","حاسبة ربح الغرفة","skill-engine-formula","engine","20"
"823ccc57-7421-4e40-a600-ee64ac753245","insurance-premium-estimator","حاسبة القسط التأميني","skill-insurance-tools-estimation","family","10"
"823ccc57-7421-4e40-a600-ee64ac753245","insurance-premium-estimator","حاسبة القسط التأميني","skill-engine-formula","engine","20"
"e317c992-d591-49cc-a9f1-d9c9ae49b184","insurance-deductible-impact-calculator","حاسبة أثر التحمل","skill-insurance-tools-calculation","family","10"
"e317c992-d591-49cc-a9f1-d9c9ae49b184","insurance-deductible-impact-calculator","حاسبة أثر التحمل","skill-engine-formula","engine","20"
"fd5cb81f-baf8-470f-8fe8-401f4389d429","claim-loss-ratio-calculator","حاسبة نسبة الخسائر التأمينية","skill-insurance-tools-calculation","family","10"
"fd5cb81f-baf8-470f-8fe8-401f4389d429","claim-loss-ratio-calculator","حاسبة نسبة الخسائر التأمينية","skill-engine-formula","engine","20"
"e3e1ea77-57ff-411c-b460-f7e840c0b92d","insurance-coverage-gap-calculator","حاسبة فجوة التغطية","skill-insurance-tools-calculation","family","10"
"e3e1ea77-57ff-411c-b460-f7e840c0b92d","insurance-coverage-gap-calculator","حاسبة فجوة التغطية","skill-engine-formula","engine","20"
"5d826bcc-1854-40a3-b7c4-72fd2e783f0c","insurance-commission-calculator","حاسبة عمولة التأمين","skill-insurance-tools-calculation","family","10"
"5d826bcc-1854-40a3-b7c4-72fd2e783f0c","insurance-commission-calculator","حاسبة عمولة التأمين","skill-engine-formula","engine","20"
"525f78de-9893-4934-b4f8-9cdf86b451d7","claim-frequency-calculator","حاسبة تكرار المطالبات","skill-insurance-tools-calculation","family","10"
"525f78de-9893-4934-b4f8-9cdf86b451d7","claim-frequency-calculator","حاسبة تكرار المطالبات","skill-engine-formula","engine","20"
"03f34dee-834c-4a8a-8f92-5338fa46ccce","average-claim-size-calculator","حاسبة متوسط المطالبة","skill-insurance-tools-calculation","family","10"
"03f34dee-834c-4a8a-8f92-5338fa46ccce","average-claim-size-calculator","حاسبة متوسط المطالبة","skill-engine-formula","engine","20"
"3d64ead3-8bfc-433a-bccc-2b0cd9417b97","policy-renewal-rate-calculator","حاسبة معدل تجديد الوثائق","skill-insurance-tools-calculation","family","10"
"3d64ead3-8bfc-433a-bccc-2b0cd9417b97","policy-renewal-rate-calculator","حاسبة معدل تجديد الوثائق","skill-engine-formula","engine","20"
"4efd24ca-266c-4dab-ba7f-80258f2c653b","insurance-cost-per-day-calculator","حاسبة تكلفة التأمين اليومية","skill-insurance-tools-calculation","family","10"
"4efd24ca-266c-4dab-ba7f-80258f2c653b","insurance-cost-per-day-calculator","حاسبة تكلفة التأمين اليومية","skill-engine-formula","engine","20"
"7d542929-da15-4d18-8fdc-8e4dcfd52d04","insurance-solvency-buffer-calculator","حاسبة هامش الملاءة المبسط","skill-insurance-tools-calculation","family","10"
"7d542929-da15-4d18-8fdc-8e4dcfd52d04","insurance-solvency-buffer-calculator","حاسبة هامش الملاءة المبسط","skill-engine-formula","engine","20"
"a7567a50-ded9-49d7-a5a7-2fc47e8619e8","electricity-demand-cost-calculator","حاسبة تكلفة الطلب الكهربائي","skill-energy-tools-calculation","family","10"
"a7567a50-ded9-49d7-a5a7-2fc47e8619e8","electricity-demand-cost-calculator","حاسبة تكلفة الطلب الكهربائي","skill-engine-formula","engine","20"
"db222a8d-657f-4842-9b92-dbd667f0c382","solar-panel-output-calculator","حاسبة إنتاج الألواح الشمسية","skill-energy-tools-calculation","family","10"
"db222a8d-657f-4842-9b92-dbd667f0c382","solar-panel-output-calculator","حاسبة إنتاج الألواح الشمسية","skill-engine-formula","engine","20"
"b69feb87-f7a8-4733-9a2f-6a5f8044a23f","battery-backup-hours-calculator","حاسبة ساعات البطارية الاحتياطية","skill-energy-tools-calculation","family","10"
"b69feb87-f7a8-4733-9a2f-6a5f8044a23f","battery-backup-hours-calculator","حاسبة ساعات البطارية الاحتياطية","skill-engine-formula","engine","20"
"e35b6031-76fd-4b45-8514-3c918e3cf4fb","power-factor-penalty-calculator","حاسبة غرامة معامل القدرة","skill-energy-tools-calculation","family","10"
"e35b6031-76fd-4b45-8514-3c918e3cf4fb","power-factor-penalty-calculator","حاسبة غرامة معامل القدرة","skill-engine-formula","engine","20"
"62aaf9a9-aa9c-47ba-8420-b8bbae3c47a4","generator-fuel-consumption-calculator","حاسبة استهلاك وقود المولد","skill-energy-tools-calculation","family","10"
"62aaf9a9-aa9c-47ba-8420-b8bbae3c47a4","generator-fuel-consumption-calculator","حاسبة استهلاك وقود المولد","skill-engine-formula","engine","20"
"64478a05-af7e-4760-8021-44a1a252e0d8","energy-cost-per-unit-calculator","حاسبة تكلفة الطاقة لكل وحدة","skill-energy-tools-calculation","family","10"
"64478a05-af7e-4760-8021-44a1a252e0d8","energy-cost-per-unit-calculator","حاسبة تكلفة الطاقة لكل وحدة","skill-engine-formula","engine","20"
"9172233e-9164-42e0-b3ec-72d072592e44","annual-energy-savings-calculator","حاسبة التوفير السنوي للطاقة","skill-energy-tools-calculation","family","10"
"9172233e-9164-42e0-b3ec-72d072592e44","annual-energy-savings-calculator","حاسبة التوفير السنوي للطاقة","skill-engine-formula","engine","20"
"fa231ba1-b288-4f44-b361-5800a97b1c55","load-factor-calculator","حاسبة معامل الحمل","skill-energy-tools-calculation","family","10"
"fa231ba1-b288-4f44-b361-5800a97b1c55","load-factor-calculator","حاسبة معامل الحمل","skill-engine-formula","engine","20"
"118d7a84-0831-42fa-86ee-ecc27187ab00","energy-intensity-calculator","حاسبة كثافة الطاقة","skill-energy-tools-calculation","family","10"
"118d7a84-0831-42fa-86ee-ecc27187ab00","energy-intensity-calculator","حاسبة كثافة الطاقة","skill-engine-formula","engine","20"
"75fc652e-2dd3-4a1f-a85d-b9be4fed33ae","peak-demand-reduction-savings-calculator","حاسبة توفير خفض الطلب الأقصى","skill-energy-tools-calculation","family","10"
"75fc652e-2dd3-4a1f-a85d-b9be4fed33ae","peak-demand-reduction-savings-calculator","حاسبة توفير خفض الطلب الأقصى","skill-engine-formula","engine","20"
"2c99411b-95aa-4ff1-a392-55c3dc816a72","security-incident-rate-calculator","حاسبة معدل الحوادث الأمنية","skill-cybersecurity-tools-calculation","family","10"
"2c99411b-95aa-4ff1-a392-55c3dc816a72","security-incident-rate-calculator","حاسبة معدل الحوادث الأمنية","skill-engine-formula","engine","20"
"2fdb79df-a0b2-4ea9-be1a-94965c869599","mean-time-to-detect-calculator","حاسبة متوسط زمن الاكتشاف MTTD","skill-cybersecurity-tools-calculation","family","10"
"2fdb79df-a0b2-4ea9-be1a-94965c869599","mean-time-to-detect-calculator","حاسبة متوسط زمن الاكتشاف MTTD","skill-engine-formula","engine","20"
"439e81d2-e6f6-486f-8950-7d48fd9b6363","mean-time-to-respond-calculator","حاسبة متوسط زمن الاستجابة MTTR","skill-cybersecurity-tools-calculation","family","10"
"439e81d2-e6f6-486f-8950-7d48fd9b6363","mean-time-to-respond-calculator","حاسبة متوسط زمن الاستجابة MTTR","skill-engine-formula","engine","20"
"52b5a692-da77-450d-98db-d6c35da92434","phishing-click-rate-calculator","حاسبة معدل النقر على التصيد","skill-cybersecurity-tools-calculation","family","10"
"52b5a692-da77-450d-98db-d6c35da92434","phishing-click-rate-calculator","حاسبة معدل النقر على التصيد","skill-engine-formula","engine","20"
"57c1f966-e94e-440b-87e7-f0004a105190","patch-compliance-rate-calculator","حاسبة الالتزام بالتحديثات","skill-cybersecurity-tools-calculation","family","10"
"57c1f966-e94e-440b-87e7-f0004a105190","patch-compliance-rate-calculator","حاسبة الالتزام بالتحديثات","skill-engine-formula","engine","20"
"d6ab898e-aae3-41f5-8ee6-15a884f707b3","vulnerability-remediation-rate-calculator","حاسبة معالجة الثغرات","skill-cybersecurity-tools-calculation","family","10"
"d6ab898e-aae3-41f5-8ee6-15a884f707b3","vulnerability-remediation-rate-calculator","حاسبة معالجة الثغرات","skill-engine-formula","engine","20"
"57da796e-d4e4-4d85-9790-9d67f6f285b9","security-awareness-completion-rate-calculator","حاسبة إكمال التوعية الأمنية","skill-cybersecurity-tools-calculation","family","10"
"57da796e-d4e4-4d85-9790-9d67f6f285b9","security-awareness-completion-rate-calculator","حاسبة إكمال التوعية الأمنية","skill-engine-formula","engine","20"
"72fd2d4e-861f-43cb-b912-0201dd4368a0","backup-success-rate-calculator","حاسبة نجاح النسخ الاحتياطي","skill-cybersecurity-tools-calculation","family","10"
"72fd2d4e-861f-43cb-b912-0201dd4368a0","backup-success-rate-calculator","حاسبة نجاح النسخ الاحتياطي","skill-engine-formula","engine","20"
"8a0e6057-1848-46c0-ac38-5ff11eb80ffc","security-risk-exposure-calculator","حاسبة التعرض للمخاطر الأمنية","skill-cybersecurity-tools-calculation","family","10"
"8a0e6057-1848-46c0-ac38-5ff11eb80ffc","security-risk-exposure-calculator","حاسبة التعرض للمخاطر الأمنية","skill-engine-formula","engine","20"
"08802ac2-9f5f-4686-a7b7-e67cbd31a436","endpoint-coverage-rate-calculator","حاسبة تغطية حماية الأجهزة","skill-cybersecurity-tools-calculation","family","10"
"08802ac2-9f5f-4686-a7b7-e67cbd31a436","endpoint-coverage-rate-calculator","حاسبة تغطية حماية الأجهزة","skill-engine-formula","engine","20"
"44f09748-437d-4bda-bd40-47d4158428fd","photo-storage-calculator","حاسبة مساحة تخزين الصور","skill-photography-tools-calculation","family","10"
"44f09748-437d-4bda-bd40-47d4158428fd","photo-storage-calculator","حاسبة مساحة تخزين الصور","skill-engine-formula","engine","20"
"17c5e388-7e91-449e-88bf-d96ca0904d53","video-storage-calculator","حاسبة مساحة تخزين الفيديو","skill-photography-tools-calculation","family","10"
"17c5e388-7e91-449e-88bf-d96ca0904d53","video-storage-calculator","حاسبة مساحة تخزين الفيديو","skill-engine-formula","engine","20"
"87a1c063-bcb2-40dd-a598-b1b892f40db1","photography-project-price-calculator","حاسبة سعر جلسة التصوير","skill-photography-tools-calculation","family","10"
"87a1c063-bcb2-40dd-a598-b1b892f40db1","photography-project-price-calculator","حاسبة سعر جلسة التصوير","skill-engine-formula","engine","20"
"6871636e-6d39-408f-bd95-1e11d22ddc63","photo-print-cost-calculator","حاسبة تكلفة طباعة الصور","skill-photography-tools-calculation","family","10"
"6871636e-6d39-408f-bd95-1e11d22ddc63","photo-print-cost-calculator","حاسبة تكلفة طباعة الصور","skill-engine-formula","engine","20"
"a65952c5-eb23-4b5d-a076-a5601966fc7b","camera-depreciation-calculator","حاسبة انخفاض قيمة الكاميرا","skill-photography-tools-calculation","family","10"
"a65952c5-eb23-4b5d-a076-a5601966fc7b","camera-depreciation-calculator","حاسبة انخفاض قيمة الكاميرا","skill-engine-formula","engine","20"
"a74ddc04-d1c3-4843-b091-b6ba0dc59f16","battery-shooting-time-calculator","حاسبة زمن التصوير بالبطاريات","skill-photography-tools-calculation","family","10"
"a74ddc04-d1c3-4843-b091-b6ba0dc59f16","battery-shooting-time-calculator","حاسبة زمن التصوير بالبطاريات","skill-engine-formula","engine","20"
"1542e3db-d393-4e28-99d7-911be028862a","image-aspect-ratio-width-calculator","حاسبة عرض الصورة حسب النسبة","skill-photography-tools-calculation","family","10"
"1542e3db-d393-4e28-99d7-911be028862a","image-aspect-ratio-width-calculator","حاسبة عرض الصورة حسب النسبة","skill-engine-formula","engine","20"
"d0b51222-bcdc-475a-955c-b340e24874d1","image-aspect-ratio-height-calculator","حاسبة ارتفاع الصورة حسب النسبة","skill-photography-tools-calculation","family","10"
"d0b51222-bcdc-475a-955c-b340e24874d1","image-aspect-ratio-height-calculator","حاسبة ارتفاع الصورة حسب النسبة","skill-engine-formula","engine","20"
"e14726f1-2f05-4442-a3d9-62514c5522d1","shooting-day-cost-calculator","حاسبة تكلفة يوم التصوير","skill-photography-tools-calculation","family","10"
"e14726f1-2f05-4442-a3d9-62514c5522d1","shooting-day-cost-calculator","حاسبة تكلفة يوم التصوير","skill-engine-formula","engine","20"
"26848dd0-e1be-41ec-a5ba-843c7d626a96","editing-time-per-photo-calculator","حاسبة وقت تعديل الصورة","skill-photography-tools-calculation","family","10"
"26848dd0-e1be-41ec-a5ba-843c7d626a96","editing-time-per-photo-calculator","حاسبة وقت تعديل الصورة","skill-engine-formula","engine","20"
"e8c839a6-7f1c-4557-b967-8ddfaeef284e","walking-distance-calculator","حاسبة مسافة المشي","skill-fitness-tools-calculation","family","10"
"e8c839a6-7f1c-4557-b967-8ddfaeef284e","walking-distance-calculator","حاسبة مسافة المشي","skill-engine-formula","engine","20"
"bf365549-8cfe-472e-b506-b5a8d157c710","workout-volume-calculator","حاسبة حجم التمرين","skill-fitness-tools-calculation","family","10"
"bf365549-8cfe-472e-b506-b5a8d157c710","workout-volume-calculator","حاسبة حجم التمرين","skill-engine-formula","engine","20"
"c6f88c62-0d13-4e2a-885e-8bcf5fe533ba","one-rep-max-estimator","حاسبة الحد الأقصى لتكرار واحد","skill-fitness-tools-estimation","family","10"
"c6f88c62-0d13-4e2a-885e-8bcf5fe533ba","one-rep-max-estimator","حاسبة الحد الأقصى لتكرار واحد","skill-engine-formula","engine","20"
"4a4c43c8-f7fc-4e21-8ba7-fb82ad39a32f","weekly-training-load-calculator","حاسبة الحمل التدريبي الأسبوعي","skill-fitness-tools-calculation","family","10"
"4a4c43c8-f7fc-4e21-8ba7-fb82ad39a32f","weekly-training-load-calculator","حاسبة الحمل التدريبي الأسبوعي","skill-engine-formula","engine","20"
"b33e773a-4dc7-4d03-85df-36295ad4f511","calories-per-workout-estimator","حاسبة السعرات في التمرين","skill-fitness-tools-estimation","family","10"
"b33e773a-4dc7-4d03-85df-36295ad4f511","calories-per-workout-estimator","حاسبة السعرات في التمرين","skill-engine-formula","engine","20"
"f76f3865-3992-4639-8c98-b1e14e9a1749","training-consistency-rate-calculator","حاسبة الالتزام بالتمرين","skill-fitness-tools-calculation","family","10"
"f76f3865-3992-4639-8c98-b1e14e9a1749","training-consistency-rate-calculator","حاسبة الالتزام بالتمرين","skill-engine-formula","engine","20"
"1ac64896-8045-4487-9752-33673bf031b9","swimming-pace-calculator","حاسبة وتيرة السباحة","skill-fitness-tools-calculation","family","10"
"1ac64896-8045-4487-9752-33673bf031b9","swimming-pace-calculator","حاسبة وتيرة السباحة","skill-engine-formula","engine","20"
"082124f0-ce35-483c-8e88-391419c61c8b","weekly-distance-goal-progress-calculator","حاسبة تقدم هدف المسافة الأسبوعي","skill-fitness-tools-calculation","family","10"
"082124f0-ce35-483c-8e88-391419c61c8b","weekly-distance-goal-progress-calculator","حاسبة تقدم هدف المسافة الأسبوعي","skill-engine-formula","engine","20"
"016d43a5-c90a-4ac1-9906-49e21c0304a2","startup-revenue-per-employee-calculator","حاسبة الإيراد لكل موظف ناشئ","skill-startup-tools-calculation","family","10"
"016d43a5-c90a-4ac1-9906-49e21c0304a2","startup-revenue-per-employee-calculator","حاسبة الإيراد لكل موظف ناشئ","skill-engine-formula","engine","20"
"93e26953-f406-40a4-8b46-ed700d165693","telecom-support-cost-per-subscriber-calculator","حاسبة دعم المشترك","skill-telecom-tools-calculation","family","10"
"93e26953-f406-40a4-8b46-ed700d165693","telecom-support-cost-per-subscriber-calculator","حاسبة دعم المشترك","skill-engine-formula","engine","20"
"7bb9d76b-8dd0-499a-b9eb-2369b9d89300","dropped-call-rate-calculator","حاسبة معدل انقطاع المكالمات","skill-telecom-tools-calculation","family","10"
"7bb9d76b-8dd0-499a-b9eb-2369b9d89300","dropped-call-rate-calculator","حاسبة معدل انقطاع المكالمات","skill-engine-formula","engine","20"
"2ad31125-f25f-4865-91ef-81ffdaa8880f","telecom-subscriber-acquisition-cost-calculator","حاسبة اكتساب مشترك","skill-telecom-tools-calculation","family","10"
"2ad31125-f25f-4865-91ef-81ffdaa8880f","telecom-subscriber-acquisition-cost-calculator","حاسبة اكتساب مشترك","skill-engine-formula","engine","20"
"70947391-0105-4836-a2e3-ecc92a85cdb3","monthly-recurring-revenue-calculator","حاسبة الإيراد الشهري المتكرر MRR","skill-saas-tools-calculation","family","10"
"70947391-0105-4836-a2e3-ecc92a85cdb3","monthly-recurring-revenue-calculator","حاسبة الإيراد الشهري المتكرر MRR","skill-engine-formula","engine","20"
"5f8d3437-10c7-42cc-9c71-34b1d10f0864","telecom-revenue-per-minute-calculator","حاسبة الإيراد لكل دقيقة اتصال","skill-telecom-tools-calculation","family","10"
"5f8d3437-10c7-42cc-9c71-34b1d10f0864","telecom-revenue-per-minute-calculator","حاسبة الإيراد لكل دقيقة اتصال","skill-engine-formula","engine","20"
"afaeef8e-2319-48a9-86cc-ed1714189053","telecom-data-usage-growth-calculator","حاسبة نمو استخدام البيانات","skill-telecom-tools-calculation","family","10"
"afaeef8e-2319-48a9-86cc-ed1714189053","telecom-data-usage-growth-calculator","حاسبة نمو استخدام البيانات","skill-engine-formula","engine","20"
"b338d992-29f0-4daf-bb90-aea7fd6c1cd3","annual-recurring-revenue-calculator","حاسبة الإيراد السنوي المتكرر ARR","skill-saas-tools-calculation","family","10"
"b338d992-29f0-4daf-bb90-aea7fd6c1cd3","annual-recurring-revenue-calculator","حاسبة الإيراد السنوي المتكرر ARR","skill-engine-formula","engine","20"
"6c8eedc1-614f-478e-a36c-d933c52fd4f1","saas-customer-churn-rate-calculator","حاسبة معدل تسرب عملاء SaaS","skill-saas-tools-calculation","family","10"
"6c8eedc1-614f-478e-a36c-d933c52fd4f1","saas-customer-churn-rate-calculator","حاسبة معدل تسرب عملاء SaaS","skill-engine-formula","engine","20"
"b6ecd5f9-6dee-4cb4-bd31-5f11d2dcf1a2","saas-revenue-churn-rate-calculator","حاسبة تسرب الإيراد","skill-saas-tools-calculation","family","10"
"b6ecd5f9-6dee-4cb4-bd31-5f11d2dcf1a2","saas-revenue-churn-rate-calculator","حاسبة تسرب الإيراد","skill-engine-formula","engine","20"
"d3d134ed-fced-4140-b283-899b8a547dca","net-revenue-retention-calculator","حاسبة صافي الاحتفاظ بالإيراد NRR","skill-saas-tools-calculation","family","10"
"d3d134ed-fced-4140-b283-899b8a547dca","net-revenue-retention-calculator","حاسبة صافي الاحتفاظ بالإيراد NRR","skill-engine-formula","engine","20"
"60cd4bca-f465-424f-a7a9-65a5a441da70","saas-arpu-calculator","حاسبة متوسط الإيراد لكل مستخدم","skill-saas-tools-calculation","family","10"
"60cd4bca-f465-424f-a7a9-65a5a441da70","saas-arpu-calculator","حاسبة متوسط الإيراد لكل مستخدم","skill-engine-formula","engine","20"
"dc910a65-dd2f-48a3-9e88-4312aed7342a","saas-cac-calculator","حاسبة تكلفة اكتساب عميل SaaS","skill-saas-tools-calculation","family","10"
"dc910a65-dd2f-48a3-9e88-4312aed7342a","saas-cac-calculator","حاسبة تكلفة اكتساب عميل SaaS","skill-engine-formula","engine","20"
"20b16a69-1cbd-4d84-985e-8b40edaafea9","saas-ltv-calculator","حاسبة قيمة عميل SaaS","skill-saas-tools-calculation","family","10"
"20b16a69-1cbd-4d84-985e-8b40edaafea9","saas-ltv-calculator","حاسبة قيمة عميل SaaS","skill-engine-formula","engine","20"
"c622c049-904f-4023-b90a-65416163eeab","saas-ltv-cac-ratio-calculator","حاسبة نسبة LTV إلى CAC","skill-saas-tools-calculation","family","10"
"c622c049-904f-4023-b90a-65416163eeab","saas-ltv-cac-ratio-calculator","حاسبة نسبة LTV إلى CAC","skill-engine-formula","engine","20"
"3b9c204d-d056-4236-9a1b-e21a7dec0056","saas-cac-payback-calculator","حاسبة فترة استرداد CAC","skill-saas-tools-calculation","family","10"
"3b9c204d-d056-4236-9a1b-e21a7dec0056","saas-cac-payback-calculator","حاسبة فترة استرداد CAC","skill-engine-formula","engine","20"
"c12d512a-c72c-4c5d-81b0-99c8a00a03cc","startup-net-burn-rate-calculator","حاسبة صافي الحرق الشهري","skill-startup-tools-calculation","family","10"
"c12d512a-c72c-4c5d-81b0-99c8a00a03cc","startup-net-burn-rate-calculator","حاسبة صافي الحرق الشهري","skill-engine-formula","engine","20"
"60566e44-e89b-435a-8af6-fc5d6dce347a","startup-runway-calculator","حاسبة مدة السيولة للشركة الناشئة","skill-startup-tools-calculation","family","10"
"60566e44-e89b-435a-8af6-fc5d6dce347a","startup-runway-calculator","حاسبة مدة السيولة للشركة الناشئة","skill-engine-formula","engine","20"
"f6d6c995-a806-4ef4-af40-59c856ca07bc","startup-gross-burn-calculator","حاسبة إجمالي الحرق","skill-startup-tools-calculation","family","10"
"f6d6c995-a806-4ef4-af40-59c856ca07bc","startup-gross-burn-calculator","حاسبة إجمالي الحرق","skill-engine-formula","engine","20"
"1960709d-00bf-4244-b855-c482ee8a8b25","rental-idle-days-calculator","حاسبة أيام التعطل","skill-rental-business-tools-calculation","family","10"
"1960709d-00bf-4244-b855-c482ee8a8b25","rental-idle-days-calculator","حاسبة أيام التعطل","skill-engine-formula","engine","20"
"2f0b96c6-cb9a-4f7f-be98-39ea0b69969a","post-money-valuation-calculator","حاسبة التقييم بعد الاستثمار","skill-startup-tools-calculation","family","10"
"2f0b96c6-cb9a-4f7f-be98-39ea0b69969a","post-money-valuation-calculator","حاسبة التقييم بعد الاستثمار","skill-engine-formula","engine","20"
"36d45854-572a-4437-afbc-568387673c3c","investor-equity-percentage-calculator","حاسبة نسبة المستثمر","skill-startup-tools-calculation","family","10"
"36d45854-572a-4437-afbc-568387673c3c","investor-equity-percentage-calculator","حاسبة نسبة المستثمر","skill-engine-formula","engine","20"
"06689057-52b3-4c4c-a76e-60303375847c","founder-dilution-calculator","حاسبة تخفيف حصة المؤسس","skill-startup-tools-calculation","family","10"
"06689057-52b3-4c4c-a76e-60303375847c","founder-dilution-calculator","حاسبة تخفيف حصة المؤسس","skill-engine-formula","engine","20"
"272a6f04-4a97-439b-be41-11a3352308c7","startup-break-even-customers-calculator","حاسبة عملاء نقطة التعادل","skill-startup-tools-calculation","family","10"
"272a6f04-4a97-439b-be41-11a3352308c7","startup-break-even-customers-calculator","حاسبة عملاء نقطة التعادل","skill-engine-formula","engine","20"
"ad797fc9-7679-41ac-8c1b-a3cdc29317a2","startup-cash-need-calculator","حاسبة الاحتياج النقدي","skill-startup-tools-calculation","family","10"
"ad797fc9-7679-41ac-8c1b-a3cdc29317a2","startup-cash-need-calculator","حاسبة الاحتياج النقدي","skill-engine-formula","engine","20"
"6865c6b2-3d82-41c9-92c1-bf611236c56b","startup-monthly-growth-rate-calculator","حاسبة النمو الشهري للشركة الناشئة","skill-startup-tools-calculation","family","10"
"6865c6b2-3d82-41c9-92c1-bf611236c56b","startup-monthly-growth-rate-calculator","حاسبة النمو الشهري للشركة الناشئة","skill-engine-formula","engine","20"
"7fcf9e1d-dcd3-48d1-9a0c-de6c5ff340cf","telecom-data-cost-per-gb-calculator","حاسبة تكلفة الجيجابايت","skill-telecom-tools-calculation","family","10"
"7fcf9e1d-dcd3-48d1-9a0c-de6c5ff340cf","telecom-data-cost-per-gb-calculator","حاسبة تكلفة الجيجابايت","skill-engine-formula","engine","20"
"1761998f-24c1-4845-b3e8-625ea259f2be","purchase-price-variance-calculator","حاسبة انحراف سعر الشراء","skill-procurement-tools-calculation","family","10"
"1761998f-24c1-4845-b3e8-625ea259f2be","purchase-price-variance-calculator","حاسبة انحراف سعر الشراء","skill-engine-formula","engine","20"
"605129da-6d6d-401f-b624-d88b53ecb7fb","procurement-savings-rate-calculator","حاسبة معدل وفورات المشتريات","skill-procurement-tools-calculation","family","10"
"605129da-6d6d-401f-b624-d88b53ecb7fb","procurement-savings-rate-calculator","حاسبة معدل وفورات المشتريات","skill-engine-formula","engine","20"
"d67919cd-cade-4ced-8cc2-528204c0dde4","supplier-defect-rate-calculator","حاسبة عيوب المورد","skill-procurement-tools-calculation","family","10"
"d67919cd-cade-4ced-8cc2-528204c0dde4","supplier-defect-rate-calculator","حاسبة عيوب المورد","skill-engine-formula","engine","20"
"2e100356-0c01-4243-b927-a7bcd7dc15e1","supplier-on-time-delivery-calculator","حاسبة التزام المورد بالتسليم","skill-procurement-tools-calculation","family","10"
"2e100356-0c01-4243-b927-a7bcd7dc15e1","supplier-on-time-delivery-calculator","حاسبة التزام المورد بالتسليم","skill-engine-formula","engine","20"
"ffbd47e5-1ba2-479c-8290-a7a684e29e5f","spend-under-management-calculator","حاسبة الإنفاق تحت الإدارة","skill-procurement-tools-calculation","family","10"
"ffbd47e5-1ba2-479c-8290-a7a684e29e5f","spend-under-management-calculator","حاسبة الإنفاق تحت الإدارة","skill-engine-formula","engine","20"
"bbd2e055-da7c-4f23-b949-a0c56d209f0a","average-procurement-order-value-calculator","حاسبة متوسط طلب الشراء","skill-procurement-tools-calculation","family","10"
"bbd2e055-da7c-4f23-b949-a0c56d209f0a","average-procurement-order-value-calculator","حاسبة متوسط طلب الشراء","skill-engine-formula","engine","20"
"432349f1-afb2-44aa-b78f-3311a6038aac","procurement-lead-time-calculator","حاسبة متوسط مدة التوريد","skill-procurement-tools-calculation","family","10"
"432349f1-afb2-44aa-b78f-3311a6038aac","procurement-lead-time-calculator","حاسبة متوسط مدة التوريد","skill-engine-formula","engine","20"
"e32ee846-e8de-4b59-a53f-11bed02af572","supplier-concentration-calculator","حاسبة تركّز الإنفاق على مورد","skill-procurement-tools-calculation","family","10"
"e32ee846-e8de-4b59-a53f-11bed02af572","supplier-concentration-calculator","حاسبة تركّز الإنفاق على مورد","skill-engine-formula","engine","20"
"57ba0516-9e78-4a87-8519-b3c10745bf00","procurement-cycle-time-calculator","حاسبة دورة الشراء","skill-procurement-tools-calculation","family","10"
"57ba0516-9e78-4a87-8519-b3c10745bf00","procurement-cycle-time-calculator","حاسبة دورة الشراء","skill-engine-formula","engine","20"
"21e63015-8b5c-42ec-b684-fbc773dc7a38","cost-avoidance-calculator","حاسبة تجنب التكلفة","skill-procurement-tools-calculation","family","10"
"21e63015-8b5c-42ec-b684-fbc773dc7a38","cost-avoidance-calculator","حاسبة تجنب التكلفة","skill-engine-formula","engine","20"
"2b47db90-8a9e-4124-be35-63e688b14dd6","defect-rate-calculator","حاسبة معدل العيوب","skill-quality-tools-calculation","family","10"
"2b47db90-8a9e-4124-be35-63e688b14dd6","defect-rate-calculator","حاسبة معدل العيوب","skill-engine-formula","engine","20"
"2cff4426-2f17-4bc0-99fd-7e165c034d3a","first-pass-yield-calculator","حاسبة العائد من المرة الأولى","skill-quality-tools-calculation","family","10"
"2cff4426-2f17-4bc0-99fd-7e165c034d3a","first-pass-yield-calculator","حاسبة العائد من المرة الأولى","skill-engine-formula","engine","20"
"45bea2d1-e4e9-4f1a-b4ac-17b6c67815d6","rework-rate-calculator","حاسبة معدل إعادة العمل","skill-quality-tools-calculation","family","10"
"45bea2d1-e4e9-4f1a-b4ac-17b6c67815d6","rework-rate-calculator","حاسبة معدل إعادة العمل","skill-engine-formula","engine","20"
"f3971f89-a219-4c56-848a-4adcf6a0ec71","customer-complaint-rate-calculator","حاسبة معدل شكاوى العملاء","skill-quality-tools-calculation","family","10"
"f3971f89-a219-4c56-848a-4adcf6a0ec71","customer-complaint-rate-calculator","حاسبة معدل شكاوى العملاء","skill-engine-formula","engine","20"
"2128ffa7-c3fa-4859-a347-be52b73641b4","cost-of-poor-quality-calculator","حاسبة تكلفة ضعف الجودة","skill-quality-tools-calculation","family","10"
"2128ffa7-c3fa-4859-a347-be52b73641b4","cost-of-poor-quality-calculator","حاسبة تكلفة ضعف الجودة","skill-engine-formula","engine","20"
"e9b17a74-0f5b-4eae-871f-cbe35c21c38d","inspection-pass-rate-calculator","حاسبة اجتياز الفحص","skill-quality-tools-calculation","family","10"
"e9b17a74-0f5b-4eae-871f-cbe35c21c38d","inspection-pass-rate-calculator","حاسبة اجتياز الفحص","skill-engine-formula","engine","20"
"4dd5791e-50af-4f85-9d2f-ba848b241ddc","defects-per-million-opportunities-calculator","حاسبة العيوب لكل مليون فرصة","skill-quality-tools-calculation","family","10"
"4dd5791e-50af-4f85-9d2f-ba848b241ddc","defects-per-million-opportunities-calculator","حاسبة العيوب لكل مليون فرصة","skill-engine-formula","engine","20"
"3e801440-4d81-4a95-b87d-9d5b262f46df","audit-finding-closure-rate-calculator","حاسبة إغلاق ملاحظات التدقيق","skill-quality-tools-calculation","family","10"
"3e801440-4d81-4a95-b87d-9d5b262f46df","audit-finding-closure-rate-calculator","حاسبة إغلاق ملاحظات التدقيق","skill-engine-formula","engine","20"
"81148d37-9e2f-42bf-988b-3be9e53edcb5","quality-loss-cost-calculator","حاسبة تكلفة فقد الجودة","skill-quality-tools-calculation","family","10"
"81148d37-9e2f-42bf-988b-3be9e53edcb5","quality-loss-cost-calculator","حاسبة تكلفة فقد الجودة","skill-engine-formula","engine","20"
"4aa86f38-348f-4b2f-9a3e-78f74053e0da","process-conformance-rate-calculator","حاسبة مطابقة العملية","skill-quality-tools-calculation","family","10"
"4aa86f38-348f-4b2f-9a3e-78f74053e0da","process-conformance-rate-calculator","حاسبة مطابقة العملية","skill-engine-formula","engine","20"
"5e667bda-9ca3-448d-9a02-3dad6dd4596c","mtbf-calculator","حاسبة متوسط الزمن بين الأعطال MTBF","skill-maintenance-tools-calculation","family","10"
"5e667bda-9ca3-448d-9a02-3dad6dd4596c","mtbf-calculator","حاسبة متوسط الزمن بين الأعطال MTBF","skill-engine-formula","engine","20"
"f7ff52aa-4940-4c95-b793-c4d4a268fce9","maintenance-mttr-calculator","حاسبة متوسط زمن الإصلاح MTTR","skill-maintenance-tools-calculation","family","10"
"f7ff52aa-4940-4c95-b793-c4d4a268fce9","maintenance-mttr-calculator","حاسبة متوسط زمن الإصلاح MTTR","skill-engine-formula","engine","20"
"875d57e1-ee76-4ac6-85eb-6ba4387a0c0f","equipment-availability-calculator","حاسبة توفر المعدات","skill-maintenance-tools-calculation","family","10"
"875d57e1-ee76-4ac6-85eb-6ba4387a0c0f","equipment-availability-calculator","حاسبة توفر المعدات","skill-engine-formula","engine","20"
"cde7a50e-e8d8-4898-bf93-9e2474b49f8e","preventive-maintenance-compliance-calculator","حاسبة الالتزام بالصيانة الوقائية","skill-maintenance-tools-calculation","family","10"
"cde7a50e-e8d8-4898-bf93-9e2474b49f8e","preventive-maintenance-compliance-calculator","حاسبة الالتزام بالصيانة الوقائية","skill-engine-formula","engine","20"
"a57fff06-a325-4839-8012-4de71c9a661b","maintenance-cost-per-asset-calculator","حاسبة تكلفة الصيانة لكل أصل","skill-maintenance-tools-calculation","family","10"
"a57fff06-a325-4839-8012-4de71c9a661b","maintenance-cost-per-asset-calculator","حاسبة تكلفة الصيانة لكل أصل","skill-engine-formula","engine","20"
"4e088332-1cd9-4658-94c6-66e048a18f60","maintenance-cost-to-replacement-value-calculator","حاسبة تكلفة الصيانة إلى قيمة الاستبدال","skill-maintenance-tools-calculation","family","10"
"4e088332-1cd9-4658-94c6-66e048a18f60","maintenance-cost-to-replacement-value-calculator","حاسبة تكلفة الصيانة إلى قيمة الاستبدال","skill-engine-formula","engine","20"
"d42363fa-e10c-4ef3-9c6a-2ea80e7044e5","planned-maintenance-rate-calculator","حاسبة نسبة الصيانة المخططة","skill-maintenance-tools-calculation","family","10"
"d42363fa-e10c-4ef3-9c6a-2ea80e7044e5","planned-maintenance-rate-calculator","حاسبة نسبة الصيانة المخططة","skill-engine-formula","engine","20"
"adeccccb-4182-43ba-88b3-26054482c178","telecom-retention-rate-calculator","حاسبة الاحتفاظ بالمشتركين","skill-telecom-tools-calculation","family","10"
"adeccccb-4182-43ba-88b3-26054482c178","telecom-retention-rate-calculator","حاسبة الاحتفاظ بالمشتركين","skill-engine-formula","engine","20"
"bd07cca9-ec3e-4f95-bcf9-403521503687","emergency-maintenance-rate-calculator","حاسبة نسبة الصيانة الطارئة","skill-maintenance-tools-calculation","family","10"
"bd07cca9-ec3e-4f95-bcf9-403521503687","emergency-maintenance-rate-calculator","حاسبة نسبة الصيانة الطارئة","skill-engine-formula","engine","20"
"ad64957b-9ef1-435e-be3d-172e5e729fc2","maintenance-backlog-weeks-calculator","حاسبة أسابيع تراكم الصيانة","skill-maintenance-tools-calculation","family","10"
"ad64957b-9ef1-435e-be3d-172e5e729fc2","maintenance-backlog-weeks-calculator","حاسبة أسابيع تراكم الصيانة","skill-engine-formula","engine","20"
"0b3a8c37-ddbc-4753-9810-44e1bc5e2c42","spare-parts-turnover-calculator","حاسبة دوران قطع الغيار","skill-maintenance-tools-calculation","family","10"
"0b3a8c37-ddbc-4753-9810-44e1bc5e2c42","spare-parts-turnover-calculator","حاسبة دوران قطع الغيار","skill-engine-formula","engine","20"
"e143eae0-e707-44b3-9cc7-be5821cb5c63","franchise-royalty-fee-calculator","حاسبة رسوم الامتياز الشهرية","skill-franchise-tools-calculation","family","10"
"e143eae0-e707-44b3-9cc7-be5821cb5c63","franchise-royalty-fee-calculator","حاسبة رسوم الامتياز الشهرية","skill-engine-formula","engine","20"
"01b9e4f2-ad65-4630-b8b5-5e9d9c5fc92e","franchise-marketing-fund-calculator","حاسبة صندوق التسويق","skill-franchise-tools-calculation","family","10"
"01b9e4f2-ad65-4630-b8b5-5e9d9c5fc92e","franchise-marketing-fund-calculator","حاسبة صندوق التسويق","skill-engine-formula","engine","20"
"24d1f921-f770-4f4a-9e1d-8c355c16b7fd","franchise-break-even-sales-calculator","حاسبة مبيعات تعادل الفرع","skill-franchise-tools-calculation","family","10"
"24d1f921-f770-4f4a-9e1d-8c355c16b7fd","franchise-break-even-sales-calculator","حاسبة مبيعات تعادل الفرع","skill-engine-formula","engine","20"
"b02c6a6d-6b8b-4ffd-971d-68490821fc09","franchise-payback-period-calculator","حاسبة فترة استرداد الفرع","skill-franchise-tools-calculation","family","10"
"b02c6a6d-6b8b-4ffd-971d-68490821fc09","franchise-payback-period-calculator","حاسبة فترة استرداد الفرع","skill-engine-formula","engine","20"
"71d873c5-0e7f-4471-b4a9-5faaf804354d","same-store-sales-growth-calculator","حاسبة نمو مبيعات الفرع القائم","skill-franchise-tools-calculation","family","10"
"71d873c5-0e7f-4471-b4a9-5faaf804354d","same-store-sales-growth-calculator","حاسبة نمو مبيعات الفرع القائم","skill-engine-formula","engine","20"
"7f7db5a4-e8fb-4771-8cbb-21a5299e6176","revenue-per-franchise-location-calculator","حاسبة الإيراد لكل فرع","skill-franchise-tools-calculation","family","10"
"7f7db5a4-e8fb-4771-8cbb-21a5299e6176","revenue-per-franchise-location-calculator","حاسبة الإيراد لكل فرع","skill-engine-formula","engine","20"
"cc24a9df-0b85-43d2-aa58-7c824cbf92be","franchise-gross-margin-calculator","حاسبة هامش الفرع","skill-franchise-tools-calculation","family","10"
"cc24a9df-0b85-43d2-aa58-7c824cbf92be","franchise-gross-margin-calculator","حاسبة هامش الفرع","skill-engine-formula","engine","20"
"21d2e6e0-22ac-475f-abd1-a74b2b9d798a","royalty-coverage-ratio-calculator","حاسبة تغطية رسوم الامتياز","skill-franchise-tools-calculation","family","10"
"21d2e6e0-22ac-475f-abd1-a74b2b9d798a","royalty-coverage-ratio-calculator","حاسبة تغطية رسوم الامتياز","skill-engine-formula","engine","20"
"9c071988-9241-42cd-acd5-121a665ddfe2","franchise-opening-cost-per-sqm-calculator","حاسبة تكلفة افتتاح الفرع لكل متر","skill-franchise-tools-calculation","family","10"
"9c071988-9241-42cd-acd5-121a665ddfe2","franchise-opening-cost-per-sqm-calculator","حاسبة تكلفة افتتاح الفرع لكل متر","skill-engine-formula","engine","20"
"cd3569a1-d9a4-492a-a51f-8a723b867c01","average-unit-volume-calculator","حاسبة متوسط مبيعات الوحدة AUV","skill-franchise-tools-calculation","family","10"
"cd3569a1-d9a4-492a-a51f-8a723b867c01","average-unit-volume-calculator","حاسبة متوسط مبيعات الوحدة AUV","skill-engine-formula","engine","20"
"c7c28184-b9a3-4e02-a463-e421df1ee353","rental-asset-yield-calculator","حاسبة عائد أصل التأجير","skill-rental-business-tools-calculation","family","10"
"c7c28184-b9a3-4e02-a463-e421df1ee353","rental-asset-yield-calculator","حاسبة عائد أصل التأجير","skill-engine-formula","engine","20"
"a109f5f3-3101-44f6-87d8-ff7ffa2dfba8","rental-utilization-rate-calculator","حاسبة استغلال أصل التأجير","skill-rental-business-tools-calculation","family","10"
"a109f5f3-3101-44f6-87d8-ff7ffa2dfba8","rental-utilization-rate-calculator","حاسبة استغلال أصل التأجير","skill-engine-formula","engine","20"
"3ccb0f97-4c0e-4c64-bc71-f8ae98a57300","rental-revenue-per-day-calculator","حاسبة إيراد يوم التأجير","skill-rental-business-tools-calculation","family","10"
"3ccb0f97-4c0e-4c64-bc71-f8ae98a57300","rental-revenue-per-day-calculator","حاسبة إيراد يوم التأجير","skill-engine-formula","engine","20"
"f8441424-fc4b-4061-9883-b778f784ec77","maintenance-cost-per-rental-calculator","حاسبة الصيانة لكل عملية تأجير","skill-rental-business-tools-calculation","family","10"
"f8441424-fc4b-4061-9883-b778f784ec77","maintenance-cost-per-rental-calculator","حاسبة الصيانة لكل عملية تأجير","skill-engine-formula","engine","20"
"c5bdd072-6bff-4983-9a05-fc3cfd9420dd","rental-damage-rate-calculator","حاسبة معدل تلف التأجير","skill-rental-business-tools-calculation","family","10"
"c5bdd072-6bff-4983-9a05-fc3cfd9420dd","rental-damage-rate-calculator","حاسبة معدل تلف التأجير","skill-engine-formula","engine","20"
"6779db37-c383-4dcb-82e2-cde261673588","rental-payback-period-calculator","حاسبة استرداد أصل التأجير","skill-rental-business-tools-calculation","family","10"
"6779db37-c383-4dcb-82e2-cde261673588","rental-payback-period-calculator","حاسبة استرداد أصل التأجير","skill-engine-formula","engine","20"
"83fe4616-b8de-4a78-9554-7392391b30ac","rental-booking-conversion-calculator","حاسبة تحويل طلبات التأجير","skill-rental-business-tools-calculation","family","10"
"83fe4616-b8de-4a78-9554-7392391b30ac","rental-booking-conversion-calculator","حاسبة تحويل طلبات التأجير","skill-engine-formula","engine","20"
"d4e09cbb-abcb-4a9e-9681-f8c192ee7d45","telecom-network-uptime-calculator","حاسبة توفر شبكة الاتصالات","skill-telecom-tools-calculation","family","10"
"d4e09cbb-abcb-4a9e-9681-f8c192ee7d45","telecom-network-uptime-calculator","حاسبة توفر شبكة الاتصالات","skill-engine-formula","engine","20"
"7fedaef6-f0b0-4749-a78a-0564d812e32d","bakery-labor-cost-per-batch-calculator","حاسبة عمالة الدفعة","skill-bakery-tools-calculation","family","10"
"7fedaef6-f0b0-4749-a78a-0564d812e32d","bakery-labor-cost-per-batch-calculator","حاسبة عمالة الدفعة","skill-engine-formula","engine","20"
"8230d9b8-e62a-40ab-b43b-677770738a23","bakery-daily-profit-calculator","حاسبة ربح المخبز اليومي","skill-bakery-tools-calculation","family","10"
"8230d9b8-e62a-40ab-b43b-677770738a23","bakery-daily-profit-calculator","حاسبة ربح المخبز اليومي","skill-engine-formula","engine","20"
"1e94f4c6-8b14-4e3a-b406-1c7386a2a9e7","telecom-arpu-calculator","حاسبة متوسط الإيراد لكل مشترك","skill-telecom-tools-calculation","family","10"
"1e94f4c6-8b14-4e3a-b406-1c7386a2a9e7","telecom-arpu-calculator","حاسبة متوسط الإيراد لكل مشترك","skill-engine-formula","engine","20"
"a233cc6c-ed3e-466f-97b4-b3d73b2a47e2","rental-late-fee-calculator","حاسبة رسوم تأخير الإرجاع","skill-rental-business-tools-calculation","family","10"
"a233cc6c-ed3e-466f-97b4-b3d73b2a47e2","rental-late-fee-calculator","حاسبة رسوم تأخير الإرجاع","skill-engine-formula","engine","20"
"ce8f64f0-1b6e-45a4-b506-2c1f4c753297","rental-fleet-revenue-per-asset-calculator","حاسبة إيراد كل أصل مؤجر","skill-rental-business-tools-calculation","family","10"
"ce8f64f0-1b6e-45a4-b506-2c1f4c753297","rental-fleet-revenue-per-asset-calculator","حاسبة إيراد كل أصل مؤجر","skill-engine-formula","engine","20"
"e31d6ea2-7c38-496f-a8f8-08d186b7828f","salon-revenue-per-chair-calculator","حاسبة إيراد كرسي الصالون","skill-salon-tools-calculation","family","10"
"e31d6ea2-7c38-496f-a8f8-08d186b7828f","salon-revenue-per-chair-calculator","حاسبة إيراد كرسي الصالون","skill-engine-formula","engine","20"
"3d0609dd-89f3-4920-880b-c85ab8c8d648","salon-chair-utilization-calculator","حاسبة استغلال كراسي الصالون","skill-salon-tools-calculation","family","10"
"3d0609dd-89f3-4920-880b-c85ab8c8d648","salon-chair-utilization-calculator","حاسبة استغلال كراسي الصالون","skill-engine-formula","engine","20"
"8f93ab7b-5ccb-4610-95d3-cfb191ef35e3","salon-average-ticket-calculator","حاسبة متوسط فاتورة الصالون","skill-salon-tools-calculation","family","10"
"8f93ab7b-5ccb-4610-95d3-cfb191ef35e3","salon-average-ticket-calculator","حاسبة متوسط فاتورة الصالون","skill-engine-formula","engine","20"
"32b14cdb-236c-486a-a5b3-bc82325e7875","salon-rebooking-rate-calculator","حاسبة إعادة الحجز","skill-salon-tools-calculation","family","10"
"32b14cdb-236c-486a-a5b3-bc82325e7875","salon-rebooking-rate-calculator","حاسبة إعادة الحجز","skill-engine-formula","engine","20"
"c16c523e-de1b-4b34-9e40-b55fc150d718","salon-product-attachment-rate-calculator","حاسبة بيع المنتجات مع الخدمات","skill-salon-tools-calculation","family","10"
"c16c523e-de1b-4b34-9e40-b55fc150d718","salon-product-attachment-rate-calculator","حاسبة بيع المنتجات مع الخدمات","skill-engine-formula","engine","20"
"107533f1-4bed-4629-8980-b87673d87ac5","salon-staff-commission-calculator","حاسبة عمولة موظف الصالون","skill-salon-tools-calculation","family","10"
"107533f1-4bed-4629-8980-b87673d87ac5","salon-staff-commission-calculator","حاسبة عمولة موظف الصالون","skill-engine-formula","engine","20"
"c92b7b6a-badd-4a28-bc89-97320de2e35e","salon-treatment-margin-calculator","حاسبة هامش خدمة الصالون","skill-salon-tools-calculation","family","10"
"c92b7b6a-badd-4a28-bc89-97320de2e35e","salon-treatment-margin-calculator","حاسبة هامش خدمة الصالون","skill-engine-formula","engine","20"
"4dd266c3-b03b-408a-b9f6-d649e44cf860","salon-no-show-rate-calculator","حاسبة عدم حضور المواعيد","skill-salon-tools-calculation","family","10"
"4dd266c3-b03b-408a-b9f6-d649e44cf860","salon-no-show-rate-calculator","حاسبة عدم حضور المواعيد","skill-engine-formula","engine","20"
"1e6069d8-158f-4cd6-b23f-4aa573fb214d","salon-daily-capacity-calculator","حاسبة طاقة مواعيد الصالون","skill-salon-tools-calculation","family","10"
"1e6069d8-158f-4cd6-b23f-4aa573fb214d","salon-daily-capacity-calculator","حاسبة طاقة مواعيد الصالون","skill-engine-formula","engine","20"
"160eae1d-47bc-44b0-8725-34562a3d9d51","telecom-subscriber-churn-calculator","حاسبة تسرب المشتركين","skill-telecom-tools-calculation","family","10"
"160eae1d-47bc-44b0-8725-34562a3d9d51","telecom-subscriber-churn-calculator","حاسبة تسرب المشتركين","skill-engine-formula","engine","20"
"dff99c90-206f-49e0-838c-439e48e0bb52","salon-break-even-appointments-calculator","حاسبة مواعيد نقطة التعادل","skill-salon-tools-calculation","family","10"
"dff99c90-206f-49e0-838c-439e48e0bb52","salon-break-even-appointments-calculator","حاسبة مواعيد نقطة التعادل","skill-engine-formula","engine","20"
"72a3bc01-2f45-479b-a147-66b1d9affba9","bakery-ingredient-cost-per-batch-calculator","حاسبة مكونات دفعة المخبز","skill-bakery-tools-calculation","family","10"
"72a3bc01-2f45-479b-a147-66b1d9affba9","bakery-ingredient-cost-per-batch-calculator","حاسبة مكونات دفعة المخبز","skill-engine-formula","engine","20"
"d20f2ee2-acaf-4564-9360-cc0acb74864e","bakery-cost-per-item-calculator","حاسبة تكلفة القطعة","skill-bakery-tools-calculation","family","10"
"d20f2ee2-acaf-4564-9360-cc0acb74864e","bakery-cost-per-item-calculator","حاسبة تكلفة القطعة","skill-engine-formula","engine","20"
"495f37f2-7d60-40e5-a214-aa4121699668","bakery-gross-margin-calculator","حاسبة هامش منتج المخبز","skill-bakery-tools-calculation","family","10"
"495f37f2-7d60-40e5-a214-aa4121699668","bakery-gross-margin-calculator","حاسبة هامش منتج المخبز","skill-engine-formula","engine","20"
"fede1926-3df9-4789-81c8-3f48c2ae194c","bakery-waste-rate-calculator","حاسبة هدر المخبز","skill-bakery-tools-calculation","family","10"
"fede1926-3df9-4789-81c8-3f48c2ae194c","bakery-waste-rate-calculator","حاسبة هدر المخبز","skill-engine-formula","engine","20"
"1ec8c8c9-87fe-4435-937a-6b44c38381bc","bakery-daily-production-capacity-calculator","حاسبة الطاقة اليومية للمخبز","skill-bakery-tools-calculation","family","10"
"1ec8c8c9-87fe-4435-937a-6b44c38381bc","bakery-daily-production-capacity-calculator","حاسبة الطاقة اليومية للمخبز","skill-engine-formula","engine","20"
"534f0ec4-476c-4228-8f71-ce1f6c66ab14","bakery-oven-utilization-calculator","حاسبة استغلال الفرن","skill-bakery-tools-calculation","family","10"
"534f0ec4-476c-4228-8f71-ce1f6c66ab14","bakery-oven-utilization-calculator","حاسبة استغلال الفرن","skill-engine-formula","engine","20"
"f784ff5e-eabc-430e-806d-9eeff4873df4","bakery-break-even-items-calculator","حاسبة قطع نقطة التعادل","skill-bakery-tools-calculation","family","10"
"f784ff5e-eabc-430e-806d-9eeff4873df4","bakery-break-even-items-calculator","حاسبة قطع نقطة التعادل","skill-engine-formula","engine","20"
"27e2aec6-0ac5-4e46-97f5-b873d2546d4a","bakery-packaging-cost-calculator","حاسبة تكلفة التغليف","skill-bakery-tools-calculation","family","10"
"27e2aec6-0ac5-4e46-97f5-b873d2546d4a","bakery-packaging-cost-calculator","حاسبة تكلفة التغليف","skill-engine-formula","engine","20"