"workflow_slug","step_order","step_key","step_name_ar","step_type","input_source","output_key","is_required"
"workflow-percentage-calculator-standard","1","validate","التحقق من القيم والوحدات","validation","user_input","validated_input","true"
"workflow-percentage-calculator-standard","2","calculate","تنفيذ المعادلة","formula","validated_input","calculation_result","true"
"workflow-percentage-calculator-standard","3","format","تقريب وتنسيق النتيجة","transform","calculation_result","final_output","true"
"workflow-ai-content-writer-quick","1","validate","التحقق من المدخلات","validation","user_input","validated_input","true"
"workflow-ai-content-writer-quick","2","prompt","بناء طلب الذكاء الاصطناعي","prompt","validated_input","prompt","true"
"workflow-ai-content-writer-quick","3","ai_run","تشغيل النموذج","ai","prompt","ai_output","true"
"workflow-ai-content-writer-quick","4","format","تنسيق النتيجة","transform","ai_output","final_output","true"
"workflow-ai-content-writer-professional","1","validate","التحقق المتقدم من المدخلات","validation","user_input","validated_input","true"
"workflow-ai-content-writer-professional","2","context","تحليل الهدف والسياق","analysis","validated_input","context","true"
"workflow-ai-content-writer-professional","3","prompt","بناء طلب احترافي","prompt","context","prompt","true"
"workflow-ai-content-writer-professional","4","ai_run","تشغيل النموذج","ai","prompt","draft_output","true"
"workflow-ai-content-writer-professional","5","quality","مراجعة الجودة","validation","draft_output","quality_output","true"
"workflow-ai-content-writer-professional","6","format","إخراج النتيجة النهائية","transform","quality_output","final_output","true"
"workflow-customer-acquisition-cost-calculator-standard","1","validate","التحقق من القيم والوحدات","validation","user_input","validated_input","true"
"workflow-customer-acquisition-cost-calculator-standard","2","calculate","تنفيذ المعادلة","formula","validated_input","calculation_result","true"
"workflow-customer-acquisition-cost-calculator-standard","3","format","تقريب وتنسيق النتيجة","transform","calculation_result","final_output","true"
"workflow-gross-profit-calculator-standard","1","validate","التحقق من القيم والوحدات","validation","user_input","validated_input","true"
"workflow-gross-profit-calculator-standard","2","calculate","تنفيذ المعادلة","formula","validated_input","calculation_result","true"
"workflow-gross-profit-calculator-standard","3","format","تقريب وتنسيق النتيجة","transform","calculation_result","final_output","true"
"workflow-conversion-rate-calculator-standard","1","validate","التحقق من القيم والوحدات","validation","user_input","validated_input","true"
"workflow-conversion-rate-calculator-standard","2","calculate","تنفيذ المعادلة","formula","validated_input","calculation_result","true"
"workflow-conversion-rate-calculator-standard","3","format","تقريب وتنسيق النتيجة","transform","calculation_result","final_output","true"
"workflow-cpa-calculator-standard","1","validate","التحقق من القيم والوحدات","validation","user_input","validated_input","true"
"workflow-cpa-calculator-standard","2","calculate","تنفيذ المعادلة","formula","validated_input","calculation_result","true"
"workflow-cpa-calculator-standard","3","format","تقريب وتنسيق النتيجة","transform","calculation_result","final_output","true"
"workflow-profit-margin-calculator-standard","1","validate","التحقق من القيم والوحدات","validation","user_input","validated_input","true"
"workflow-profit-margin-calculator-standard","2","calculate","تنفيذ المعادلة","formula","validated_input","calculation_result","true"
"workflow-profit-margin-calculator-standard","3","format","تقريب وتنسيق النتيجة","transform","calculation_result","final_output","true"
"workflow-cpm-calculator-standard","1","validate","التحقق من القيم والوحدات","validation","user_input","validated_input","true"
"workflow-cpm-calculator-standard","2","calculate","تنفيذ المعادلة","formula","validated_input","calculation_result","true"
"workflow-cpm-calculator-standard","3","format","تقريب وتنسيق النتيجة","transform","calculation_result","final_output","true"
"workflow-ctr-calculator-standard","1","validate","التحقق من القيم والوحدات","validation","user_input","validated_input","true"
"workflow-ctr-calculator-standard","2","calculate","تنفيذ المعادلة","formula","validated_input","calculation_result","true"
"workflow-ctr-calculator-standard","3","format","تقريب وتنسيق النتيجة","transform","calculation_result","final_output","true"
"workflow-discount-calculator-standard","1","validate","التحقق من القيم والوحدات","validation","user_input","validated_input","true"
"workflow-discount-calculator-standard","2","calculate","تنفيذ المعادلة","formula","validated_input","calculation_result","true"
"workflow-discount-calculator-standard","3","format","تقريب وتنسيق النتيجة","transform","calculation_result","final_output","true"
"workflow-cpc-calculator-standard","1","validate","التحقق من القيم والوحدات","validation","user_input","validated_input","true"
"workflow-cpc-calculator-standard","2","calculate","تنفيذ المعادلة","formula","validated_input","calculation_result","true"
"workflow-cpc-calculator-standard","3","format","تقريب وتنسيق النتيجة","transform","calculation_result","final_output","true"
"workflow-roas-calculator-standard","1","validate","التحقق من القيم والوحدات","validation","user_input","validated_input","true"
"workflow-roas-calculator-standard","2","calculate","تنفيذ المعادلة","formula","validated_input","calculation_result","true"
"workflow-roas-calculator-standard","3","format","تقريب وتنسيق النتيجة","transform","calculation_result","final_output","true"
"workflow-salary-increase-calculator-standard","1","validate","التحقق من القيم والوحدات","validation","user_input","validated_input","true"
"workflow-salary-increase-calculator-standard","2","calculate","تنفيذ المعادلة","formula","validated_input","calculation_result","true"
"workflow-salary-increase-calculator-standard","3","format","تقريب وتنسيق النتيجة","transform","calculation_result","final_output","true"
"workflow-break-even-calculator-standard","1","validate","التحقق من القيم والوحدات","validation","user_input","validated_input","true"
"workflow-break-even-calculator-standard","2","calculate","تنفيذ المعادلة","formula","validated_input","calculation_result","true"
"workflow-break-even-calculator-standard","3","format","تقريب وتنسيق النتيجة","transform","calculation_result","final_output","true"
"workflow-tip-calculator-standard","1","validate","التحقق من القيم والوحدات","validation","user_input","validated_input","true"
"workflow-tip-calculator-standard","2","calculate","تنفيذ المعادلة","formula","validated_input","calculation_result","true"
"workflow-tip-calculator-standard","3","format","تقريب وتنسيق النتيجة","transform","calculation_result","final_output","true"
"workflow-compound-interest-calculator-standard","1","validate","التحقق من القيم والوحدات","validation","user_input","validated_input","true"
"workflow-compound-interest-calculator-standard","2","calculate","تنفيذ المعادلة","formula","validated_input","calculation_result","true"
"workflow-compound-interest-calculator-standard","3","format","تقريب وتنسيق النتيجة","transform","calculation_result","final_output","true"
"workflow-simple-interest-calculator-standard","1","validate","التحقق من القيم والوحدات","validation","user_input","validated_input","true"
"workflow-simple-interest-calculator-standard","2","calculate","تنفيذ المعادلة","formula","validated_input","calculation_result","true"
"workflow-simple-interest-calculator-standard","3","format","تقريب وتنسيق النتيجة","transform","calculation_result","final_output","true"
"workflow-unit-price-calculator-standard","1","validate","التحقق من القيم والوحدات","validation","user_input","validated_input","true"
"workflow-unit-price-calculator-standard","2","calculate","تنفيذ المعادلة","formula","validated_input","calculation_result","true"
"workflow-unit-price-calculator-standard","3","format","تقريب وتنسيق النتيجة","transform","calculation_result","final_output","true"
"workflow-aov-calculator-standard","1","validate","التحقق من القيم والوحدات","validation","user_input","validated_input","true"
"workflow-aov-calculator-standard","2","calculate","تنفيذ المعادلة","formula","validated_input","calculation_result","true"
"workflow-aov-calculator-standard","3","format","تقريب وتنسيق النتيجة","transform","calculation_result","final_output","true"
"workflow-commission-calculator-standard","1","validate","التحقق من القيم والوحدات","validation","user_input","validated_input","true"
"workflow-commission-calculator-standard","2","calculate","تنفيذ المعادلة","formula","validated_input","calculation_result","true"
"workflow-commission-calculator-standard","3","format","تقريب وتنسيق النتيجة","transform","calculation_result","final_output","true"
"workflow-roi-calculator-standard","1","validate","التحقق من القيم والوحدات","validation","user_input","validated_input","true"
"workflow-roi-calculator-standard","2","calculate","تنفيذ المعادلة","formula","validated_input","calculation_result","true"
"workflow-roi-calculator-standard","3","format","تقريب وتنسيق النتيجة","transform","calculation_result","final_output","true"
"workflow-weighted-score-calculator-standard","1","validate","التحقق من القيم والوحدات","validation","user_input","validated_input","true"
"workflow-weighted-score-calculator-standard","2","calculate","تنفيذ المعادلة","formula","validated_input","calculation_result","true"
"workflow-weighted-score-calculator-standard","3","format","تقريب وتنسيق النتيجة","transform","calculation_result","final_output","true"
"workflow-pre-tax-price-calculator-standard","1","validate","التحقق من القيم والوحدات","validation","user_input","validated_input","true"
"workflow-pre-tax-price-calculator-standard","2","calculate","تنفيذ المعادلة","formula","validated_input","calculation_result","true"
"workflow-pre-tax-price-calculator-standard","3","format","تقريب وتنسيق النتيجة","transform","calculation_result","final_output","true"
"workflow-markup-calculator-standard","1","validate","التحقق من القيم والوحدات","validation","user_input","validated_input","true"
"workflow-markup-calculator-standard","2","calculate","تنفيذ المعادلة","formula","validated_input","calculation_result","true"
"workflow-markup-calculator-standard","3","format","تقريب وتنسيق النتيجة","transform","calculation_result","final_output","true"
"workflow-vat-calculator-standard","1","validate","التحقق من القيم والوحدات","validation","user_input","validated_input","true"
"workflow-vat-calculator-standard","2","calculate","تنفيذ المعادلة","formula","validated_input","calculation_result","true"
"workflow-vat-calculator-standard","3","format","تقريب وتنسيق النتيجة","transform","calculation_result","final_output","true"
"workflow-average-calculator-standard","1","validate","التحقق من القيم والوحدات","validation","user_input","validated_input","true"
"workflow-average-calculator-standard","2","calculate","تنفيذ المعادلة","formula","validated_input","calculation_result","true"
"workflow-average-calculator-standard","3","format","تقريب وتنسيق النتيجة","transform","calculation_result","final_output","true"
"workflow-line-sorter-standard","1","validate","التحقق من النص","validation","user_input","validated_text","true"
"workflow-line-sorter-standard","2","transform","تنفيذ التحويل","text_transform","validated_text","transformed_text","true"
"workflow-line-sorter-standard","3","preview","تجهيز النتيجة للنسخ","transform","transformed_text","final_output","true"
"workflow-reverse-text-standard","1","validate","التحقق من النص","validation","user_input","validated_text","true"
"workflow-reverse-text-standard","2","transform","تنفيذ التحويل","text_transform","validated_text","transformed_text","true"
"workflow-reverse-text-standard","3","preview","تجهيز النتيجة للنسخ","transform","transformed_text","final_output","true"
"workflow-text-case-converter-standard","1","validate","التحقق من النص","validation","user_input","validated_text","true"
"workflow-text-case-converter-standard","2","transform","تنفيذ التحويل","text_transform","validated_text","transformed_text","true"
"workflow-text-case-converter-standard","3","preview","تجهيز النتيجة للنسخ","transform","transformed_text","final_output","true"
"workflow-normalize-arabic-text-standard","1","validate","التحقق من النص","validation","user_input","validated_text","true"
"workflow-normalize-arabic-text-standard","2","transform","تنفيذ التحويل","text_transform","validated_text","transformed_text","true"
"workflow-normalize-arabic-text-standard","3","preview","تجهيز النتيجة للنسخ","transform","transformed_text","final_output","true"
"workflow-remove-diacritics-standard","1","validate","التحقق من النص","validation","user_input","validated_text","true"
"workflow-remove-diacritics-standard","2","transform","تنفيذ التحويل","text_transform","validated_text","transformed_text","true"
"workflow-remove-diacritics-standard","3","preview","تجهيز النتيجة للنسخ","transform","transformed_text","final_output","true"
"workflow-fancy-separator-generator-standard","1","validate","التحقق من النص","validation","user_input","validated_text","true"
"workflow-fancy-separator-generator-standard","2","transform","تنفيذ التحويل","text_transform","validated_text","transformed_text","true"
"workflow-fancy-separator-generator-standard","3","preview","تجهيز النتيجة للنسخ","transform","transformed_text","final_output","true"
"workflow-quote-wrapper-standard","1","validate","التحقق من النص","validation","user_input","validated_text","true"
"workflow-quote-wrapper-standard","2","transform","تنفيذ التحويل","text_transform","validated_text","transformed_text","true"
"workflow-quote-wrapper-standard","3","preview","تجهيز النتيجة للنسخ","transform","transformed_text","final_output","true"
"workflow-line-prefix-adder-standard","1","validate","التحقق من النص","validation","user_input","validated_text","true"
"workflow-line-prefix-adder-standard","2","transform","تنفيذ التحويل","text_transform","validated_text","transformed_text","true"
"workflow-line-prefix-adder-standard","3","preview","تجهيز النتيجة للنسخ","transform","transformed_text","final_output","true"
"workflow-find-replace-text-standard","1","validate","التحقق من النص","validation","user_input","validated_text","true"
"workflow-find-replace-text-standard","2","transform","تنفيذ التحويل","text_transform","validated_text","transformed_text","true"
"workflow-find-replace-text-standard","3","preview","تجهيز النتيجة للنسخ","transform","transformed_text","final_output","true"
"workflow-emoji-text-decoration-standard","1","validate","التحقق من النص","validation","user_input","validated_text","true"
"workflow-emoji-text-decoration-standard","2","transform","تنفيذ التحويل","text_transform","validated_text","transformed_text","true"
"workflow-emoji-text-decoration-standard","3","preview","تجهيز النتيجة للنسخ","transform","transformed_text","final_output","true"
"workflow-text-decoration-standard","1","validate","التحقق من النص","validation","user_input","validated_text","true"
"workflow-text-decoration-standard","2","transform","تنفيذ التحويل","text_transform","validated_text","transformed_text","true"
"workflow-text-decoration-standard","3","preview","تجهيز النتيجة للنسخ","transform","transformed_text","final_output","true"
"workflow-arabic-text-decoration-standard","1","validate","التحقق من النص","validation","user_input","validated_text","true"
"workflow-arabic-text-decoration-standard","2","transform","تنفيذ التحويل","text_transform","validated_text","transformed_text","true"
"workflow-arabic-text-decoration-standard","3","preview","تجهيز النتيجة للنسخ","transform","transformed_text","final_output","true"
"workflow-english-name-decoration-standard","1","validate","التحقق من النص","validation","user_input","validated_text","true"
"workflow-english-name-decoration-standard","2","transform","تنفيذ التحويل","text_transform","validated_text","transformed_text","true"
"workflow-english-name-decoration-standard","3","preview","تجهيز النتيجة للنسخ","transform","transformed_text","final_output","true"
"workflow-username-decoration-standard","1","validate","التحقق من النص","validation","user_input","validated_text","true"
"workflow-username-decoration-standard","2","transform","تنفيذ التحويل","text_transform","validated_text","transformed_text","true"
"workflow-username-decoration-standard","3","preview","تجهيز النتيجة للنسخ","transform","transformed_text","final_output","true"
"workflow-slug-generator-standard","1","validate","التحقق من النص","validation","user_input","validated_text","true"
"workflow-slug-generator-standard","2","transform","تنفيذ التحويل","text_transform","validated_text","transformed_text","true"
"workflow-slug-generator-standard","3","preview","تجهيز النتيجة للنسخ","transform","transformed_text","final_output","true"
"workflow-prefix-suffix-adder-standard","1","validate","التحقق من النص","validation","user_input","validated_text","true"
"workflow-prefix-suffix-adder-standard","2","transform","تنفيذ التحويل","text_transform","validated_text","transformed_text","true"
"workflow-prefix-suffix-adder-standard","3","preview","تجهيز النتيجة للنسخ","transform","transformed_text","final_output","true"
"workflow-text-repeater-standard","1","validate","التحقق من النص","validation","user_input","validated_text","true"
"workflow-text-repeater-standard","2","transform","تنفيذ التحويل","text_transform","validated_text","transformed_text","true"
"workflow-text-repeater-standard","3","preview","تجهيز النتيجة للنسخ","transform","transformed_text","final_output","true"
"workflow-duplicate-line-remover-standard","1","validate","التحقق من النص","validation","user_input","validated_text","true"
"workflow-duplicate-line-remover-standard","2","transform","تنفيذ التحويل","text_transform","validated_text","transformed_text","true"
"workflow-duplicate-line-remover-standard","3","preview","تجهيز النتيجة للنسخ","transform","transformed_text","final_output","true"
"workflow-text-counter-standard","1","validate","التحقق من النص","validation","user_input","validated_text","true"
"workflow-text-counter-standard","2","transform","تنفيذ التحويل","text_transform","validated_text","transformed_text","true"
"workflow-text-counter-standard","3","preview","تجهيز النتيجة للنسخ","transform","transformed_text","final_output","true"
"workflow-remove-line-breaks-standard","1","validate","التحقق من النص","validation","user_input","validated_text","true"
"workflow-remove-line-breaks-standard","2","transform","تنفيذ التحويل","text_transform","validated_text","transformed_text","true"
"workflow-remove-line-breaks-standard","3","preview","تجهيز النتيجة للنسخ","transform","transformed_text","final_output","true"
"workflow-hashtag-generator-standard","1","validate","التحقق من النص","validation","user_input","validated_text","true"
"workflow-hashtag-generator-standard","2","transform","تنفيذ التحويل","text_transform","validated_text","transformed_text","true"
"workflow-hashtag-generator-standard","3","preview","تجهيز النتيجة للنسخ","transform","transformed_text","final_output","true"
"workflow-punctuation-remover-standard","1","validate","التحقق من النص","validation","user_input","validated_text","true"
"workflow-punctuation-remover-standard","2","transform","تنفيذ التحويل","text_transform","validated_text","transformed_text","true"
"workflow-punctuation-remover-standard","3","preview","تجهيز النتيجة للنسخ","transform","transformed_text","final_output","true"
"workflow-whitespace-cleaner-standard","1","validate","التحقق من النص","validation","user_input","validated_text","true"
"workflow-whitespace-cleaner-standard","2","transform","تنفيذ التحويل","text_transform","validated_text","transformed_text","true"
"workflow-whitespace-cleaner-standard","3","preview","تجهيز النتيجة للنسخ","transform","transformed_text","final_output","true"
"workflow-whatsapp-message-writer-quick","1","validate","التحقق من المدخلات","validation","user_input","validated_input","true"
"workflow-whatsapp-message-writer-quick","2","prompt","بناء طلب الذكاء الاصطناعي","prompt","validated_input","prompt","true"
"workflow-whatsapp-message-writer-quick","3","ai_run","تشغيل النموذج","ai","prompt","ai_output","true"
"workflow-whatsapp-message-writer-quick","4","format","تنسيق النتيجة","transform","ai_output","final_output","true"
"workflow-whatsapp-message-writer-professional","1","validate","التحقق المتقدم من المدخلات","validation","user_input","validated_input","true"
"workflow-whatsapp-message-writer-professional","2","context","تحليل الهدف والسياق","analysis","validated_input","context","true"
"workflow-whatsapp-message-writer-professional","3","prompt","بناء طلب احترافي","prompt","context","prompt","true"
"workflow-whatsapp-message-writer-professional","4","ai_run","تشغيل النموذج","ai","prompt","draft_output","true"
"workflow-whatsapp-message-writer-professional","5","quality","مراجعة الجودة","validation","draft_output","quality_output","true"
"workflow-whatsapp-message-writer-professional","6","format","إخراج النتيجة النهائية","transform","quality_output","final_output","true"
"workflow-video-script-generator-quick","1","validate","التحقق من المدخلات","validation","user_input","validated_input","true"
"workflow-video-script-generator-quick","2","prompt","بناء طلب الذكاء الاصطناعي","prompt","validated_input","prompt","true"
"workflow-video-script-generator-quick","3","ai_run","تشغيل النموذج","ai","prompt","ai_output","true"
"workflow-video-script-generator-quick","4","format","تنسيق النتيجة","transform","ai_output","final_output","true"
"workflow-video-script-generator-professional","1","validate","التحقق المتقدم من المدخلات","validation","user_input","validated_input","true"
"workflow-video-script-generator-professional","2","context","تحليل الهدف والسياق","analysis","validated_input","context","true"
"workflow-video-script-generator-professional","3","prompt","بناء طلب احترافي","prompt","context","prompt","true"
"workflow-video-script-generator-professional","4","ai_run","تشغيل النموذج","ai","prompt","draft_output","true"
"workflow-video-script-generator-professional","5","quality","مراجعة الجودة","validation","draft_output","quality_output","true"
"workflow-video-script-generator-professional","6","format","إخراج النتيجة النهائية","transform","quality_output","final_output","true"
"workflow-social-post-generator-quick","1","validate","التحقق من المدخلات","validation","user_input","validated_input","true"
"workflow-social-post-generator-quick","2","prompt","بناء طلب الذكاء الاصطناعي","prompt","validated_input","prompt","true"
"workflow-social-post-generator-quick","3","ai_run","تشغيل النموذج","ai","prompt","ai_output","true"
"workflow-social-post-generator-quick","4","format","تنسيق النتيجة","transform","ai_output","final_output","true"
"workflow-social-post-generator-professional","1","validate","التحقق المتقدم من المدخلات","validation","user_input","validated_input","true"
"workflow-social-post-generator-professional","2","context","تحليل الهدف والسياق","analysis","validated_input","context","true"
"workflow-social-post-generator-professional","3","prompt","بناء طلب احترافي","prompt","context","prompt","true"
"workflow-social-post-generator-professional","4","ai_run","تشغيل النموذج","ai","prompt","draft_output","true"
"workflow-social-post-generator-professional","5","quality","مراجعة الجودة","validation","draft_output","quality_output","true"
"workflow-social-post-generator-professional","6","format","إخراج النتيجة النهائية","transform","quality_output","final_output","true"
"workflow-product-description-generator-quick","1","validate","التحقق من المدخلات","validation","user_input","validated_input","true"
"workflow-product-description-generator-quick","2","prompt","بناء طلب الذكاء الاصطناعي","prompt","validated_input","prompt","true"
"workflow-product-description-generator-quick","3","ai_run","تشغيل النموذج","ai","prompt","ai_output","true"
"workflow-product-description-generator-quick","4","format","تنسيق النتيجة","transform","ai_output","final_output","true"
"workflow-product-description-generator-professional","1","validate","التحقق المتقدم من المدخلات","validation","user_input","validated_input","true"
"workflow-product-description-generator-professional","2","context","تحليل الهدف والسياق","analysis","validated_input","context","true"
"workflow-product-description-generator-professional","3","prompt","بناء طلب احترافي","prompt","context","prompt","true"
"workflow-product-description-generator-professional","4","ai_run","تشغيل النموذج","ai","prompt","draft_output","true"
"workflow-product-description-generator-professional","5","quality","مراجعة الجودة","validation","draft_output","quality_output","true"
"workflow-product-description-generator-professional","6","format","إخراج النتيجة النهائية","transform","quality_output","final_output","true"
"workflow-text-summarizer-quick","1","validate","التحقق من المدخلات","validation","user_input","validated_input","true"
"workflow-text-summarizer-quick","2","prompt","بناء طلب الذكاء الاصطناعي","prompt","validated_input","prompt","true"
"workflow-text-summarizer-quick","3","ai_run","تشغيل النموذج","ai","prompt","ai_output","true"
"workflow-text-summarizer-quick","4","format","تنسيق النتيجة","transform","ai_output","final_output","true"
"workflow-text-summarizer-professional","1","validate","التحقق المتقدم من المدخلات","validation","user_input","validated_input","true"
"workflow-text-summarizer-professional","2","context","تحليل الهدف والسياق","analysis","validated_input","context","true"
"workflow-text-summarizer-professional","3","prompt","بناء طلب احترافي","prompt","context","prompt","true"
"workflow-text-summarizer-professional","4","ai_run","تشغيل النموذج","ai","prompt","draft_output","true"
"workflow-text-summarizer-professional","5","quality","مراجعة الجودة","validation","draft_output","quality_output","true"
"workflow-text-summarizer-professional","6","format","إخراج النتيجة النهائية","transform","quality_output","final_output","true"
"workflow-content-rewriter-quick","1","validate","التحقق من المدخلات","validation","user_input","validated_input","true"
"workflow-content-rewriter-quick","2","prompt","بناء طلب الذكاء الاصطناعي","prompt","validated_input","prompt","true"
"workflow-content-rewriter-quick","3","ai_run","تشغيل النموذج","ai","prompt","ai_output","true"
"workflow-content-rewriter-quick","4","format","تنسيق النتيجة","transform","ai_output","final_output","true"
"workflow-content-rewriter-professional","1","validate","التحقق المتقدم من المدخلات","validation","user_input","validated_input","true"
"workflow-content-rewriter-professional","2","context","تحليل الهدف والسياق","analysis","validated_input","context","true"
"workflow-content-rewriter-professional","3","prompt","بناء طلب احترافي","prompt","context","prompt","true"
"workflow-content-rewriter-professional","4","ai_run","تشغيل النموذج","ai","prompt","draft_output","true"
"workflow-content-rewriter-professional","5","quality","مراجعة الجودة","validation","draft_output","quality_output","true"
"workflow-content-rewriter-professional","6","format","إخراج النتيجة النهائية","transform","quality_output","final_output","true"
"workflow-content-writing-assistant-quick","1","validate","التحقق من المدخلات","validation","user_input","validated_input","true"
"workflow-content-writing-assistant-quick","2","prompt","بناء طلب الذكاء الاصطناعي","prompt","validated_input","prompt","true"
"workflow-content-writing-assistant-quick","3","ai_run","تشغيل النموذج","ai","prompt","ai_output","true"
"workflow-content-writing-assistant-quick","4","format","تنسيق النتيجة","transform","ai_output","final_output","true"
"workflow-content-writing-assistant-professional","1","validate","التحقق المتقدم من المدخلات","validation","user_input","validated_input","true"
"workflow-content-writing-assistant-professional","2","context","تحليل الهدف والسياق","analysis","validated_input","context","true"
"workflow-content-writing-assistant-professional","3","prompt","بناء طلب احترافي","prompt","context","prompt","true"
"workflow-content-writing-assistant-professional","4","ai_run","تشغيل النموذج","ai","prompt","draft_output","true"
"workflow-content-writing-assistant-professional","5","quality","مراجعة الجودة","validation","draft_output","quality_output","true"
"workflow-content-writing-assistant-professional","6","format","إخراج النتيجة النهائية","transform","quality_output","final_output","true"
"workflow-ad-copy-generator-quick","1","validate","التحقق من المدخلات","validation","user_input","validated_input","true"
"workflow-ad-copy-generator-quick","2","prompt","بناء طلب الذكاء الاصطناعي","prompt","validated_input","prompt","true"
"workflow-ad-copy-generator-quick","3","ai_run","تشغيل النموذج","ai","prompt","ai_output","true"
"workflow-ad-copy-generator-quick","4","format","تنسيق النتيجة","transform","ai_output","final_output","true"
"workflow-ad-copy-generator-professional","1","validate","التحقق المتقدم من المدخلات","validation","user_input","validated_input","true"
"workflow-ad-copy-generator-professional","2","context","تحليل الهدف والسياق","analysis","validated_input","context","true"
"workflow-ad-copy-generator-professional","3","prompt","بناء طلب احترافي","prompt","context","prompt","true"
"workflow-ad-copy-generator-professional","4","ai_run","تشغيل النموذج","ai","prompt","draft_output","true"
"workflow-ad-copy-generator-professional","5","quality","مراجعة الجودة","validation","draft_output","quality_output","true"
"workflow-ad-copy-generator-professional","6","format","إخراج النتيجة النهائية","transform","quality_output","final_output","true"
"workflow-proposal-writer-quick","1","validate","التحقق من المدخلات","validation","user_input","validated_input","true"
"workflow-proposal-writer-quick","2","prompt","بناء طلب الذكاء الاصطناعي","prompt","validated_input","prompt","true"
"workflow-proposal-writer-quick","3","ai_run","تشغيل النموذج","ai","prompt","ai_output","true"
"workflow-proposal-writer-quick","4","format","تنسيق النتيجة","transform","ai_output","final_output","true"
"workflow-proposal-writer-professional","1","validate","التحقق المتقدم من المدخلات","validation","user_input","validated_input","true"
"workflow-proposal-writer-professional","2","context","تحليل الهدف والسياق","analysis","validated_input","context","true"
"workflow-proposal-writer-professional","3","prompt","بناء طلب احترافي","prompt","context","prompt","true"
"workflow-proposal-writer-professional","4","ai_run","تشغيل النموذج","ai","prompt","draft_output","true"
"workflow-proposal-writer-professional","5","quality","مراجعة الجودة","validation","draft_output","quality_output","true"
"workflow-proposal-writer-professional","6","format","إخراج النتيجة النهائية","transform","quality_output","final_output","true"
"workflow-meeting-summary-generator-quick","1","validate","التحقق من المدخلات","validation","user_input","validated_input","true"
"workflow-meeting-summary-generator-quick","2","prompt","بناء طلب الذكاء الاصطناعي","prompt","validated_input","prompt","true"
"workflow-meeting-summary-generator-quick","3","ai_run","تشغيل النموذج","ai","prompt","ai_output","true"
"workflow-meeting-summary-generator-quick","4","format","تنسيق النتيجة","transform","ai_output","final_output","true"
"workflow-meeting-summary-generator-professional","1","validate","التحقق المتقدم من المدخلات","validation","user_input","validated_input","true"
"workflow-meeting-summary-generator-professional","2","context","تحليل الهدف والسياق","analysis","validated_input","context","true"
"workflow-meeting-summary-generator-professional","3","prompt","بناء طلب احترافي","prompt","context","prompt","true"
"workflow-meeting-summary-generator-professional","4","ai_run","تشغيل النموذج","ai","prompt","draft_output","true"
"workflow-meeting-summary-generator-professional","5","quality","مراجعة الجودة","validation","draft_output","quality_output","true"
"workflow-meeting-summary-generator-professional","6","format","إخراج النتيجة النهائية","transform","quality_output","final_output","true"
"workflow-keyword-cluster-generator-quick","1","validate","التحقق من المدخلات","validation","user_input","validated_input","true"
"workflow-keyword-cluster-generator-quick","2","prompt","بناء طلب الذكاء الاصطناعي","prompt","validated_input","prompt","true"
"workflow-keyword-cluster-generator-quick","3","ai_run","تشغيل النموذج","ai","prompt","ai_output","true"
"workflow-keyword-cluster-generator-quick","4","format","تنسيق النتيجة","transform","ai_output","final_output","true"
"workflow-keyword-cluster-generator-professional","1","validate","التحقق المتقدم من المدخلات","validation","user_input","validated_input","true"
"workflow-keyword-cluster-generator-professional","2","context","تحليل الهدف والسياق","analysis","validated_input","context","true"
"workflow-keyword-cluster-generator-professional","3","prompt","بناء طلب احترافي","prompt","context","prompt","true"
"workflow-keyword-cluster-generator-professional","4","ai_run","تشغيل النموذج","ai","prompt","draft_output","true"
"workflow-keyword-cluster-generator-professional","5","quality","مراجعة الجودة","validation","draft_output","quality_output","true"
"workflow-keyword-cluster-generator-professional","6","format","إخراج النتيجة النهائية","transform","quality_output","final_output","true"
"workflow-blog-outline-generator-quick","1","validate","التحقق من المدخلات","validation","user_input","validated_input","true"
"workflow-blog-outline-generator-quick","2","prompt","بناء طلب الذكاء الاصطناعي","prompt","validated_input","prompt","true"
"workflow-blog-outline-generator-quick","3","ai_run","تشغيل النموذج","ai","prompt","ai_output","true"
"workflow-blog-outline-generator-quick","4","format","تنسيق النتيجة","transform","ai_output","final_output","true"
"workflow-blog-outline-generator-professional","1","validate","التحقق المتقدم من المدخلات","validation","user_input","validated_input","true"
"workflow-blog-outline-generator-professional","2","context","تحليل الهدف والسياق","analysis","validated_input","context","true"
"workflow-blog-outline-generator-professional","3","prompt","بناء طلب احترافي","prompt","context","prompt","true"
"workflow-blog-outline-generator-professional","4","ai_run","تشغيل النموذج","ai","prompt","draft_output","true"
"workflow-blog-outline-generator-professional","5","quality","مراجعة الجودة","validation","draft_output","quality_output","true"
"workflow-blog-outline-generator-professional","6","format","إخراج النتيجة النهائية","transform","quality_output","final_output","true"
"workflow-seo-title-description-generator-quick","1","validate","التحقق من المدخلات","validation","user_input","validated_input","true"
"workflow-seo-title-description-generator-quick","2","prompt","بناء طلب الذكاء الاصطناعي","prompt","validated_input","prompt","true"
"workflow-seo-title-description-generator-quick","3","ai_run","تشغيل النموذج","ai","prompt","ai_output","true"
"workflow-seo-title-description-generator-quick","4","format","تنسيق النتيجة","transform","ai_output","final_output","true"
"workflow-seo-title-description-generator-professional","1","validate","التحقق المتقدم من المدخلات","validation","user_input","validated_input","true"
"workflow-seo-title-description-generator-professional","2","context","تحليل الهدف والسياق","analysis","validated_input","context","true"
"workflow-seo-title-description-generator-professional","3","prompt","بناء طلب احترافي","prompt","context","prompt","true"
"workflow-seo-title-description-generator-professional","4","ai_run","تشغيل النموذج","ai","prompt","draft_output","true"
"workflow-seo-title-description-generator-professional","5","quality","مراجعة الجودة","validation","draft_output","quality_output","true"
"workflow-seo-title-description-generator-professional","6","format","إخراج النتيجة النهائية","transform","quality_output","final_output","true"
"workflow-youtube-description-generator-quick","1","validate","التحقق من المدخلات","validation","user_input","validated_input","true"
"workflow-youtube-description-generator-quick","2","prompt","بناء طلب الذكاء الاصطناعي","prompt","validated_input","prompt","true"
"workflow-youtube-description-generator-quick","3","ai_run","تشغيل النموذج","ai","prompt","ai_output","true"
"workflow-youtube-description-generator-quick","4","format","تنسيق النتيجة","transform","ai_output","final_output","true"
"workflow-youtube-description-generator-professional","1","validate","التحقق المتقدم من المدخلات","validation","user_input","validated_input","true"
"workflow-youtube-description-generator-professional","2","context","تحليل الهدف والسياق","analysis","validated_input","context","true"
"workflow-youtube-description-generator-professional","3","prompt","بناء طلب احترافي","prompt","context","prompt","true"
"workflow-youtube-description-generator-professional","4","ai_run","تشغيل النموذج","ai","prompt","draft_output","true"
"workflow-youtube-description-generator-professional","5","quality","مراجعة الجودة","validation","draft_output","quality_output","true"
"workflow-youtube-description-generator-professional","6","format","إخراج النتيجة النهائية","transform","quality_output","final_output","true"
"workflow-call-to-action-generator-quick","1","validate","التحقق من المدخلات","validation","user_input","validated_input","true"
"workflow-call-to-action-generator-quick","2","prompt","بناء طلب الذكاء الاصطناعي","prompt","validated_input","prompt","true"
"workflow-call-to-action-generator-quick","3","ai_run","تشغيل النموذج","ai","prompt","ai_output","true"
"workflow-call-to-action-generator-quick","4","format","تنسيق النتيجة","transform","ai_output","final_output","true"
"workflow-call-to-action-generator-professional","1","validate","التحقق المتقدم من المدخلات","validation","user_input","validated_input","true"
"workflow-call-to-action-generator-professional","2","context","تحليل الهدف والسياق","analysis","validated_input","context","true"
"workflow-call-to-action-generator-professional","3","prompt","بناء طلب احترافي","prompt","context","prompt","true"
"workflow-call-to-action-generator-professional","4","ai_run","تشغيل النموذج","ai","prompt","draft_output","true"
"workflow-call-to-action-generator-professional","5","quality","مراجعة الجودة","validation","draft_output","quality_output","true"
"workflow-call-to-action-generator-professional","6","format","إخراج النتيجة النهائية","transform","quality_output","final_output","true"
"workflow-youtube-title-generator-quick","1","validate","التحقق من المدخلات","validation","user_input","validated_input","true"
"workflow-youtube-title-generator-quick","2","prompt","بناء طلب الذكاء الاصطناعي","prompt","validated_input","prompt","true"
"workflow-youtube-title-generator-quick","3","ai_run","تشغيل النموذج","ai","prompt","ai_output","true"
"workflow-youtube-title-generator-quick","4","format","تنسيق النتيجة","transform","ai_output","final_output","true"
"workflow-youtube-title-generator-professional","1","validate","التحقق المتقدم من المدخلات","validation","user_input","validated_input","true"
"workflow-youtube-title-generator-professional","2","context","تحليل الهدف والسياق","analysis","validated_input","context","true"
"workflow-youtube-title-generator-professional","3","prompt","بناء طلب احترافي","prompt","context","prompt","true"
"workflow-youtube-title-generator-professional","4","ai_run","تشغيل النموذج","ai","prompt","draft_output","true"
"workflow-youtube-title-generator-professional","5","quality","مراجعة الجودة","validation","draft_output","quality_output","true"
"workflow-youtube-title-generator-professional","6","format","إخراج النتيجة النهائية","transform","quality_output","final_output","true"
"workflow-customer-service-reply-generator-quick","1","validate","التحقق من المدخلات","validation","user_input","validated_input","true"
"workflow-customer-service-reply-generator-quick","2","prompt","بناء طلب الذكاء الاصطناعي","prompt","validated_input","prompt","true"
"workflow-customer-service-reply-generator-quick","3","ai_run","تشغيل النموذج","ai","prompt","ai_output","true"
"workflow-customer-service-reply-generator-quick","4","format","تنسيق النتيجة","transform","ai_output","final_output","true"
"workflow-customer-service-reply-generator-professional","1","validate","التحقق المتقدم من المدخلات","validation","user_input","validated_input","true"
"workflow-customer-service-reply-generator-professional","2","context","تحليل الهدف والسياق","analysis","validated_input","context","true"
"workflow-customer-service-reply-generator-professional","3","prompt","بناء طلب احترافي","prompt","context","prompt","true"
"workflow-customer-service-reply-generator-professional","4","ai_run","تشغيل النموذج","ai","prompt","draft_output","true"
"workflow-customer-service-reply-generator-professional","5","quality","مراجعة الجودة","validation","draft_output","quality_output","true"
"workflow-customer-service-reply-generator-professional","6","format","إخراج النتيجة النهائية","transform","quality_output","final_output","true"
"workflow-x-post-generator-quick","1","validate","التحقق من المدخلات","validation","user_input","validated_input","true"
"workflow-x-post-generator-quick","2","prompt","بناء طلب الذكاء الاصطناعي","prompt","validated_input","prompt","true"
"workflow-x-post-generator-quick","3","ai_run","تشغيل النموذج","ai","prompt","ai_output","true"
"workflow-x-post-generator-quick","4","format","تنسيق النتيجة","transform","ai_output","final_output","true"
"workflow-x-post-generator-professional","1","validate","التحقق المتقدم من المدخلات","validation","user_input","validated_input","true"
"workflow-x-post-generator-professional","2","context","تحليل الهدف والسياق","analysis","validated_input","context","true"
"workflow-x-post-generator-professional","3","prompt","بناء طلب احترافي","prompt","context","prompt","true"
"workflow-x-post-generator-professional","4","ai_run","تشغيل النموذج","ai","prompt","draft_output","true"
"workflow-x-post-generator-professional","5","quality","مراجعة الجودة","validation","draft_output","quality_output","true"
"workflow-x-post-generator-professional","6","format","إخراج النتيجة النهائية","transform","quality_output","final_output","true"
"workflow-linkedin-post-generator-quick","1","validate","التحقق من المدخلات","validation","user_input","validated_input","true"
"workflow-linkedin-post-generator-quick","2","prompt","بناء طلب الذكاء الاصطناعي","prompt","validated_input","prompt","true"
"workflow-linkedin-post-generator-quick","3","ai_run","تشغيل النموذج","ai","prompt","ai_output","true"
"workflow-linkedin-post-generator-quick","4","format","تنسيق النتيجة","transform","ai_output","final_output","true"
"workflow-linkedin-post-generator-professional","1","validate","التحقق المتقدم من المدخلات","validation","user_input","validated_input","true"
"workflow-linkedin-post-generator-professional","2","context","تحليل الهدف والسياق","analysis","validated_input","context","true"
"workflow-linkedin-post-generator-professional","3","prompt","بناء طلب احترافي","prompt","context","prompt","true"
"workflow-linkedin-post-generator-professional","4","ai_run","تشغيل النموذج","ai","prompt","draft_output","true"
"workflow-linkedin-post-generator-professional","5","quality","مراجعة الجودة","validation","draft_output","quality_output","true"
"workflow-linkedin-post-generator-professional","6","format","إخراج النتيجة النهائية","transform","quality_output","final_output","true"
"workflow-tiktok-caption-generator-quick","1","validate","التحقق من المدخلات","validation","user_input","validated_input","true"
"workflow-tiktok-caption-generator-quick","2","prompt","بناء طلب الذكاء الاصطناعي","prompt","validated_input","prompt","true"
"workflow-tiktok-caption-generator-quick","3","ai_run","تشغيل النموذج","ai","prompt","ai_output","true"
"workflow-tiktok-caption-generator-quick","4","format","تنسيق النتيجة","transform","ai_output","final_output","true"
"workflow-tiktok-caption-generator-professional","1","validate","التحقق المتقدم من المدخلات","validation","user_input","validated_input","true"
"workflow-tiktok-caption-generator-professional","2","context","تحليل الهدف والسياق","analysis","validated_input","context","true"
"workflow-tiktok-caption-generator-professional","3","prompt","بناء طلب احترافي","prompt","context","prompt","true"
"workflow-tiktok-caption-generator-professional","4","ai_run","تشغيل النموذج","ai","prompt","draft_output","true"
"workflow-tiktok-caption-generator-professional","5","quality","مراجعة الجودة","validation","draft_output","quality_output","true"
"workflow-tiktok-caption-generator-professional","6","format","إخراج النتيجة النهائية","transform","quality_output","final_output","true"
"workflow-landing-page-copy-generator-quick","1","validate","التحقق من المدخلات","validation","user_input","validated_input","true"
"workflow-landing-page-copy-generator-quick","2","prompt","بناء طلب الذكاء الاصطناعي","prompt","validated_input","prompt","true"
"workflow-landing-page-copy-generator-quick","3","ai_run","تشغيل النموذج","ai","prompt","ai_output","true"
"workflow-landing-page-copy-generator-quick","4","format","تنسيق النتيجة","transform","ai_output","final_output","true"
"workflow-landing-page-copy-generator-professional","1","validate","التحقق المتقدم من المدخلات","validation","user_input","validated_input","true"
"workflow-landing-page-copy-generator-professional","2","context","تحليل الهدف والسياق","analysis","validated_input","context","true"
"workflow-landing-page-copy-generator-professional","3","prompt","بناء طلب احترافي","prompt","context","prompt","true"
"workflow-landing-page-copy-generator-professional","4","ai_run","تشغيل النموذج","ai","prompt","draft_output","true"
"workflow-landing-page-copy-generator-professional","5","quality","مراجعة الجودة","validation","draft_output","quality_output","true"
"workflow-landing-page-copy-generator-professional","6","format","إخراج النتيجة النهائية","transform","quality_output","final_output","true"
"workflow-content-ideas-generator-quick","1","validate","التحقق من المدخلات","validation","user_input","validated_input","true"
"workflow-content-ideas-generator-quick","2","prompt","بناء طلب الذكاء الاصطناعي","prompt","validated_input","prompt","true"
"workflow-content-ideas-generator-quick","3","ai_run","تشغيل النموذج","ai","prompt","ai_output","true"
"workflow-content-ideas-generator-quick","4","format","تنسيق النتيجة","transform","ai_output","final_output","true"
"workflow-content-ideas-generator-professional","1","validate","التحقق المتقدم من المدخلات","validation","user_input","validated_input","true"
"workflow-content-ideas-generator-professional","2","context","تحليل الهدف والسياق","analysis","validated_input","context","true"
"workflow-content-ideas-generator-professional","3","prompt","بناء طلب احترافي","prompt","context","prompt","true"
"workflow-content-ideas-generator-professional","4","ai_run","تشغيل النموذج","ai","prompt","draft_output","true"
"workflow-content-ideas-generator-professional","5","quality","مراجعة الجودة","validation","draft_output","quality_output","true"
"workflow-content-ideas-generator-professional","6","format","إخراج النتيجة النهائية","transform","quality_output","final_output","true"
"workflow-faq-generator-quick","1","validate","التحقق من المدخلات","validation","user_input","validated_input","true"
"workflow-faq-generator-quick","2","prompt","بناء طلب الذكاء الاصطناعي","prompt","validated_input","prompt","true"
"workflow-faq-generator-quick","3","ai_run","تشغيل النموذج","ai","prompt","ai_output","true"
"workflow-faq-generator-quick","4","format","تنسيق النتيجة","transform","ai_output","final_output","true"
"workflow-faq-generator-professional","1","validate","التحقق المتقدم من المدخلات","validation","user_input","validated_input","true"
"workflow-faq-generator-professional","2","context","تحليل الهدف والسياق","analysis","validated_input","context","true"
"workflow-faq-generator-professional","3","prompt","بناء طلب احترافي","prompt","context","prompt","true"
"workflow-faq-generator-professional","4","ai_run","تشغيل النموذج","ai","prompt","draft_output","true"
"workflow-faq-generator-professional","5","quality","مراجعة الجودة","validation","draft_output","quality_output","true"
"workflow-faq-generator-professional","6","format","إخراج النتيجة النهائية","transform","quality_output","final_output","true"
"workflow-instagram-caption-generator-quick","1","validate","التحقق من المدخلات","validation","user_input","validated_input","true"
"workflow-instagram-caption-generator-quick","2","prompt","بناء طلب الذكاء الاصطناعي","prompt","validated_input","prompt","true"
"workflow-instagram-caption-generator-quick","3","ai_run","تشغيل النموذج","ai","prompt","ai_output","true"
"workflow-instagram-caption-generator-quick","4","format","تنسيق النتيجة","transform","ai_output","final_output","true"
"workflow-instagram-caption-generator-professional","1","validate","التحقق المتقدم من المدخلات","validation","user_input","validated_input","true"
"workflow-instagram-caption-generator-professional","2","context","تحليل الهدف والسياق","analysis","validated_input","context","true"
"workflow-instagram-caption-generator-professional","3","prompt","بناء طلب احترافي","prompt","context","prompt","true"
"workflow-instagram-caption-generator-professional","4","ai_run","تشغيل النموذج","ai","prompt","draft_output","true"
"workflow-instagram-caption-generator-professional","5","quality","مراجعة الجودة","validation","draft_output","quality_output","true"
"workflow-instagram-caption-generator-professional","6","format","إخراج النتيجة النهائية","transform","quality_output","final_output","true"
"workflow-email-writer-quick","1","validate","التحقق من المدخلات","validation","user_input","validated_input","true"
"workflow-email-writer-quick","2","prompt","بناء طلب الذكاء الاصطناعي","prompt","validated_input","prompt","true"
"workflow-email-writer-quick","3","ai_run","تشغيل النموذج","ai","prompt","ai_output","true"
"workflow-email-writer-quick","4","format","تنسيق النتيجة","transform","ai_output","final_output","true"
"workflow-email-writer-professional","1","validate","التحقق المتقدم من المدخلات","validation","user_input","validated_input","true"
"workflow-email-writer-professional","2","context","تحليل الهدف والسياق","analysis","validated_input","context","true"
"workflow-email-writer-professional","3","prompt","بناء طلب احترافي","prompt","context","prompt","true"
"workflow-email-writer-professional","4","ai_run","تشغيل النموذج","ai","prompt","draft_output","true"
"workflow-email-writer-professional","5","quality","مراجعة الجودة","validation","draft_output","quality_output","true"
"workflow-email-writer-professional","6","format","إخراج النتيجة النهائية","transform","quality_output","final_output","true"
"workflow-slogan-generator-quick","1","validate","التحقق من المدخلات","validation","user_input","validated_input","true"
"workflow-slogan-generator-quick","2","prompt","بناء طلب الذكاء الاصطناعي","prompt","validated_input","prompt","true"
"workflow-slogan-generator-quick","3","ai_run","تشغيل النموذج","ai","prompt","ai_output","true"
"workflow-slogan-generator-quick","4","format","تنسيق النتيجة","transform","ai_output","final_output","true"
"workflow-slogan-generator-professional","1","validate","التحقق المتقدم من المدخلات","validation","user_input","validated_input","true"
"workflow-slogan-generator-professional","2","context","تحليل الهدف والسياق","analysis","validated_input","context","true"
"workflow-slogan-generator-professional","3","prompt","بناء طلب احترافي","prompt","context","prompt","true"
"workflow-slogan-generator-professional","4","ai_run","تشغيل النموذج","ai","prompt","draft_output","true"
"workflow-slogan-generator-professional","5","quality","مراجعة الجودة","validation","draft_output","quality_output","true"
"workflow-slogan-generator-professional","6","format","إخراج النتيجة النهائية","transform","quality_output","final_output","true"
"workflow-business-name-generator-quick","1","validate","التحقق من المدخلات","validation","user_input","validated_input","true"
"workflow-business-name-generator-quick","2","prompt","بناء طلب الذكاء الاصطناعي","prompt","validated_input","prompt","true"
"workflow-business-name-generator-quick","3","ai_run","تشغيل النموذج","ai","prompt","ai_output","true"
"workflow-business-name-generator-quick","4","format","تنسيق النتيجة","transform","ai_output","final_output","true"
"workflow-business-name-generator-professional","1","validate","التحقق المتقدم من المدخلات","validation","user_input","validated_input","true"
"workflow-business-name-generator-professional","2","context","تحليل الهدف والسياق","analysis","validated_input","context","true"
"workflow-business-name-generator-professional","3","prompt","بناء طلب احترافي","prompt","context","prompt","true"
"workflow-business-name-generator-professional","4","ai_run","تشغيل النموذج","ai","prompt","draft_output","true"
"workflow-business-name-generator-professional","5","quality","مراجعة الجودة","validation","draft_output","quality_output","true"
"workflow-business-name-generator-professional","6","format","إخراج النتيجة النهائية","transform","quality_output","final_output","true"
"workflow-headline-generator-quick","1","validate","التحقق من المدخلات","validation","user_input","validated_input","true"
"workflow-headline-generator-quick","2","prompt","بناء طلب الذكاء الاصطناعي","prompt","validated_input","prompt","true"
"workflow-headline-generator-quick","3","ai_run","تشغيل النموذج","ai","prompt","ai_output","true"
"workflow-headline-generator-quick","4","format","تنسيق النتيجة","transform","ai_output","final_output","true"
"workflow-headline-generator-professional","1","validate","التحقق المتقدم من المدخلات","validation","user_input","validated_input","true"
"workflow-headline-generator-professional","2","context","تحليل الهدف والسياق","analysis","validated_input","context","true"
"workflow-headline-generator-professional","3","prompt","بناء طلب احترافي","prompt","context","prompt","true"
"workflow-headline-generator-professional","4","ai_run","تشغيل النموذج","ai","prompt","draft_output","true"
"workflow-headline-generator-professional","5","quality","مراجعة الجودة","validation","draft_output","quality_output","true"
"workflow-headline-generator-professional","6","format","إخراج النتيجة النهائية","transform","quality_output","final_output","true"
"workflow-proofreading-assistant-quick","1","validate","التحقق من المدخلات","validation","user_input","validated_input","true"
"workflow-proofreading-assistant-quick","2","prompt","بناء طلب الذكاء الاصطناعي","prompt","validated_input","prompt","true"
"workflow-proofreading-assistant-quick","3","ai_run","تشغيل النموذج","ai","prompt","ai_output","true"
"workflow-proofreading-assistant-quick","4","format","تنسيق النتيجة","transform","ai_output","final_output","true"
"workflow-proofreading-assistant-professional","1","validate","التحقق المتقدم من المدخلات","validation","user_input","validated_input","true"
"workflow-proofreading-assistant-professional","2","context","تحليل الهدف والسياق","analysis","validated_input","context","true"
"workflow-proofreading-assistant-professional","3","prompt","بناء طلب احترافي","prompt","context","prompt","true"
"workflow-proofreading-assistant-professional","4","ai_run","تشغيل النموذج","ai","prompt","draft_output","true"
"workflow-proofreading-assistant-professional","5","quality","مراجعة الجودة","validation","draft_output","quality_output","true"
"workflow-proofreading-assistant-professional","6","format","إخراج النتيجة النهائية","transform","quality_output","final_output","true"
"workflow-square-root-calculator-standard","1","validate","التحقق من القيم والوحدات","validation","user_input","validated_input","true"
"workflow-square-root-calculator-standard","2","calculate","تنفيذ المعادلة","formula","validated_input","calculation_result","true"
"workflow-square-root-calculator-standard","3","format","تقريب وتنسيق النتيجة","transform","calculation_result","final_output","true"
"workflow-ratio-calculator-standard","1","validate","التحقق من القيم والوحدات","validation","user_input","validated_input","true"
"workflow-ratio-calculator-standard","2","calculate","تنفيذ المعادلة","formula","validated_input","calculation_result","true"
"workflow-ratio-calculator-standard","3","format","تقريب وتنسيق النتيجة","transform","calculation_result","final_output","true"
"workflow-sample-size-calculator-standard","1","validate","التحقق من القيم والوحدات","validation","user_input","validated_input","true"
"workflow-sample-size-calculator-standard","2","calculate","تنفيذ المعادلة","formula","validated_input","calculation_result","true"
"workflow-sample-size-calculator-standard","3","format","تقريب وتنسيق النتيجة","transform","calculation_result","final_output","true"
"workflow-gpa-4-to-5-converter-standard","1","validate","التحقق من القيم والوحدات","validation","user_input","validated_input","true"
"workflow-gpa-4-to-5-converter-standard","2","calculate","تنفيذ المعادلة","formula","validated_input","calculation_result","true"
"workflow-gpa-4-to-5-converter-standard","3","format","تقريب وتنسيق النتيجة","transform","calculation_result","final_output","true"
"workflow-cbm-calculator-standard","1","validate","التحقق من القيم والوحدات","validation","user_input","validated_input","true"
"workflow-cbm-calculator-standard","2","calculate","تنفيذ المعادلة","formula","validated_input","calculation_result","true"
"workflow-cbm-calculator-standard","3","format","تقريب وتنسيق النتيجة","transform","calculation_result","final_output","true"
"workflow-centimeter-to-meter-converter-standard","1","validate","التحقق من القيم والوحدات","validation","user_input","validated_input","true"
"workflow-centimeter-to-meter-converter-standard","2","calculate","تنفيذ المعادلة","formula","validated_input","calculation_result","true"
"workflow-centimeter-to-meter-converter-standard","3","format","تقريب وتنسيق النتيجة","transform","calculation_result","final_output","true"
"workflow-meter-to-kilometer-converter-standard","1","validate","التحقق من القيم والوحدات","validation","user_input","validated_input","true"
"workflow-meter-to-kilometer-converter-standard","2","calculate","تنفيذ المعادلة","formula","validated_input","calculation_result","true"
"workflow-meter-to-kilometer-converter-standard","3","format","تقريب وتنسيق النتيجة","transform","calculation_result","final_output","true"
"workflow-kilogram-to-pound-converter-standard","1","validate","التحقق من القيم والوحدات","validation","user_input","validated_input","true"
"workflow-kilogram-to-pound-converter-standard","2","calculate","تنفيذ المعادلة","formula","validated_input","calculation_result","true"
"workflow-kilogram-to-pound-converter-standard","3","format","تقريب وتنسيق النتيجة","transform","calculation_result","final_output","true"
"workflow-price-with-vat-calculator-standard","1","validate","التحقق من القيم والوحدات","validation","user_input","validated_input","true"
"workflow-price-with-vat-calculator-standard","2","calculate","تنفيذ المعادلة","formula","validated_input","calculation_result","true"
"workflow-price-with-vat-calculator-standard","3","format","تقريب وتنسيق النتيجة","transform","calculation_result","final_output","true"
"workflow-pound-to-kilogram-converter-standard","1","validate","التحقق من القيم والوحدات","validation","user_input","validated_input","true"
"workflow-pound-to-kilogram-converter-standard","2","calculate","تنفيذ المعادلة","formula","validated_input","calculation_result","true"
"workflow-pound-to-kilogram-converter-standard","3","format","تقريب وتنسيق النتيجة","transform","calculation_result","final_output","true"
"workflow-celsius-to-fahrenheit-converter-standard","1","validate","التحقق من القيم والوحدات","validation","user_input","validated_input","true"
"workflow-celsius-to-fahrenheit-converter-standard","2","calculate","تنفيذ المعادلة","formula","validated_input","calculation_result","true"
"workflow-celsius-to-fahrenheit-converter-standard","3","format","تقريب وتنسيق النتيجة","transform","calculation_result","final_output","true"
"workflow-percentage-of-amount-calculator-standard","1","validate","التحقق من القيم والوحدات","validation","user_input","validated_input","true"
"workflow-percentage-of-amount-calculator-standard","2","calculate","تنفيذ المعادلة","formula","validated_input","calculation_result","true"
"workflow-percentage-of-amount-calculator-standard","3","format","تقريب وتنسيق النتيجة","transform","calculation_result","final_output","true"
"workflow-gpa-4-to-percentage-calculator-standard","1","validate","التحقق من القيم والوحدات","validation","user_input","validated_input","true"
"workflow-gpa-4-to-percentage-calculator-standard","2","calculate","تنفيذ المعادلة","formula","validated_input","calculation_result","true"
"workflow-gpa-4-to-percentage-calculator-standard","3","format","تقريب وتنسيق النتيجة","transform","calculation_result","final_output","true"
"workflow-percentage-change-calculator-standard","1","validate","التحقق من القيم والوحدات","validation","user_input","validated_input","true"
"workflow-percentage-change-calculator-standard","2","calculate","تنفيذ المعادلة","formula","validated_input","calculation_result","true"
"workflow-percentage-change-calculator-standard","3","format","تقريب وتنسيق النتيجة","transform","calculation_result","final_output","true"
"workflow-gpa-5-to-percentage-calculator-standard","1","validate","التحقق من القيم والوحدات","validation","user_input","validated_input","true"
"workflow-gpa-5-to-percentage-calculator-standard","2","calculate","تنفيذ المعادلة","formula","validated_input","calculation_result","true"
"workflow-gpa-5-to-percentage-calculator-standard","3","format","تقريب وتنسيق النتيجة","transform","calculation_result","final_output","true"
"workflow-reverse-percentage-calculator-standard","1","validate","التحقق من القيم والوحدات","validation","user_input","validated_input","true"
"workflow-reverse-percentage-calculator-standard","2","calculate","تنفيذ المعادلة","formula","validated_input","calculation_result","true"
"workflow-reverse-percentage-calculator-standard","3","format","تقريب وتنسيق النتيجة","transform","calculation_result","final_output","true"
"workflow-fahrenheit-to-celsius-converter-standard","1","validate","التحقق من القيم والوحدات","validation","user_input","validated_input","true"
"workflow-fahrenheit-to-celsius-converter-standard","2","calculate","تنفيذ المعادلة","formula","validated_input","calculation_result","true"
"workflow-fahrenheit-to-celsius-converter-standard","3","format","تقريب وتنسيق النتيجة","transform","calculation_result","final_output","true"
"workflow-rectangle-area-calculator-standard","1","validate","التحقق من القيم والوحدات","validation","user_input","validated_input","true"
"workflow-rectangle-area-calculator-standard","2","calculate","تنفيذ المعادلة","formula","validated_input","calculation_result","true"
"workflow-rectangle-area-calculator-standard","3","format","تقريب وتنسيق النتيجة","transform","calculation_result","final_output","true"
"workflow-land-share-area-calculator-standard","1","validate","التحقق من القيم والوحدات","validation","user_input","validated_input","true"
"workflow-land-share-area-calculator-standard","2","calculate","تنفيذ المعادلة","formula","validated_input","calculation_result","true"
"workflow-land-share-area-calculator-standard","3","format","تقريب وتنسيق النتيجة","transform","calculation_result","final_output","true"
"workflow-box-volume-liter-calculator-standard","1","validate","التحقق من القيم والوحدات","validation","user_input","validated_input","true"
"workflow-box-volume-liter-calculator-standard","2","calculate","تنفيذ المعادلة","formula","validated_input","calculation_result","true"
"workflow-box-volume-liter-calculator-standard","3","format","تقريب وتنسيق النتيجة","transform","calculation_result","final_output","true"
"workflow-bmi-calculator-standard","1","validate","التحقق من القيم والوحدات","validation","user_input","validated_input","true"
"workflow-bmi-calculator-standard","2","calculate","تنفيذ المعادلة","formula","validated_input","calculation_result","true"
"workflow-bmi-calculator-standard","3","format","تقريب وتنسيق النتيجة","transform","calculation_result","final_output","true"
"workflow-daily-water-intake-calculator-standard","1","validate","التحقق من القيم والوحدات","validation","user_input","validated_input","true"
"workflow-daily-water-intake-calculator-standard","2","calculate","تنفيذ المعادلة","formula","validated_input","calculation_result","true"
"workflow-daily-water-intake-calculator-standard","3","format","تقريب وتنسيق النتيجة","transform","calculation_result","final_output","true"
"workflow-bmr-male-calculator-standard","1","validate","التحقق من القيم والوحدات","validation","user_input","validated_input","true"
"workflow-bmr-male-calculator-standard","2","calculate","تنفيذ المعادلة","formula","validated_input","calculation_result","true"
"workflow-bmr-male-calculator-standard","3","format","تقريب وتنسيق النتيجة","transform","calculation_result","final_output","true"
"workflow-installment-calculator-standard","1","validate","التحقق من القيم والوحدات","validation","user_input","validated_input","true"
"workflow-installment-calculator-standard","2","calculate","تنفيذ المعادلة","formula","validated_input","calculation_result","true"
"workflow-installment-calculator-standard","3","format","تقريب وتنسيق النتيجة","transform","calculation_result","final_output","true"
"workflow-loan-payment-calculator-standard","1","validate","التحقق من القيم والوحدات","validation","user_input","validated_input","true"
"workflow-loan-payment-calculator-standard","2","calculate","تنفيذ المعادلة","formula","validated_input","calculation_result","true"
"workflow-loan-payment-calculator-standard","3","format","تقريب وتنسيق النتيجة","transform","calculation_result","final_output","true"
"workflow-savings-goal-calculator-standard","1","validate","التحقق من القيم والوحدات","validation","user_input","validated_input","true"
"workflow-savings-goal-calculator-standard","2","calculate","تنفيذ المعادلة","formula","validated_input","calculation_result","true"
"workflow-savings-goal-calculator-standard","3","format","تقريب وتنسيق النتيجة","transform","calculation_result","final_output","true"
"workflow-bmr-female-calculator-standard","1","validate","التحقق من القيم والوحدات","validation","user_input","validated_input","true"
"workflow-bmr-female-calculator-standard","2","calculate","تنفيذ المعادلة","formula","validated_input","calculation_result","true"
"workflow-bmr-female-calculator-standard","3","format","تقريب وتنسيق النتيجة","transform","calculation_result","final_output","true"
"workflow-hourly-wage-calculator-standard","1","validate","التحقق من القيم والوحدات","validation","user_input","validated_input","true"
"workflow-hourly-wage-calculator-standard","2","calculate","تنفيذ المعادلة","formula","validated_input","calculation_result","true"
"workflow-hourly-wage-calculator-standard","3","format","تقريب وتنسيق النتيجة","transform","calculation_result","final_output","true"
"workflow-zakat-calculator-standard","1","validate","التحقق من القيم والوحدات","validation","user_input","validated_input","true"
"workflow-zakat-calculator-standard","2","calculate","تنفيذ المعادلة","formula","validated_input","calculation_result","true"
"workflow-zakat-calculator-standard","3","format","تقريب وتنسيق النتيجة","transform","calculation_result","final_output","true"
"workflow-gold-zakat-calculator-standard","1","validate","التحقق من القيم والوحدات","validation","user_input","validated_input","true"
"workflow-gold-zakat-calculator-standard","2","calculate","تنفيذ المعادلة","formula","validated_input","calculation_result","true"
"workflow-gold-zakat-calculator-standard","3","format","تقريب وتنسيق النتيجة","transform","calculation_result","final_output","true"
"workflow-net-after-tax-calculator-standard","1","validate","التحقق من القيم والوحدات","validation","user_input","validated_input","true"
"workflow-net-after-tax-calculator-standard","2","calculate","تنفيذ المعادلة","formula","validated_input","calculation_result","true"
"workflow-net-after-tax-calculator-standard","3","format","تقريب وتنسيق النتيجة","transform","calculation_result","final_output","true"
"workflow-daily-wage-calculator-standard","1","validate","التحقق من القيم والوحدات","validation","user_input","validated_input","true"
"workflow-daily-wage-calculator-standard","2","calculate","تنفيذ المعادلة","formula","validated_input","calculation_result","true"
"workflow-daily-wage-calculator-standard","3","format","تقريب وتنسيق النتيجة","transform","calculation_result","final_output","true"
"workflow-overtime-pay-calculator-standard","1","validate","التحقق من القيم والوحدات","validation","user_input","validated_input","true"
"workflow-overtime-pay-calculator-standard","2","calculate","تنفيذ المعادلة","formula","validated_input","calculation_result","true"
"workflow-overtime-pay-calculator-standard","3","format","تقريب وتنسيق النتيجة","transform","calculation_result","final_output","true"
"workflow-retirement-years-remaining-calculator-standard","1","validate","التحقق من القيم والوحدات","validation","user_input","validated_input","true"
"workflow-retirement-years-remaining-calculator-standard","2","calculate","تنفيذ المعادلة","formula","validated_input","calculation_result","true"
"workflow-retirement-years-remaining-calculator-standard","3","format","تقريب وتنسيق النتيجة","transform","calculation_result","final_output","true"
"workflow-employer-payroll-cost-standard","1","validate","التحقق من القيم والوحدات","validation","user_input","validated_input","true"
"workflow-employer-payroll-cost-standard","2","calculate","تنفيذ المعادلة","formula","validated_input","calculation_result","true"
"workflow-employer-payroll-cost-standard","3","format","تقريب وتنسيق النتيجة","transform","calculation_result","final_output","true"
"workflow-operating-leverage-calculator-standard","1","validate","التحقق من القيم والوحدات","validation","user_input","validated_input","true"
"workflow-operating-leverage-calculator-standard","2","calculate","تنفيذ المعادلة","formula","validated_input","calculation_result","true"
"workflow-operating-leverage-calculator-standard","3","format","تقريب وتنسيق النتيجة","transform","calculation_result","final_output","true"
"workflow-sales-per-employee-calculator-standard","1","validate","التحقق من القيم والوحدات","validation","user_input","validated_input","true"
"workflow-sales-per-employee-calculator-standard","2","calculate","تنفيذ المعادلة","formula","validated_input","calculation_result","true"
"workflow-sales-per-employee-calculator-standard","3","format","تقريب وتنسيق النتيجة","transform","calculation_result","final_output","true"
"workflow-revenue-per-customer-calculator-standard","1","validate","التحقق من القيم والوحدات","validation","user_input","validated_input","true"
"workflow-revenue-per-customer-calculator-standard","2","calculate","تنفيذ المعادلة","formula","validated_input","calculation_result","true"
"workflow-revenue-per-customer-calculator-standard","3","format","تقريب وتنسيق النتيجة","transform","calculation_result","final_output","true"
"workflow-inventory-days-calculator-standard","1","validate","التحقق من القيم والوحدات","validation","user_input","validated_input","true"
"workflow-inventory-days-calculator-standard","2","calculate","تنفيذ المعادلة","formula","validated_input","calculation_result","true"
"workflow-inventory-days-calculator-standard","3","format","تقريب وتنسيق النتيجة","transform","calculation_result","final_output","true"
"workflow-receivable-days-calculator-standard","1","validate","التحقق من القيم والوحدات","validation","user_input","validated_input","true"
"workflow-receivable-days-calculator-standard","2","calculate","تنفيذ المعادلة","formula","validated_input","calculation_result","true"
"workflow-receivable-days-calculator-standard","3","format","تقريب وتنسيق النتيجة","transform","calculation_result","final_output","true"
"workflow-payable-days-calculator-standard","1","validate","التحقق من القيم والوحدات","validation","user_input","validated_input","true"
"workflow-payable-days-calculator-standard","2","calculate","تنفيذ المعادلة","formula","validated_input","calculation_result","true"
"workflow-payable-days-calculator-standard","3","format","تقريب وتنسيق النتيجة","transform","calculation_result","final_output","true"
"workflow-square-diagonal-calculator-standard","1","validate","التحقق من القيم والوحدات","validation","user_input","validated_input","true"
"workflow-square-diagonal-calculator-standard","2","calculate","تنفيذ المعادلة","formula","validated_input","calculation_result","true"
"workflow-square-diagonal-calculator-standard","3","format","تقريب وتنسيق النتيجة","transform","calculation_result","final_output","true"
"workflow-cash-conversion-cycle-calculator-standard","1","validate","التحقق من القيم والوحدات","validation","user_input","validated_input","true"
"workflow-cash-conversion-cycle-calculator-standard","2","calculate","تنفيذ المعادلة","formula","validated_input","calculation_result","true"
"workflow-cash-conversion-cycle-calculator-standard","3","format","تقريب وتنسيق النتيجة","transform","calculation_result","final_output","true"
"workflow-customer-concentration-calculator-standard","1","validate","التحقق من القيم والوحدات","validation","user_input","validated_input","true"
"workflow-customer-concentration-calculator-standard","2","calculate","تنفيذ المعادلة","formula","validated_input","calculation_result","true"
"workflow-customer-concentration-calculator-standard","3","format","تقريب وتنسيق النتيجة","transform","calculation_result","final_output","true"
"workflow-weighted-mean-calculator-standard","1","validate","التحقق من القيم والوحدات","validation","user_input","validated_input","true"
"workflow-weighted-mean-calculator-standard","2","calculate","تنفيذ المعادلة","formula","validated_input","calculation_result","true"
"workflow-weighted-mean-calculator-standard","3","format","تقريب وتنسيق النتيجة","transform","calculation_result","final_output","true"
"workflow-proportion-value-calculator-standard","1","validate","التحقق من القيم والوحدات","validation","user_input","validated_input","true"
"workflow-proportion-value-calculator-standard","2","calculate","تنفيذ المعادلة","formula","validated_input","calculation_result","true"
"workflow-proportion-value-calculator-standard","3","format","تقريب وتنسيق النتيجة","transform","calculation_result","final_output","true"
"workflow-geometric-mean-two-values-standard","1","validate","التحقق من القيم والوحدات","validation","user_input","validated_input","true"
"workflow-geometric-mean-two-values-standard","2","calculate","تنفيذ المعادلة","formula","validated_input","calculation_result","true"
"workflow-geometric-mean-two-values-standard","3","format","تقريب وتنسيق النتيجة","transform","calculation_result","final_output","true"
"workflow-harmonic-mean-two-values-standard","1","validate","التحقق من القيم والوحدات","validation","user_input","validated_input","true"
"workflow-harmonic-mean-two-values-standard","2","calculate","تنفيذ المعادلة","formula","validated_input","calculation_result","true"
"workflow-harmonic-mean-two-values-standard","3","format","تقريب وتنسيق النتيجة","transform","calculation_result","final_output","true"
"workflow-circle-circumference-calculator-standard","1","validate","التحقق من القيم والوحدات","validation","user_input","validated_input","true"
"workflow-circle-circumference-calculator-standard","2","calculate","تنفيذ المعادلة","formula","validated_input","calculation_result","true"
"workflow-circle-circumference-calculator-standard","3","format","تقريب وتنسيق النتيجة","transform","calculation_result","final_output","true"
"workflow-trapezoid-area-calculator-standard","1","validate","التحقق من القيم والوحدات","validation","user_input","validated_input","true"
"workflow-trapezoid-area-calculator-standard","2","calculate","تنفيذ المعادلة","formula","validated_input","calculation_result","true"
"workflow-trapezoid-area-calculator-standard","3","format","تقريب وتنسيق النتيجة","transform","calculation_result","final_output","true"
"workflow-regular-polygon-angle-calculator-standard","1","validate","التحقق من القيم والوحدات","validation","user_input","validated_input","true"
"workflow-regular-polygon-angle-calculator-standard","2","calculate","تنفيذ المعادلة","formula","validated_input","calculation_result","true"
"workflow-regular-polygon-angle-calculator-standard","3","format","تقريب وتنسيق النتيجة","transform","calculation_result","final_output","true"
"workflow-minutes-to-decimal-hours-standard","1","validate","التحقق من القيم والوحدات","validation","user_input","validated_input","true"
"workflow-minutes-to-decimal-hours-standard","2","calculate","تنفيذ المعادلة","formula","validated_input","calculation_result","true"
"workflow-minutes-to-decimal-hours-standard","3","format","تقريب وتنسيق النتيجة","transform","calculation_result","final_output","true"
"workflow-decimal-hours-to-minutes-standard","1","validate","التحقق من القيم والوحدات","validation","user_input","validated_input","true"
"workflow-decimal-hours-to-minutes-standard","2","calculate","تنفيذ المعادلة","formula","validated_input","calculation_result","true"
"workflow-decimal-hours-to-minutes-standard","3","format","تقريب وتنسيق النتيجة","transform","calculation_result","final_output","true"
"workflow-workdays-to-hours-calculator-standard","1","validate","التحقق من القيم والوحدات","validation","user_input","validated_input","true"
"workflow-workdays-to-hours-calculator-standard","2","calculate","تنفيذ المعادلة","formula","validated_input","calculation_result","true"
"workflow-workdays-to-hours-calculator-standard","3","format","تقريب وتنسيق النتيجة","transform","calculation_result","final_output","true"
"workflow-shifts-to-hours-calculator-standard","1","validate","التحقق من القيم والوحدات","validation","user_input","validated_input","true"
"workflow-shifts-to-hours-calculator-standard","2","calculate","تنفيذ المعادلة","formula","validated_input","calculation_result","true"
"workflow-shifts-to-hours-calculator-standard","3","format","تقريب وتنسيق النتيجة","transform","calculation_result","final_output","true"
"workflow-weekly-hours-to-monthly-hours-standard","1","validate","التحقق من القيم والوحدات","validation","user_input","validated_input","true"
"workflow-weekly-hours-to-monthly-hours-standard","2","calculate","تنفيذ المعادلة","formula","validated_input","calculation_result","true"
"workflow-weekly-hours-to-monthly-hours-standard","3","format","تقريب وتنسيق النتيجة","transform","calculation_result","final_output","true"
"workflow-meeting-person-hours-calculator-standard","1","validate","التحقق من القيم والوحدات","validation","user_input","validated_input","true"
"workflow-meeting-person-hours-calculator-standard","2","calculate","تنفيذ المعادلة","formula","validated_input","calculation_result","true"
"workflow-meeting-person-hours-calculator-standard","3","format","تقريب وتنسيق النتيجة","transform","calculation_result","final_output","true"
"workflow-production-time-per-unit-standard","1","validate","التحقق من القيم والوحدات","validation","user_input","validated_input","true"
"workflow-production-time-per-unit-standard","2","calculate","تنفيذ المعادلة","formula","validated_input","calculation_result","true"
"workflow-production-time-per-unit-standard","3","format","تقريب وتنسيق النتيجة","transform","calculation_result","final_output","true"
"workflow-task-throughput-per-hour-standard","1","validate","التحقق من القيم والوحدات","validation","user_input","validated_input","true"
"workflow-task-throughput-per-hour-standard","2","calculate","تنفيذ المعادلة","formula","validated_input","calculation_result","true"
"workflow-task-throughput-per-hour-standard","3","format","تقريب وتنسيق النتيجة","transform","calculation_result","final_output","true"
"workflow-target-weight-by-bmi-standard","1","validate","التحقق من القيم والوحدات","validation","user_input","validated_input","true"
"workflow-target-weight-by-bmi-standard","2","calculate","تنفيذ المعادلة","formula","validated_input","calculation_result","true"
"workflow-target-weight-by-bmi-standard","3","format","تقريب وتنسيق النتيجة","transform","calculation_result","final_output","true"
"workflow-walking-pace-calculator-standard","1","validate","التحقق من القيم والوحدات","validation","user_input","validated_input","true"
"workflow-walking-pace-calculator-standard","2","calculate","تنفيذ المعادلة","formula","validated_input","calculation_result","true"
"workflow-walking-pace-calculator-standard","3","format","تقريب وتنسيق النتيجة","transform","calculation_result","final_output","true"
"workflow-running-speed-calculator-standard","1","validate","التحقق من القيم والوحدات","validation","user_input","validated_input","true"
"workflow-running-speed-calculator-standard","2","calculate","تنفيذ المعادلة","formula","validated_input","calculation_result","true"
"workflow-running-speed-calculator-standard","3","format","تقريب وتنسيق النتيجة","transform","calculation_result","final_output","true"
"workflow-protein-target-calculator-standard","1","validate","التحقق من القيم والوحدات","validation","user_input","validated_input","true"
"workflow-protein-target-calculator-standard","2","calculate","تنفيذ المعادلة","formula","validated_input","calculation_result","true"
"workflow-protein-target-calculator-standard","3","format","تقريب وتنسيق النتيجة","transform","calculation_result","final_output","true"
"workflow-body-fat-mass-calculator-standard","1","validate","التحقق من القيم والوحدات","validation","user_input","validated_input","true"
"workflow-body-fat-mass-calculator-standard","2","calculate","تنفيذ المعادلة","formula","validated_input","calculation_result","true"
"workflow-body-fat-mass-calculator-standard","3","format","تقريب وتنسيق النتيجة","transform","calculation_result","final_output","true"
"workflow-lean-body-mass-calculator-standard","1","validate","التحقق من القيم والوحدات","validation","user_input","validated_input","true"
"workflow-lean-body-mass-calculator-standard","2","calculate","تنفيذ المعادلة","formula","validated_input","calculation_result","true"
"workflow-lean-body-mass-calculator-standard","3","format","تقريب وتنسيق النتيجة","transform","calculation_result","final_output","true"
"workflow-waist-height-ratio-calculator-standard","1","validate","التحقق من القيم والوحدات","validation","user_input","validated_input","true"
"workflow-waist-height-ratio-calculator-standard","2","calculate","تنفيذ المعادلة","formula","validated_input","calculation_result","true"
"workflow-waist-height-ratio-calculator-standard","3","format","تقريب وتنسيق النتيجة","transform","calculation_result","final_output","true"
"workflow-calorie-deficit-duration-calculator-standard","1","validate","التحقق من القيم والوحدات","validation","user_input","validated_input","true"
"workflow-calorie-deficit-duration-calculator-standard","2","calculate","تنفيذ المعادلة","formula","validated_input","calculation_result","true"
"workflow-calorie-deficit-duration-calculator-standard","3","format","تقريب وتنسيق النتيجة","transform","calculation_result","final_output","true"
"workflow-square-foot-to-square-meter-standard","1","validate","التحقق من القيم والوحدات","validation","user_input","validated_input","true"
"workflow-square-foot-to-square-meter-standard","2","calculate","تنفيذ المعادلة","formula","validated_input","calculation_result","true"
"workflow-square-foot-to-square-meter-standard","3","format","تقريب وتنسيق النتيجة","transform","calculation_result","final_output","true"
"workflow-course-weighted-score-calculator-standard","1","validate","التحقق من القيم والوحدات","validation","user_input","validated_input","true"
"workflow-course-weighted-score-calculator-standard","2","calculate","تنفيذ المعادلة","formula","validated_input","calculation_result","true"
"workflow-course-weighted-score-calculator-standard","3","format","تقريب وتنسيق النتيجة","transform","calculation_result","final_output","true"
"workflow-final-exam-required-score-standard","1","validate","التحقق من القيم والوحدات","validation","user_input","validated_input","true"
"workflow-final-exam-required-score-standard","2","calculate","تنفيذ المعادلة","formula","validated_input","calculation_result","true"
"workflow-final-exam-required-score-standard","3","format","تقريب وتنسيق النتيجة","transform","calculation_result","final_output","true"
"workflow-attendance-rate-calculator-standard","1","validate","التحقق من القيم والوحدات","validation","user_input","validated_input","true"
"workflow-attendance-rate-calculator-standard","2","calculate","تنفيذ المعادلة","formula","validated_input","calculation_result","true"
"workflow-attendance-rate-calculator-standard","3","format","تقريب وتنسيق النتيجة","transform","calculation_result","final_output","true"
"workflow-study-hours-per-subject-standard","1","validate","التحقق من القيم والوحدات","validation","user_input","validated_input","true"
"workflow-study-hours-per-subject-standard","2","calculate","تنفيذ المعادلة","formula","validated_input","calculation_result","true"
"workflow-study-hours-per-subject-standard","3","format","تقريب وتنسيق النتيجة","transform","calculation_result","final_output","true"
"workflow-assignment-average-calculator-standard","1","validate","التحقق من القيم والوحدات","validation","user_input","validated_input","true"
"workflow-assignment-average-calculator-standard","2","calculate","تنفيذ المعادلة","formula","validated_input","calculation_result","true"
"workflow-assignment-average-calculator-standard","3","format","تقريب وتنسيق النتيجة","transform","calculation_result","final_output","true"
"workflow-grade-improvement-rate-standard","1","validate","التحقق من القيم والوحدات","validation","user_input","validated_input","true"
"workflow-grade-improvement-rate-standard","2","calculate","تنفيذ المعادلة","formula","validated_input","calculation_result","true"
"workflow-grade-improvement-rate-standard","3","format","تقريب وتنسيق النتيجة","transform","calculation_result","final_output","true"
"workflow-completed-credits-rate-standard","1","validate","التحقق من القيم والوحدات","validation","user_input","validated_input","true"
"workflow-completed-credits-rate-standard","2","calculate","تنفيذ المعادلة","formula","validated_input","calculation_result","true"
"workflow-completed-credits-rate-standard","3","format","تقريب وتنسيق النتيجة","transform","calculation_result","final_output","true"
"workflow-points-needed-for-target-standard","1","validate","التحقق من القيم والوحدات","validation","user_input","validated_input","true"
"workflow-points-needed-for-target-standard","2","calculate","تنفيذ المعادلة","formula","validated_input","calculation_result","true"
"workflow-points-needed-for-target-standard","3","format","تقريب وتنسيق النتيجة","transform","calculation_result","final_output","true"
"workflow-net-salary-after-deductions-standard","1","validate","التحقق من القيم والوحدات","validation","user_input","validated_input","true"
"workflow-net-salary-after-deductions-standard","2","calculate","تنفيذ المعادلة","formula","validated_input","calculation_result","true"
"workflow-net-salary-after-deductions-standard","3","format","تقريب وتنسيق النتيجة","transform","calculation_result","final_output","true"
"workflow-annual-compensation-calculator-standard","1","validate","التحقق من القيم والوحدات","validation","user_input","validated_input","true"
"workflow-annual-compensation-calculator-standard","2","calculate","تنفيذ المعادلة","formula","validated_input","calculation_result","true"
"workflow-annual-compensation-calculator-standard","3","format","تقريب وتنسيق النتيجة","transform","calculation_result","final_output","true"
"workflow-kilometer-hour-to-mile-hour-standard","1","validate","التحقق من القيم والوحدات","validation","user_input","validated_input","true"
"workflow-kilometer-hour-to-mile-hour-standard","2","calculate","تنفيذ المعادلة","formula","validated_input","calculation_result","true"
"workflow-kilometer-hour-to-mile-hour-standard","3","format","تقريب وتنسيق النتيجة","transform","calculation_result","final_output","true"
"workflow-vacation-pay-estimate-standard","1","validate","التحقق من القيم والوحدات","validation","user_input","validated_input","true"
"workflow-vacation-pay-estimate-standard","2","calculate","تنفيذ المعادلة","formula","validated_input","calculation_result","true"
"workflow-vacation-pay-estimate-standard","3","format","تقريب وتنسيق النتيجة","transform","calculation_result","final_output","true"
"workflow-bonus-amount-calculator-standard","1","validate","التحقق من القيم والوحدات","validation","user_input","validated_input","true"
"workflow-bonus-amount-calculator-standard","2","calculate","تنفيذ المعادلة","formula","validated_input","calculation_result","true"
"workflow-bonus-amount-calculator-standard","3","format","تقريب وتنسيق النتيجة","transform","calculation_result","final_output","true"
"workflow-commission-plus-salary-standard","1","validate","التحقق من القيم والوحدات","validation","user_input","validated_input","true"
"workflow-commission-plus-salary-standard","2","calculate","تنفيذ المعادلة","formula","validated_input","calculation_result","true"
"workflow-commission-plus-salary-standard","3","format","تقريب وتنسيق النتيجة","transform","calculation_result","final_output","true"
"workflow-unpaid-leave-deduction-standard","1","validate","التحقق من القيم والوحدات","validation","user_input","validated_input","true"
"workflow-unpaid-leave-deduction-standard","2","calculate","تنفيذ المعادلة","formula","validated_input","calculation_result","true"
"workflow-unpaid-leave-deduction-standard","3","format","تقريب وتنسيق النتيجة","transform","calculation_result","final_output","true"
"workflow-shift-premium-pay-standard","1","validate","التحقق من القيم والوحدات","validation","user_input","validated_input","true"
"workflow-shift-premium-pay-standard","2","calculate","تنفيذ المعادلة","formula","validated_input","calculation_result","true"
"workflow-shift-premium-pay-standard","3","format","تقريب وتنسيق النتيجة","transform","calculation_result","final_output","true"
"workflow-customer-lifetime-value-simple-standard","1","validate","التحقق من القيم والوحدات","validation","user_input","validated_input","true"
"workflow-customer-lifetime-value-simple-standard","2","calculate","تنفيذ المعادلة","formula","validated_input","calculation_result","true"
"workflow-customer-lifetime-value-simple-standard","3","format","تقريب وتنسيق النتيجة","transform","calculation_result","final_output","true"
"workflow-lead-to-sale-rate-standard","1","validate","التحقق من القيم والوحدات","validation","user_input","validated_input","true"
"workflow-lead-to-sale-rate-standard","2","calculate","تنفيذ المعادلة","formula","validated_input","calculation_result","true"
"workflow-lead-to-sale-rate-standard","3","format","تقريب وتنسيق النتيجة","transform","calculation_result","final_output","true"
"workflow-marketing-efficiency-ratio-standard","1","validate","التحقق من القيم والوحدات","validation","user_input","validated_input","true"
"workflow-marketing-efficiency-ratio-standard","2","calculate","تنفيذ المعادلة","formula","validated_input","calculation_result","true"
"workflow-marketing-efficiency-ratio-standard","3","format","تقريب وتنسيق النتيجة","transform","calculation_result","final_output","true"
"workflow-ad-frequency-calculator-standard","1","validate","التحقق من القيم والوحدات","validation","user_input","validated_input","true"
"workflow-ad-frequency-calculator-standard","2","calculate","تنفيذ المعادلة","formula","validated_input","calculation_result","true"
"workflow-ad-frequency-calculator-standard","3","format","تقريب وتنسيق النتيجة","transform","calculation_result","final_output","true"
"workflow-landing-page-bounce-rate-standard","1","validate","التحقق من القيم والوحدات","validation","user_input","validated_input","true"
"workflow-landing-page-bounce-rate-standard","2","calculate","تنفيذ المعادلة","formula","validated_input","calculation_result","true"
"workflow-landing-page-bounce-rate-standard","3","format","تقريب وتنسيق النتيجة","transform","calculation_result","final_output","true"
"workflow-email-click-to-open-rate-standard","1","validate","التحقق من القيم والوحدات","validation","user_input","validated_input","true"
"workflow-email-click-to-open-rate-standard","2","calculate","تنفيذ المعادلة","formula","validated_input","calculation_result","true"
"workflow-email-click-to-open-rate-standard","3","format","تقريب وتنسيق النتيجة","transform","calculation_result","final_output","true"
"workflow-unsubscribe-rate-calculator-standard","1","validate","التحقق من القيم والوحدات","validation","user_input","validated_input","true"
"workflow-unsubscribe-rate-calculator-standard","2","calculate","تنفيذ المعادلة","formula","validated_input","calculation_result","true"
"workflow-unsubscribe-rate-calculator-standard","3","format","تقريب وتنسيق النتيجة","transform","calculation_result","final_output","true"
"workflow-repeat-purchase-rate-standard","1","validate","التحقق من القيم والوحدات","validation","user_input","validated_input","true"
"workflow-repeat-purchase-rate-standard","2","calculate","تنفيذ المعادلة","formula","validated_input","calculation_result","true"
"workflow-repeat-purchase-rate-standard","3","format","تقريب وتنسيق النتيجة","transform","calculation_result","final_output","true"
"workflow-personal-savings-rate-standard","1","validate","التحقق من القيم والوحدات","validation","user_input","validated_input","true"
"workflow-personal-savings-rate-standard","2","calculate","تنفيذ المعادلة","formula","validated_input","calculation_result","true"
"workflow-personal-savings-rate-standard","3","format","تقريب وتنسيق النتيجة","transform","calculation_result","final_output","true"
"workflow-debt-service-ratio-standard","1","validate","التحقق من القيم والوحدات","validation","user_input","validated_input","true"
"workflow-debt-service-ratio-standard","2","calculate","تنفيذ المعادلة","formula","validated_input","calculation_result","true"
"workflow-debt-service-ratio-standard","3","format","تقريب وتنسيق النتيجة","transform","calculation_result","final_output","true"
"workflow-emergency-fund-months-standard","1","validate","التحقق من القيم والوحدات","validation","user_input","validated_input","true"
"workflow-emergency-fund-months-standard","2","calculate","تنفيذ المعادلة","formula","validated_input","calculation_result","true"
"workflow-emergency-fund-months-standard","3","format","تقريب وتنسيق النتيجة","transform","calculation_result","final_output","true"
"workflow-rule-of-72-calculator-standard","1","validate","التحقق من القيم والوحدات","validation","user_input","validated_input","true"
"workflow-rule-of-72-calculator-standard","2","calculate","تنفيذ المعادلة","formula","validated_input","calculation_result","true"
"workflow-rule-of-72-calculator-standard","3","format","تقريب وتنسيق النتيجة","transform","calculation_result","final_output","true"
"workflow-monthly-budget-surplus-standard","1","validate","التحقق من القيم والوحدات","validation","user_input","validated_input","true"
"workflow-monthly-budget-surplus-standard","2","calculate","تنفيذ المعادلة","formula","validated_input","calculation_result","true"
"workflow-monthly-budget-surplus-standard","3","format","تقريب وتنسيق النتيجة","transform","calculation_result","final_output","true"
"workflow-annual-expense-projection-standard","1","validate","التحقق من القيم والوحدات","validation","user_input","validated_input","true"
"workflow-annual-expense-projection-standard","2","calculate","تنفيذ المعادلة","formula","validated_input","calculation_result","true"
"workflow-annual-expense-projection-standard","3","format","تقريب وتنسيق النتيجة","transform","calculation_result","final_output","true"
"workflow-sinking-fund-contribution-standard","1","validate","التحقق من القيم والوحدات","validation","user_input","validated_input","true"
"workflow-sinking-fund-contribution-standard","2","calculate","تنفيذ المعادلة","formula","validated_input","calculation_result","true"
"workflow-sinking-fund-contribution-standard","3","format","تقريب وتنسيق النتيجة","transform","calculation_result","final_output","true"
"workflow-cash-runway-calculator-standard","1","validate","التحقق من القيم والوحدات","validation","user_input","validated_input","true"
"workflow-cash-runway-calculator-standard","2","calculate","تنفيذ المعادلة","formula","validated_input","calculation_result","true"
"workflow-cash-runway-calculator-standard","3","format","تقريب وتنسيق النتيجة","transform","calculation_result","final_output","true"
"workflow-productivity-rate-calculator-standard","1","validate","التحقق من القيم والوحدات","validation","user_input","validated_input","true"
"workflow-productivity-rate-calculator-standard","2","calculate","تنفيذ المعادلة","formula","validated_input","calculation_result","true"
"workflow-productivity-rate-calculator-standard","3","format","تقريب وتنسيق النتيجة","transform","calculation_result","final_output","true"
"workflow-task-completion-rate-standard","1","validate","التحقق من القيم والوحدات","validation","user_input","validated_input","true"
"workflow-task-completion-rate-standard","2","calculate","تنفيذ المعادلة","formula","validated_input","calculation_result","true"
"workflow-task-completion-rate-standard","3","format","تقريب وتنسيق النتيجة","transform","calculation_result","final_output","true"
"workflow-fuel-efficiency-calculator-standard","1","validate","التحقق من القيم والوحدات","validation","user_input","validated_input","true"
"workflow-fuel-efficiency-calculator-standard","2","calculate","تنفيذ المعادلة","formula","validated_input","calculation_result","true"
"workflow-fuel-efficiency-calculator-standard","3","format","تقريب وتنسيق النتيجة","transform","calculation_result","final_output","true"
"workflow-electricity-usage-cost-standard","1","validate","التحقق من القيم والوحدات","validation","user_input","validated_input","true"
"workflow-electricity-usage-cost-standard","2","calculate","تنفيذ المعادلة","formula","validated_input","calculation_result","true"
"workflow-electricity-usage-cost-standard","3","format","تقريب وتنسيق النتيجة","transform","calculation_result","final_output","true"
"workflow-water-consumption-cost-standard","1","validate","التحقق من القيم والوحدات","validation","user_input","validated_input","true"
"workflow-water-consumption-cost-standard","2","calculate","تنفيذ المعادلة","formula","validated_input","calculation_result","true"
"workflow-water-consumption-cost-standard","3","format","تقريب وتنسيق النتيجة","transform","calculation_result","final_output","true"
"workflow-unit-price-comparison-standard","1","validate","التحقق من القيم والوحدات","validation","user_input","validated_input","true"
"workflow-unit-price-comparison-standard","2","calculate","تنفيذ المعادلة","formula","validated_input","calculation_result","true"
"workflow-unit-price-comparison-standard","3","format","تقريب وتنسيق النتيجة","transform","calculation_result","final_output","true"
"workflow-shared-expense-split-standard","1","validate","التحقق من القيم والوحدات","validation","user_input","validated_input","true"
"workflow-shared-expense-split-standard","2","calculate","تنفيذ المعادلة","formula","validated_input","calculation_result","true"
"workflow-shared-expense-split-standard","3","format","تقريب وتنسيق النتيجة","transform","calculation_result","final_output","true"
"workflow-millimeter-to-inch-converter-standard","1","validate","التحقق من القيم والوحدات","validation","user_input","validated_input","true"
"workflow-millimeter-to-inch-converter-standard","2","calculate","تنفيذ المعادلة","formula","validated_input","calculation_result","true"
"workflow-millimeter-to-inch-converter-standard","3","format","تقريب وتنسيق النتيجة","transform","calculation_result","final_output","true"
"workflow-inch-to-millimeter-converter-standard","1","validate","التحقق من القيم والوحدات","validation","user_input","validated_input","true"
"workflow-inch-to-millimeter-converter-standard","2","calculate","تنفيذ المعادلة","formula","validated_input","calculation_result","true"
"workflow-inch-to-millimeter-converter-standard","3","format","تقريب وتنسيق النتيجة","transform","calculation_result","final_output","true"
"workflow-liter-to-us-gallon-converter-standard","1","validate","التحقق من القيم والوحدات","validation","user_input","validated_input","true"
"workflow-liter-to-us-gallon-converter-standard","2","calculate","تنفيذ المعادلة","formula","validated_input","calculation_result","true"
"workflow-liter-to-us-gallon-converter-standard","3","format","تقريب وتنسيق النتيجة","transform","calculation_result","final_output","true"
"workflow-us-gallon-to-liter-converter-standard","1","validate","التحقق من القيم والوحدات","validation","user_input","validated_input","true"
"workflow-us-gallon-to-liter-converter-standard","2","calculate","تنفيذ المعادلة","formula","validated_input","calculation_result","true"
"workflow-us-gallon-to-liter-converter-standard","3","format","تقريب وتنسيق النتيجة","transform","calculation_result","final_output","true"
"workflow-square-meter-to-square-foot-standard","1","validate","التحقق من القيم والوحدات","validation","user_input","validated_input","true"
"workflow-square-meter-to-square-foot-standard","2","calculate","تنفيذ المعادلة","formula","validated_input","calculation_result","true"
"workflow-square-meter-to-square-foot-standard","3","format","تقريب وتنسيق النتيجة","transform","calculation_result","final_output","true"
"workflow-mile-hour-to-kilometer-hour-standard","1","validate","التحقق من القيم والوحدات","validation","user_input","validated_input","true"
"workflow-mile-hour-to-kilometer-hour-standard","2","calculate","تنفيذ المعادلة","formula","validated_input","calculation_result","true"
"workflow-mile-hour-to-kilometer-hour-standard","3","format","تقريب وتنسيق النتيجة","transform","calculation_result","final_output","true"
"workflow-annual-rent-monthly-equivalent-standard","1","validate","التحقق من القيم والوحدات","validation","user_input","validated_input","true"
"workflow-annual-rent-monthly-equivalent-standard","2","calculate","تنفيذ المعادلة","formula","validated_input","calculation_result","true"
"workflow-annual-rent-monthly-equivalent-standard","3","format","تقريب وتنسيق النتيجة","transform","calculation_result","final_output","true"
"workflow-gosi-employee-deduction-estimate-standard","1","validate","التحقق من القيم والوحدات","validation","user_input","validated_input","true"
"workflow-gosi-employee-deduction-estimate-standard","2","calculate","تنفيذ المعادلة","formula","validated_input","calculation_result","true"
"workflow-gosi-employee-deduction-estimate-standard","3","format","تقريب وتنسيق النتيجة","transform","calculation_result","final_output","true"
"workflow-salary-after-gosi-estimate-standard","1","validate","التحقق من القيم والوحدات","validation","user_input","validated_input","true"
"workflow-salary-after-gosi-estimate-standard","2","calculate","تنفيذ المعادلة","formula","validated_input","calculation_result","true"
"workflow-salary-after-gosi-estimate-standard","3","format","تقريب وتنسيق النتيجة","transform","calculation_result","final_output","true"
"workflow-end-of-service-first-five-years-standard","1","validate","التحقق من القيم والوحدات","validation","user_input","validated_input","true"
"workflow-end-of-service-first-five-years-standard","2","calculate","تنفيذ المعادلة","formula","validated_input","calculation_result","true"
"workflow-end-of-service-first-five-years-standard","3","format","تقريب وتنسيق النتيجة","transform","calculation_result","final_output","true"
"workflow-end-of-service-over-five-years-standard","1","validate","التحقق من القيم والوحدات","validation","user_input","validated_input","true"
"workflow-end-of-service-over-five-years-standard","2","calculate","تنفيذ المعادلة","formula","validated_input","calculation_result","true"
"workflow-end-of-service-over-five-years-standard","3","format","تقريب وتنسيق النتيجة","transform","calculation_result","final_output","true"
"workflow-housing-allowance-estimate-standard","1","validate","التحقق من القيم والوحدات","validation","user_input","validated_input","true"
"workflow-housing-allowance-estimate-standard","2","calculate","تنفيذ المعادلة","formula","validated_input","calculation_result","true"
"workflow-housing-allowance-estimate-standard","3","format","تقريب وتنسيق النتيجة","transform","calculation_result","final_output","true"
"workflow-thirty-day-daily-wage-standard","1","validate","التحقق من القيم والوحدات","validation","user_input","validated_input","true"
"workflow-thirty-day-daily-wage-standard","2","calculate","تنفيذ المعادلة","formula","validated_input","calculation_result","true"
"workflow-thirty-day-daily-wage-standard","3","format","تقريب وتنسيق النتيجة","transform","calculation_result","final_output","true"
"workflow-zakat-base-estimate-standard","1","validate","التحقق من القيم والوحدات","validation","user_input","validated_input","true"
"workflow-zakat-base-estimate-standard","2","calculate","تنفيذ المعادلة","formula","validated_input","calculation_result","true"
"workflow-zakat-base-estimate-standard","3","format","تقريب وتنسيق النتيجة","transform","calculation_result","final_output","true"
"workflow-trip-fuel-cost-calculator-standard","1","validate","التحقق من القيم والوحدات","validation","user_input","validated_input","true"
"workflow-trip-fuel-cost-calculator-standard","2","calculate","تنفيذ المعادلة","formula","validated_input","calculation_result","true"
"workflow-trip-fuel-cost-calculator-standard","3","format","تقريب وتنسيق النتيجة","transform","calculation_result","final_output","true"
"workflow-hotel-stay-total-calculator-standard","1","validate","التحقق من القيم والوحدات","validation","user_input","validated_input","true"
"workflow-hotel-stay-total-calculator-standard","2","calculate","تنفيذ المعادلة","formula","validated_input","calculation_result","true"
"workflow-hotel-stay-total-calculator-standard","3","format","تقريب وتنسيق النتيجة","transform","calculation_result","final_output","true"
"workflow-focus-ratio-calculator-standard","1","validate","التحقق من القيم والوحدات","validation","user_input","validated_input","true"
"workflow-focus-ratio-calculator-standard","2","calculate","تنفيذ المعادلة","formula","validated_input","calculation_result","true"
"workflow-focus-ratio-calculator-standard","3","format","تقريب وتنسيق النتيجة","transform","calculation_result","final_output","true"
"workflow-travel-currency-budget-calculator-standard","1","validate","التحقق من القيم والوحدات","validation","user_input","validated_input","true"
"workflow-travel-currency-budget-calculator-standard","2","calculate","تنفيذ المعادلة","formula","validated_input","calculation_result","true"
"workflow-travel-currency-budget-calculator-standard","3","format","تقريب وتنسيق النتيجة","transform","calculation_result","final_output","true"
"workflow-baggage-overweight-fee-calculator-standard","1","validate","التحقق من القيم والوحدات","validation","user_input","validated_input","true"
"workflow-baggage-overweight-fee-calculator-standard","2","calculate","تنفيذ المعادلة","formula","validated_input","calculation_result","true"
"workflow-baggage-overweight-fee-calculator-standard","3","format","تقريب وتنسيق النتيجة","transform","calculation_result","final_output","true"
"workflow-travel-time-calculator-standard","1","validate","التحقق من القيم والوحدات","validation","user_input","validated_input","true"
"workflow-travel-time-calculator-standard","2","calculate","تنفيذ المعادلة","formula","validated_input","calculation_result","true"
"workflow-travel-time-calculator-standard","3","format","تقريب وتنسيق النتيجة","transform","calculation_result","final_output","true"
"workflow-itinerary-hours-per-day-calculator-standard","1","validate","التحقق من القيم والوحدات","validation","user_input","validated_input","true"
"workflow-itinerary-hours-per-day-calculator-standard","2","calculate","تنفيذ المعادلة","formula","validated_input","calculation_result","true"
"workflow-itinerary-hours-per-day-calculator-standard","3","format","تقريب وتنسيق النتيجة","transform","calculation_result","final_output","true"
"workflow-group-trip-share-calculator-standard","1","validate","التحقق من القيم والوحدات","validation","user_input","validated_input","true"
"workflow-group-trip-share-calculator-standard","2","calculate","تنفيذ المعادلة","formula","validated_input","calculation_result","true"
"workflow-group-trip-share-calculator-standard","3","format","تقريب وتنسيق النتيجة","transform","calculation_result","final_output","true"
"workflow-energy-efficiency-improvement-calculator-standard","1","validate","التحقق من القيم والوحدات","validation","user_input","validated_input","true"
"workflow-energy-efficiency-improvement-calculator-standard","2","calculate","تنفيذ المعادلة","formula","validated_input","calculation_result","true"
"workflow-energy-efficiency-improvement-calculator-standard","3","format","تقريب وتنسيق النتيجة","transform","calculation_result","final_output","true"
"workflow-average-order-value-calculator-standard","1","validate","التحقق من القيم والوحدات","validation","user_input","validated_input","true"
"workflow-average-order-value-calculator-standard","2","calculate","تنفيذ المعادلة","formula","validated_input","calculation_result","true"
"workflow-average-order-value-calculator-standard","3","format","تقريب وتنسيق النتيجة","transform","calculation_result","final_output","true"
"workflow-cart-abandonment-rate-calculator-standard","1","validate","التحقق من القيم والوحدات","validation","user_input","validated_input","true"
"workflow-cart-abandonment-rate-calculator-standard","2","calculate","تنفيذ المعادلة","formula","validated_input","calculation_result","true"
"workflow-cart-abandonment-rate-calculator-standard","3","format","تقريب وتنسيق النتيجة","transform","calculation_result","final_output","true"
"workflow-ecommerce-conversion-rate-calculator-standard","1","validate","التحقق من القيم والوحدات","validation","user_input","validated_input","true"
"workflow-ecommerce-conversion-rate-calculator-standard","2","calculate","تنفيذ المعادلة","formula","validated_input","calculation_result","true"
"workflow-ecommerce-conversion-rate-calculator-standard","3","format","تقريب وتنسيق النتيجة","transform","calculation_result","final_output","true"
"workflow-customer-lifetime-value-basic-calculator-standard","1","validate","التحقق من القيم والوحدات","validation","user_input","validated_input","true"
"workflow-customer-lifetime-value-basic-calculator-standard","2","calculate","تنفيذ المعادلة","formula","validated_input","calculation_result","true"
"workflow-customer-lifetime-value-basic-calculator-standard","3","format","تقريب وتنسيق النتيجة","transform","calculation_result","final_output","true"
"workflow-commute-carbon-emissions-calculator-standard","1","validate","التحقق من القيم والوحدات","validation","user_input","validated_input","true"
"workflow-commute-carbon-emissions-calculator-standard","2","calculate","تنفيذ المعادلة","formula","validated_input","calculation_result","true"
"workflow-commute-carbon-emissions-calculator-standard","3","format","تقريب وتنسيق النتيجة","transform","calculation_result","final_output","true"
"workflow-appliance-annual-energy-cost-calculator-standard","1","validate","التحقق من القيم والوحدات","validation","user_input","validated_input","true"
"workflow-appliance-annual-energy-cost-calculator-standard","2","calculate","تنفيذ المعادلة","formula","validated_input","calculation_result","true"
"workflow-appliance-annual-energy-cost-calculator-standard","3","format","تقريب وتنسيق النتيجة","transform","calculation_result","final_output","true"
"workflow-tree-offset-calculator-standard","1","validate","التحقق من القيم والوحدات","validation","user_input","validated_input","true"
"workflow-tree-offset-calculator-standard","2","calculate","تنفيذ المعادلة","formula","validated_input","calculation_result","true"
"workflow-tree-offset-calculator-standard","3","format","تقريب وتنسيق النتيجة","transform","calculation_result","final_output","true"
"workflow-paper-reams-saved-calculator-standard","1","validate","التحقق من القيم والوحدات","validation","user_input","validated_input","true"
"workflow-paper-reams-saved-calculator-standard","2","calculate","تنفيذ المعادلة","formula","validated_input","calculation_result","true"
"workflow-paper-reams-saved-calculator-standard","3","format","تقريب وتنسيق النتيجة","transform","calculation_result","final_output","true"
"workflow-recycling-rate-calculator-standard","1","validate","التحقق من القيم والوحدات","validation","user_input","validated_input","true"
"workflow-recycling-rate-calculator-standard","2","calculate","تنفيذ المعادلة","formula","validated_input","calculation_result","true"
"workflow-recycling-rate-calculator-standard","3","format","تقريب وتنسيق النتيجة","transform","calculation_result","final_output","true"
"workflow-water-savings-calculator-standard","1","validate","التحقق من القيم والوحدات","validation","user_input","validated_input","true"
"workflow-water-savings-calculator-standard","2","calculate","تنفيذ المعادلة","formula","validated_input","calculation_result","true"
"workflow-water-savings-calculator-standard","3","format","تقريب وتنسيق النتيجة","transform","calculation_result","final_output","true"
"workflow-solar-energy-savings-calculator-standard","1","validate","التحقق من القيم والوحدات","validation","user_input","validated_input","true"
"workflow-solar-energy-savings-calculator-standard","2","calculate","تنفيذ المعادلة","formula","validated_input","calculation_result","true"
"workflow-solar-energy-savings-calculator-standard","3","format","تقريب وتنسيق النتيجة","transform","calculation_result","final_output","true"
"workflow-fuel-carbon-emissions-calculator-standard","1","validate","التحقق من القيم والوحدات","validation","user_input","validated_input","true"
"workflow-fuel-carbon-emissions-calculator-standard","2","calculate","تنفيذ المعادلة","formula","validated_input","calculation_result","true"
"workflow-fuel-carbon-emissions-calculator-standard","3","format","تقريب وتنسيق النتيجة","transform","calculation_result","final_output","true"
"workflow-electricity-carbon-emissions-calculator-standard","1","validate","التحقق من القيم والوحدات","validation","user_input","validated_input","true"
"workflow-electricity-carbon-emissions-calculator-standard","2","calculate","تنفيذ المعادلة","formula","validated_input","calculation_result","true"
"workflow-electricity-carbon-emissions-calculator-standard","3","format","تقريب وتنسيق النتيجة","transform","calculation_result","final_output","true"
"workflow-freelancer-project-capacity-calculator-standard","1","validate","التحقق من القيم والوحدات","validation","user_input","validated_input","true"
"workflow-freelancer-project-capacity-calculator-standard","2","calculate","تنفيذ المعادلة","formula","validated_input","calculation_result","true"
"workflow-freelancer-project-capacity-calculator-standard","3","format","تقريب وتنسيق النتيجة","transform","calculation_result","final_output","true"
"workflow-late-payment-fee-calculator-standard","1","validate","التحقق من القيم والوحدات","validation","user_input","validated_input","true"
"workflow-late-payment-fee-calculator-standard","2","calculate","تنفيذ المعادلة","formula","validated_input","calculation_result","true"
"workflow-late-payment-fee-calculator-standard","3","format","تقريب وتنسيق النتيجة","transform","calculation_result","final_output","true"
"workflow-retainer-contract-value-calculator-standard","1","validate","التحقق من القيم والوحدات","validation","user_input","validated_input","true"
"workflow-retainer-contract-value-calculator-standard","2","calculate","تنفيذ المعادلة","formula","validated_input","calculation_result","true"
"workflow-retainer-contract-value-calculator-standard","3","format","تقريب وتنسيق النتيجة","transform","calculation_result","final_output","true"
"workflow-effective-hourly-rate-calculator-standard","1","validate","التحقق من القيم والوحدات","validation","user_input","validated_input","true"
"workflow-effective-hourly-rate-calculator-standard","2","calculate","تنفيذ المعادلة","formula","validated_input","calculation_result","true"
"workflow-effective-hourly-rate-calculator-standard","3","format","تقريب وتنسيق النتيجة","transform","calculation_result","final_output","true"
"workflow-proposal-win-rate-calculator-standard","1","validate","التحقق من القيم والوحدات","validation","user_input","validated_input","true"
"workflow-proposal-win-rate-calculator-standard","2","calculate","تنفيذ المعادلة","formula","validated_input","calculation_result","true"
"workflow-proposal-win-rate-calculator-standard","3","format","تقريب وتنسيق النتيجة","transform","calculation_result","final_output","true"
"workflow-net-freelance-income-calculator-standard","1","validate","التحقق من القيم والوحدات","validation","user_input","validated_input","true"
"workflow-net-freelance-income-calculator-standard","2","calculate","تنفيذ المعادلة","formula","validated_input","calculation_result","true"
"workflow-net-freelance-income-calculator-standard","3","format","تقريب وتنسيق النتيجة","transform","calculation_result","final_output","true"
"workflow-freelance-platform-fee-calculator-standard","1","validate","التحقق من القيم والوحدات","validation","user_input","validated_input","true"
"workflow-freelance-platform-fee-calculator-standard","2","calculate","تنفيذ المعادلة","formula","validated_input","calculation_result","true"
"workflow-freelance-platform-fee-calculator-standard","3","format","تقريب وتنسيق النتيجة","transform","calculation_result","final_output","true"
"workflow-freelancer-tax-reserve-calculator-standard","1","validate","التحقق من القيم والوحدات","validation","user_input","validated_input","true"
"workflow-freelancer-tax-reserve-calculator-standard","2","calculate","تنفيذ المعادلة","formula","validated_input","calculation_result","true"
"workflow-freelancer-tax-reserve-calculator-standard","3","format","تقريب وتنسيق النتيجة","transform","calculation_result","final_output","true"
"workflow-freelance-project-price-calculator-standard","1","validate","التحقق من القيم والوحدات","validation","user_input","validated_input","true"
"workflow-freelance-project-price-calculator-standard","2","calculate","تنفيذ المعادلة","formula","validated_input","calculation_result","true"
"workflow-freelance-project-price-calculator-standard","3","format","تقريب وتنسيق النتيجة","transform","calculation_result","final_output","true"
"workflow-freelancer-hourly-rate-calculator-standard","1","validate","التحقق من القيم والوحدات","validation","user_input","validated_input","true"
"workflow-freelancer-hourly-rate-calculator-standard","2","calculate","تنفيذ المعادلة","formula","validated_input","calculation_result","true"
"workflow-freelancer-hourly-rate-calculator-standard","3","format","تقريب وتنسيق النتيجة","transform","calculation_result","final_output","true"
"workflow-restaurant-occupancy-rate-calculator-standard","1","validate","التحقق من القيم والوحدات","validation","user_input","validated_input","true"
"workflow-restaurant-occupancy-rate-calculator-standard","2","calculate","تنفيذ المعادلة","formula","validated_input","calculation_result","true"
"workflow-restaurant-occupancy-rate-calculator-standard","3","format","تقريب وتنسيق النتيجة","transform","calculation_result","final_output","true"
"workflow-restaurant-break-even-orders-calculator-standard","1","validate","التحقق من القيم والوحدات","validation","user_input","validated_input","true"
"workflow-restaurant-break-even-orders-calculator-standard","2","calculate","تنفيذ المعادلة","formula","validated_input","calculation_result","true"
"workflow-restaurant-break-even-orders-calculator-standard","3","format","تقريب وتنسيق النتيجة","transform","calculation_result","final_output","true"
"workflow-food-wastage-rate-calculator-standard","1","validate","التحقق من القيم والوحدات","validation","user_input","validated_input","true"
"workflow-food-wastage-rate-calculator-standard","2","calculate","تنفيذ المعادلة","formula","validated_input","calculation_result","true"
"workflow-food-wastage-rate-calculator-standard","3","format","تقريب وتنسيق النتيجة","transform","calculation_result","final_output","true"
"workflow-delivery-platform-fee-calculator-standard","1","validate","التحقق من القيم والوحدات","validation","user_input","validated_input","true"
"workflow-delivery-platform-fee-calculator-standard","2","calculate","تنفيذ المعادلة","formula","validated_input","calculation_result","true"
"workflow-delivery-platform-fee-calculator-standard","3","format","تقريب وتنسيق النتيجة","transform","calculation_result","final_output","true"
"workflow-recipe-cost-per-serving-calculator-standard","1","validate","التحقق من القيم والوحدات","validation","user_input","validated_input","true"
"workflow-recipe-cost-per-serving-calculator-standard","2","calculate","تنفيذ المعادلة","formula","validated_input","calculation_result","true"
"workflow-recipe-cost-per-serving-calculator-standard","3","format","تقريب وتنسيق النتيجة","transform","calculation_result","final_output","true"
"workflow-restaurant-labor-cost-percentage-calculator-standard","1","validate","التحقق من القيم والوحدات","validation","user_input","validated_input","true"
"workflow-restaurant-labor-cost-percentage-calculator-standard","2","calculate","تنفيذ المعادلة","formula","validated_input","calculation_result","true"
"workflow-restaurant-labor-cost-percentage-calculator-standard","3","format","تقريب وتنسيق النتيجة","transform","calculation_result","final_output","true"
"workflow-average-check-calculator-standard","1","validate","التحقق من القيم والوحدات","validation","user_input","validated_input","true"
"workflow-average-check-calculator-standard","2","calculate","تنفيذ المعادلة","formula","validated_input","calculation_result","true"
"workflow-average-check-calculator-standard","3","format","تقريب وتنسيق النتيجة","transform","calculation_result","final_output","true"
"workflow-table-turnover-calculator-standard","1","validate","التحقق من القيم والوحدات","validation","user_input","validated_input","true"
"workflow-table-turnover-calculator-standard","2","calculate","تنفيذ المعادلة","formula","validated_input","calculation_result","true"
"workflow-table-turnover-calculator-standard","3","format","تقريب وتنسيق النتيجة","transform","calculation_result","final_output","true"
"workflow-menu-price-from-food-cost-calculator-standard","1","validate","التحقق من القيم والوحدات","validation","user_input","validated_input","true"
"workflow-menu-price-from-food-cost-calculator-standard","2","calculate","تنفيذ المعادلة","formula","validated_input","calculation_result","true"
"workflow-menu-price-from-food-cost-calculator-standard","3","format","تقريب وتنسيق النتيجة","transform","calculation_result","final_output","true"
"workflow-food-cost-percentage-calculator-standard","1","validate","التحقق من القيم والوحدات","validation","user_input","validated_input","true"
"workflow-food-cost-percentage-calculator-standard","2","calculate","تنفيذ المعادلة","formula","validated_input","calculation_result","true"
"workflow-food-cost-percentage-calculator-standard","3","format","تقريب وتنسيق النتيجة","transform","calculation_result","final_output","true"
"workflow-delivery-route-cost-calculator-standard","1","validate","التحقق من القيم والوحدات","validation","user_input","validated_input","true"
"workflow-delivery-route-cost-calculator-standard","2","calculate","تنفيذ المعادلة","formula","validated_input","calculation_result","true"
"workflow-delivery-route-cost-calculator-standard","3","format","تقريب وتنسيق النتيجة","transform","calculation_result","final_output","true"
"workflow-safety-stock-calculator-standard","1","validate","التحقق من القيم والوحدات","validation","user_input","validated_input","true"
"workflow-safety-stock-calculator-standard","2","calculate","تنفيذ المعادلة","formula","validated_input","calculation_result","true"
"workflow-safety-stock-calculator-standard","3","format","تقريب وتنسيق النتيجة","transform","calculation_result","final_output","true"
"workflow-reorder-point-calculator-standard","1","validate","التحقق من القيم والوحدات","validation","user_input","validated_input","true"
"workflow-reorder-point-calculator-standard","2","calculate","تنفيذ المعادلة","formula","validated_input","calculation_result","true"
"workflow-reorder-point-calculator-standard","3","format","تقريب وتنسيق النتيجة","transform","calculation_result","final_output","true"
"workflow-inventory-carrying-cost-calculator-standard","1","validate","التحقق من القيم والوحدات","validation","user_input","validated_input","true"
"workflow-inventory-carrying-cost-calculator-standard","2","calculate","تنفيذ المعادلة","formula","validated_input","calculation_result","true"
"workflow-inventory-carrying-cost-calculator-standard","3","format","تقريب وتنسيق النتيجة","transform","calculation_result","final_output","true"
"workflow-on-time-delivery-rate-calculator-standard","1","validate","التحقق من القيم والوحدات","validation","user_input","validated_input","true"
"workflow-on-time-delivery-rate-calculator-standard","2","calculate","تنفيذ المعادلة","formula","validated_input","calculation_result","true"
"workflow-on-time-delivery-rate-calculator-standard","3","format","تقريب وتنسيق النتيجة","transform","calculation_result","final_output","true"
"workflow-order-accuracy-rate-calculator-standard","1","validate","التحقق من القيم والوحدات","validation","user_input","validated_input","true"
"workflow-order-accuracy-rate-calculator-standard","2","calculate","تنفيذ المعادلة","formula","validated_input","calculation_result","true"
"workflow-order-accuracy-rate-calculator-standard","3","format","تقريب وتنسيق النتيجة","transform","calculation_result","final_output","true"
"workflow-warehouse-space-utilization-calculator-standard","1","validate","التحقق من القيم والوحدات","validation","user_input","validated_input","true"
"workflow-warehouse-space-utilization-calculator-standard","2","calculate","تنفيذ المعادلة","formula","validated_input","calculation_result","true"
"workflow-warehouse-space-utilization-calculator-standard","3","format","تقريب وتنسيق النتيجة","transform","calculation_result","final_output","true"
"workflow-vehicle-capacity-utilization-calculator-standard","1","validate","التحقق من القيم والوحدات","validation","user_input","validated_input","true"
"workflow-vehicle-capacity-utilization-calculator-standard","2","calculate","تنفيذ المعادلة","formula","validated_input","calculation_result","true"
"workflow-vehicle-capacity-utilization-calculator-standard","3","format","تقريب وتنسيق النتيجة","transform","calculation_result","final_output","true"
"workflow-delivery-cost-per-order-calculator-standard","1","validate","التحقق من القيم والوحدات","validation","user_input","validated_input","true"
"workflow-delivery-cost-per-order-calculator-standard","2","calculate","تنفيذ المعادلة","formula","validated_input","calculation_result","true"
"workflow-delivery-cost-per-order-calculator-standard","3","format","تقريب وتنسيق النتيجة","transform","calculation_result","final_output","true"
"workflow-freight-cost-per-kg-calculator-standard","1","validate","التحقق من القيم والوحدات","validation","user_input","validated_input","true"
"workflow-freight-cost-per-kg-calculator-standard","2","calculate","تنفيذ المعادلة","formula","validated_input","calculation_result","true"
"workflow-freight-cost-per-kg-calculator-standard","3","format","تقريب وتنسيق النتيجة","transform","calculation_result","final_output","true"
"workflow-sales-win-loss-ratio-calculator-standard","1","validate","التحقق من القيم والوحدات","validation","user_input","validated_input","true"
"workflow-sales-win-loss-ratio-calculator-standard","2","calculate","تنفيذ المعادلة","formula","validated_input","calculation_result","true"
"workflow-sales-win-loss-ratio-calculator-standard","3","format","تقريب وتنسيق النتيجة","transform","calculation_result","final_output","true"
"workflow-sales-commission-calculator-standard","1","validate","التحقق من القيم والوحدات","validation","user_input","validated_input","true"
"workflow-sales-commission-calculator-standard","2","calculate","تنفيذ المعادلة","formula","validated_input","calculation_result","true"
"workflow-sales-commission-calculator-standard","3","format","تقريب وتنسيق النتيجة","transform","calculation_result","final_output","true"
"workflow-cross-sell-revenue-calculator-standard","1","validate","التحقق من القيم والوحدات","validation","user_input","validated_input","true"
"workflow-cross-sell-revenue-calculator-standard","2","calculate","تنفيذ المعادلة","formula","validated_input","calculation_result","true"
"workflow-cross-sell-revenue-calculator-standard","3","format","تقريب وتنسيق النتيجة","transform","calculation_result","final_output","true"
"workflow-upsell-rate-calculator-standard","1","validate","التحقق من القيم والوحدات","validation","user_input","validated_input","true"
"workflow-upsell-rate-calculator-standard","2","calculate","تنفيذ المعادلة","formula","validated_input","calculation_result","true"
"workflow-upsell-rate-calculator-standard","3","format","تقريب وتنسيق النتيجة","transform","calculation_result","final_output","true"
"workflow-lead-response-time-calculator-standard","1","validate","التحقق من القيم والوحدات","validation","user_input","validated_input","true"
"workflow-lead-response-time-calculator-standard","2","calculate","تنفيذ المعادلة","formula","validated_input","calculation_result","true"
"workflow-lead-response-time-calculator-standard","3","format","تقريب وتنسيق النتيجة","transform","calculation_result","final_output","true"
"workflow-pipeline-coverage-calculator-standard","1","validate","التحقق من القيم والوحدات","validation","user_input","validated_input","true"
"workflow-pipeline-coverage-calculator-standard","2","calculate","تنفيذ المعادلة","formula","validated_input","calculation_result","true"
"workflow-pipeline-coverage-calculator-standard","3","format","تقريب وتنسيق النتيجة","transform","calculation_result","final_output","true"
"workflow-quota-attainment-calculator-standard","1","validate","التحقق من القيم والوحدات","validation","user_input","validated_input","true"
"workflow-quota-attainment-calculator-standard","2","calculate","تنفيذ المعادلة","formula","validated_input","calculation_result","true"
"workflow-quota-attainment-calculator-standard","3","format","تقريب وتنسيق النتيجة","transform","calculation_result","final_output","true"
"workflow-average-sales-cycle-calculator-standard","1","validate","التحقق من القيم والوحدات","validation","user_input","validated_input","true"
"workflow-average-sales-cycle-calculator-standard","2","calculate","تنفيذ المعادلة","formula","validated_input","calculation_result","true"
"workflow-average-sales-cycle-calculator-standard","3","format","تقريب وتنسيق النتيجة","transform","calculation_result","final_output","true"
"workflow-sales-conversion-rate-calculator-standard","1","validate","التحقق من القيم والوحدات","validation","user_input","validated_input","true"
"workflow-sales-conversion-rate-calculator-standard","2","calculate","تنفيذ المعادلة","formula","validated_input","calculation_result","true"
"workflow-sales-conversion-rate-calculator-standard","3","format","تقريب وتنسيق النتيجة","transform","calculation_result","final_output","true"
"workflow-newsletter-open-rate-calculator-standard","1","validate","التحقق من القيم والوحدات","validation","user_input","validated_input","true"
"workflow-newsletter-open-rate-calculator-standard","2","calculate","تنفيذ المعادلة","formula","validated_input","calculation_result","true"
"workflow-newsletter-open-rate-calculator-standard","3","format","تقريب وتنسيق النتيجة","transform","calculation_result","final_output","true"
"workflow-affiliate-revenue-calculator-standard","1","validate","التحقق من القيم والوحدات","validation","user_input","validated_input","true"
"workflow-affiliate-revenue-calculator-standard","2","calculate","تنفيذ المعادلة","formula","validated_input","calculation_result","true"
"workflow-affiliate-revenue-calculator-standard","3","format","تقريب وتنسيق النتيجة","transform","calculation_result","final_output","true"
"workflow-thumbnail-click-through-rate-calculator-standard","1","validate","التحقق من القيم والوحدات","validation","user_input","validated_input","true"
"workflow-thumbnail-click-through-rate-calculator-standard","2","calculate","تنفيذ المعادلة","formula","validated_input","calculation_result","true"
"workflow-thumbnail-click-through-rate-calculator-standard","3","format","تقريب وتنسيق النتيجة","transform","calculation_result","final_output","true"
"workflow-video-watch-time-calculator-standard","1","validate","التحقق من القيم والوحدات","validation","user_input","validated_input","true"
"workflow-video-watch-time-calculator-standard","2","calculate","تنفيذ المعادلة","formula","validated_input","calculation_result","true"
"workflow-video-watch-time-calculator-standard","3","format","تقريب وتنسيق النتيجة","transform","calculation_result","final_output","true"
"workflow-content-publishing-frequency-calculator-standard","1","validate","التحقق من القيم والوحدات","validation","user_input","validated_input","true"
"workflow-content-publishing-frequency-calculator-standard","2","calculate","تنفيذ المعادلة","formula","validated_input","calculation_result","true"
"workflow-content-publishing-frequency-calculator-standard","3","format","تقريب وتنسيق النتيجة","transform","calculation_result","final_output","true"
"workflow-video-production-cost-calculator-standard","1","validate","التحقق من القيم والوحدات","validation","user_input","validated_input","true"
"workflow-video-production-cost-calculator-standard","2","calculate","تنفيذ المعادلة","formula","validated_input","calculation_result","true"
"workflow-video-production-cost-calculator-standard","3","format","تقريب وتنسيق النتيجة","transform","calculation_result","final_output","true"
"workflow-average-deal-size-calculator-standard","1","validate","التحقق من القيم والوحدات","validation","user_input","validated_input","true"
"workflow-average-deal-size-calculator-standard","2","calculate","تنفيذ المعادلة","formula","validated_input","calculation_result","true"
"workflow-average-deal-size-calculator-standard","3","format","تقريب وتنسيق النتيجة","transform","calculation_result","final_output","true"
"workflow-sponsorship-rate-calculator-standard","1","validate","التحقق من القيم والوحدات","validation","user_input","validated_input","true"
"workflow-sponsorship-rate-calculator-standard","2","calculate","تنفيذ المعادلة","formula","validated_input","calculation_result","true"
"workflow-sponsorship-rate-calculator-standard","3","format","تقريب وتنسيق النتيجة","transform","calculation_result","final_output","true"
"workflow-follower-growth-rate-calculator-standard","1","validate","التحقق من القيم والوحدات","validation","user_input","validated_input","true"
"workflow-follower-growth-rate-calculator-standard","2","calculate","تنفيذ المعادلة","formula","validated_input","calculation_result","true"
"workflow-follower-growth-rate-calculator-standard","3","format","تقريب وتنسيق النتيجة","transform","calculation_result","final_output","true"
"workflow-social-engagement-rate-calculator-standard","1","validate","التحقق من القيم والوحدات","validation","user_input","validated_input","true"
"workflow-social-engagement-rate-calculator-standard","2","calculate","تنفيذ المعادلة","formula","validated_input","calculation_result","true"
"workflow-social-engagement-rate-calculator-standard","3","format","تقريب وتنسيق النتيجة","transform","calculation_result","final_output","true"
"workflow-youtube-cpm-revenue-calculator-standard","1","validate","التحقق من القيم والوحدات","validation","user_input","validated_input","true"
"workflow-youtube-cpm-revenue-calculator-standard","2","calculate","تنفيذ المعادلة","formula","validated_input","calculation_result","true"
"workflow-youtube-cpm-revenue-calculator-standard","3","format","تقريب وتنسيق النتيجة","transform","calculation_result","final_output","true"
"workflow-deadline-buffer-calculator-standard","1","validate","التحقق من القيم والوحدات","validation","user_input","validated_input","true"
"workflow-deadline-buffer-calculator-standard","2","calculate","تنفيذ المعادلة","formula","validated_input","calculation_result","true"
"workflow-deadline-buffer-calculator-standard","3","format","تقريب وتنسيق النتيجة","transform","calculation_result","final_output","true"
"workflow-productivity-output-per-hour-calculator-standard","1","validate","التحقق من القيم والوحدات","validation","user_input","validated_input","true"
"workflow-productivity-output-per-hour-calculator-standard","2","calculate","تنفيذ المعادلة","formula","validated_input","calculation_result","true"
"workflow-productivity-output-per-hour-calculator-standard","3","format","تقريب وتنسيق النتيجة","transform","calculation_result","final_output","true"
"workflow-team-utilization-rate-calculator-standard","1","validate","التحقق من القيم والوحدات","validation","user_input","validated_input","true"
"workflow-team-utilization-rate-calculator-standard","2","calculate","تنفيذ المعادلة","formula","validated_input","calculation_result","true"
"workflow-team-utilization-rate-calculator-standard","3","format","تقريب وتنسيق النتيجة","transform","calculation_result","final_output","true"
"workflow-automation-time-saved-calculator-standard","1","validate","التحقق من القيم والوحدات","validation","user_input","validated_input","true"
"workflow-automation-time-saved-calculator-standard","2","calculate","تنفيذ المعادلة","formula","validated_input","calculation_result","true"
"workflow-automation-time-saved-calculator-standard","3","format","تقريب وتنسيق النتيجة","transform","calculation_result","final_output","true"
"workflow-meeting-cost-calculator-standard","1","validate","التحقق من القيم والوحدات","validation","user_input","validated_input","true"
"workflow-meeting-cost-calculator-standard","2","calculate","تنفيذ المعادلة","formula","validated_input","calculation_result","true"
"workflow-meeting-cost-calculator-standard","3","format","تقريب وتنسيق النتيجة","transform","calculation_result","final_output","true"
"workflow-project-progress-calculator-standard","1","validate","التحقق من القيم والوحدات","validation","user_input","validated_input","true"
"workflow-project-progress-calculator-standard","2","calculate","تنفيذ المعادلة","formula","validated_input","calculation_result","true"
"workflow-project-progress-calculator-standard","3","format","تقريب وتنسيق النتيجة","transform","calculation_result","final_output","true"
"workflow-weekly-work-capacity-calculator-standard","1","validate","التحقق من القيم والوحدات","validation","user_input","validated_input","true"
"workflow-weekly-work-capacity-calculator-standard","2","calculate","تنفيذ المعادلة","formula","validated_input","calculation_result","true"
"workflow-weekly-work-capacity-calculator-standard","3","format","تقريب وتنسيق النتيجة","transform","calculation_result","final_output","true"
"workflow-pomodoro-session-calculator-standard","1","validate","التحقق من القيم والوحدات","validation","user_input","validated_input","true"
"workflow-pomodoro-session-calculator-standard","2","calculate","تنفيذ المعادلة","formula","validated_input","calculation_result","true"
"workflow-pomodoro-session-calculator-standard","3","format","تقريب وتنسيق النتيجة","transform","calculation_result","final_output","true"
"workflow-ecommerce-return-rate-calculator-standard","1","validate","التحقق من القيم والوحدات","validation","user_input","validated_input","true"
"workflow-ecommerce-return-rate-calculator-standard","2","calculate","تنفيذ المعادلة","formula","validated_input","calculation_result","true"
"workflow-ecommerce-return-rate-calculator-standard","3","format","تقريب وتنسيق النتيجة","transform","calculation_result","final_output","true"
"workflow-ecommerce-refund-rate-calculator-standard","1","validate","التحقق من القيم والوحدات","validation","user_input","validated_input","true"
"workflow-ecommerce-refund-rate-calculator-standard","2","calculate","تنفيذ المعادلة","formula","validated_input","calculation_result","true"
"workflow-ecommerce-refund-rate-calculator-standard","3","format","تقريب وتنسيق النتيجة","transform","calculation_result","final_output","true"
"workflow-shipping-cost-per-order-calculator-standard","1","validate","التحقق من القيم والوحدات","validation","user_input","validated_input","true"
"workflow-shipping-cost-per-order-calculator-standard","2","calculate","تنفيذ المعادلة","formula","validated_input","calculation_result","true"
"workflow-shipping-cost-per-order-calculator-standard","3","format","تقريب وتنسيق النتيجة","transform","calculation_result","final_output","true"
"workflow-inventory-turnover-calculator-standard","1","validate","التحقق من القيم والوحدات","validation","user_input","validated_input","true"
"workflow-inventory-turnover-calculator-standard","2","calculate","تنفيذ المعادلة","formula","validated_input","calculation_result","true"
"workflow-inventory-turnover-calculator-standard","3","format","تقريب وتنسيق النتيجة","transform","calculation_result","final_output","true"
"workflow-break-even-orders-calculator-standard","1","validate","التحقق من القيم والوحدات","validation","user_input","validated_input","true"
"workflow-break-even-orders-calculator-standard","2","calculate","تنفيذ المعادلة","formula","validated_input","calculation_result","true"
"workflow-break-even-orders-calculator-standard","3","format","تقريب وتنسيق النتيجة","transform","calculation_result","final_output","true"
"workflow-marketplace-commission-calculator-standard","1","validate","التحقق من القيم والوحدات","validation","user_input","validated_input","true"
"workflow-marketplace-commission-calculator-standard","2","calculate","تنفيذ المعادلة","formula","validated_input","calculation_result","true"
"workflow-marketplace-commission-calculator-standard","3","format","تقريب وتنسيق النتيجة","transform","calculation_result","final_output","true"
"workflow-rental-yield-calculator-standard","1","validate","التحقق من القيم والوحدات","validation","user_input","validated_input","true"
"workflow-rental-yield-calculator-standard","2","calculate","تنفيذ المعادلة","formula","validated_input","calculation_result","true"
"workflow-rental-yield-calculator-standard","3","format","تقريب وتنسيق النتيجة","transform","calculation_result","final_output","true"
"workflow-task-completion-rate-calculator-standard","1","validate","التحقق من القيم والوحدات","validation","user_input","validated_input","true"
"workflow-task-completion-rate-calculator-standard","2","calculate","تنفيذ المعادلة","formula","validated_input","calculation_result","true"
"workflow-task-completion-rate-calculator-standard","3","format","تقريب وتنسيق النتيجة","transform","calculation_result","final_output","true"
"workflow-cap-rate-calculator-standard","1","validate","التحقق من القيم والوحدات","validation","user_input","validated_input","true"
"workflow-cap-rate-calculator-standard","2","calculate","تنفيذ المعادلة","formula","validated_input","calculation_result","true"
"workflow-cap-rate-calculator-standard","3","format","تقريب وتنسيق النتيجة","transform","calculation_result","final_output","true"
"workflow-price-per-square-meter-calculator-standard","1","validate","التحقق من القيم والوحدات","validation","user_input","validated_input","true"
"workflow-price-per-square-meter-calculator-standard","2","calculate","تنفيذ المعادلة","formula","validated_input","calculation_result","true"
"workflow-price-per-square-meter-calculator-standard","3","format","تقريب وتنسيق النتيجة","transform","calculation_result","final_output","true"
"workflow-mortgage-monthly-payment-calculator-standard","1","validate","التحقق من القيم والوحدات","validation","user_input","validated_input","true"
"workflow-mortgage-monthly-payment-calculator-standard","2","calculate","تنفيذ المعادلة","formula","validated_input","calculation_result","true"
"workflow-mortgage-monthly-payment-calculator-standard","3","format","تقريب وتنسيق النتيجة","transform","calculation_result","final_output","true"
"workflow-down-payment-calculator-standard","1","validate","التحقق من القيم والوحدات","validation","user_input","validated_input","true"
"workflow-down-payment-calculator-standard","2","calculate","تنفيذ المعادلة","formula","validated_input","calculation_result","true"
"workflow-down-payment-calculator-standard","3","format","تقريب وتنسيق النتيجة","transform","calculation_result","final_output","true"
"workflow-visa-fees-total-calculator-standard","1","validate","التحقق من القيم والوحدات","validation","user_input","validated_input","true"
"workflow-visa-fees-total-calculator-standard","2","calculate","تنفيذ المعادلة","formula","validated_input","calculation_result","true"
"workflow-visa-fees-total-calculator-standard","3","format","تقريب وتنسيق النتيجة","transform","calculation_result","final_output","true"
"workflow-loan-to-value-calculator-standard","1","validate","التحقق من القيم والوحدات","validation","user_input","validated_input","true"
"workflow-loan-to-value-calculator-standard","2","calculate","تنفيذ المعادلة","formula","validated_input","calculation_result","true"
"workflow-loan-to-value-calculator-standard","3","format","تقريب وتنسيق النتيجة","transform","calculation_result","final_output","true"
"workflow-property-appreciation-calculator-standard","1","validate","التحقق من القيم والوحدات","validation","user_input","validated_input","true"
"workflow-property-appreciation-calculator-standard","2","calculate","تنفيذ المعادلة","formula","validated_input","calculation_result","true"
"workflow-property-appreciation-calculator-standard","3","format","تقريب وتنسيق النتيجة","transform","calculation_result","final_output","true"
"workflow-rental-vacancy-loss-calculator-standard","1","validate","التحقق من القيم والوحدات","validation","user_input","validated_input","true"
"workflow-rental-vacancy-loss-calculator-standard","2","calculate","تنفيذ المعادلة","formula","validated_input","calculation_result","true"
"workflow-rental-vacancy-loss-calculator-standard","3","format","تقريب وتنسيق النتيجة","transform","calculation_result","final_output","true"
"workflow-property-management-fee-calculator-standard","1","validate","التحقق من القيم والوحدات","validation","user_input","validated_input","true"
"workflow-property-management-fee-calculator-standard","2","calculate","تنفيذ المعادلة","formula","validated_input","calculation_result","true"
"workflow-property-management-fee-calculator-standard","3","format","تقريب وتنسيق النتيجة","transform","calculation_result","final_output","true"
"workflow-real-estate-cash-roi-calculator-standard","1","validate","التحقق من القيم والوحدات","validation","user_input","validated_input","true"
"workflow-real-estate-cash-roi-calculator-standard","2","calculate","تنفيذ المعادلة","formula","validated_input","calculation_result","true"
"workflow-real-estate-cash-roi-calculator-standard","3","format","تقريب وتنسيق النتيجة","transform","calculation_result","final_output","true"
"workflow-trip-budget-per-day-calculator-standard","1","validate","التحقق من القيم والوحدات","validation","user_input","validated_input","true"
"workflow-trip-budget-per-day-calculator-standard","2","calculate","تنفيذ المعادلة","formula","validated_input","calculation_result","true"
"workflow-trip-budget-per-day-calculator-standard","3","format","تقريب وتنسيق النتيجة","transform","calculation_result","final_output","true"
"workflow-travel-insurance-cost-calculator-standard","1","validate","التحقق من القيم والوحدات","validation","user_input","validated_input","true"
"workflow-travel-insurance-cost-calculator-standard","2","calculate","تنفيذ المعادلة","formula","validated_input","calculation_result","true"
"workflow-travel-insurance-cost-calculator-standard","3","format","تقريب وتنسيق النتيجة","transform","calculation_result","final_output","true"
"workflow-overtime-percentage-calculator-standard","1","validate","التحقق من القيم والوحدات","validation","user_input","validated_input","true"
"workflow-overtime-percentage-calculator-standard","2","calculate","تنفيذ المعادلة","formula","validated_input","calculation_result","true"
"workflow-overtime-percentage-calculator-standard","3","format","تقريب وتنسيق النتيجة","transform","calculation_result","final_output","true"
"workflow-annual-fuel-cost-calculator-standard","1","validate","التحقق من القيم والوحدات","validation","user_input","validated_input","true"
"workflow-annual-fuel-cost-calculator-standard","2","calculate","تنفيذ المعادلة","formula","validated_input","calculation_result","true"
"workflow-annual-fuel-cost-calculator-standard","3","format","تقريب وتنسيق النتيجة","transform","calculation_result","final_output","true"
"workflow-vehicle-depreciation-calculator-standard","1","validate","التحقق من القيم والوحدات","validation","user_input","validated_input","true"
"workflow-vehicle-depreciation-calculator-standard","2","calculate","تنفيذ المعادلة","formula","validated_input","calculation_result","true"
"workflow-vehicle-depreciation-calculator-standard","3","format","تقريب وتنسيق النتيجة","transform","calculation_result","final_output","true"
"workflow-vehicle-maintenance-budget-calculator-standard","1","validate","التحقق من القيم والوحدات","validation","user_input","validated_input","true"
"workflow-vehicle-maintenance-budget-calculator-standard","2","calculate","تنفيذ المعادلة","formula","validated_input","calculation_result","true"
"workflow-vehicle-maintenance-budget-calculator-standard","3","format","تقريب وتنسيق النتيجة","transform","calculation_result","final_output","true"
"workflow-vehicle-ownership-monthly-cost-calculator-standard","1","validate","التحقق من القيم والوحدات","validation","user_input","validated_input","true"
"workflow-vehicle-ownership-monthly-cost-calculator-standard","2","calculate","تنفيذ المعادلة","formula","validated_input","calculation_result","true"
"workflow-vehicle-ownership-monthly-cost-calculator-standard","3","format","تقريب وتنسيق النتيجة","transform","calculation_result","final_output","true"
"workflow-tire-cost-per-km-calculator-standard","1","validate","التحقق من القيم والوحدات","validation","user_input","validated_input","true"
"workflow-tire-cost-per-km-calculator-standard","2","calculate","تنفيذ المعادلة","formula","validated_input","calculation_result","true"
"workflow-tire-cost-per-km-calculator-standard","3","format","تقريب وتنسيق النتيجة","transform","calculation_result","final_output","true"
"workflow-lease-mileage-overage-calculator-standard","1","validate","التحقق من القيم والوحدات","validation","user_input","validated_input","true"
"workflow-lease-mileage-overage-calculator-standard","2","calculate","تنفيذ المعادلة","formula","validated_input","calculation_result","true"
"workflow-lease-mileage-overage-calculator-standard","3","format","تقريب وتنسيق النتيجة","transform","calculation_result","final_output","true"
"workflow-vehicle-finance-total-cost-calculator-standard","1","validate","التحقق من القيم والوحدات","validation","user_input","validated_input","true"
"workflow-vehicle-finance-total-cost-calculator-standard","2","calculate","تنفيذ المعادلة","formula","validated_input","calculation_result","true"
"workflow-vehicle-finance-total-cost-calculator-standard","3","format","تقريب وتنسيق النتيجة","transform","calculation_result","final_output","true"
"workflow-ride-profit-calculator-standard","1","validate","التحقق من القيم والوحدات","validation","user_input","validated_input","true"
"workflow-ride-profit-calculator-standard","2","calculate","تنفيذ المعادلة","formula","validated_input","calculation_result","true"
"workflow-ride-profit-calculator-standard","3","format","تقريب وتنسيق النتيجة","transform","calculation_result","final_output","true"
"workflow-vehicle-cost-per-km-calculator-standard","1","validate","التحقق من القيم والوحدات","validation","user_input","validated_input","true"
"workflow-vehicle-cost-per-km-calculator-standard","2","calculate","تنفيذ المعادلة","formula","validated_input","calculation_result","true"
"workflow-vehicle-cost-per-km-calculator-standard","3","format","تقريب وتنسيق النتيجة","transform","calculation_result","final_output","true"
"workflow-concrete-volume-calculator-standard","1","validate","التحقق من القيم والوحدات","validation","user_input","validated_input","true"
"workflow-concrete-volume-calculator-standard","2","calculate","تنفيذ المعادلة","formula","validated_input","calculation_result","true"
"workflow-concrete-volume-calculator-standard","3","format","تقريب وتنسيق النتيجة","transform","calculation_result","final_output","true"
"workflow-asset-storage-calculator-standard","1","validate","التحقق من القيم والوحدات","validation","user_input","validated_input","true"
"workflow-asset-storage-calculator-standard","2","calculate","تنفيذ المعادلة","formula","validated_input","calculation_result","true"
"workflow-asset-storage-calculator-standard","3","format","تقريب وتنسيق النتيجة","transform","calculation_result","final_output","true"
"workflow-brick-count-calculator-standard","1","validate","التحقق من القيم والوحدات","validation","user_input","validated_input","true"
"workflow-brick-count-calculator-standard","2","calculate","تنفيذ المعادلة","formula","validated_input","calculation_result","true"
"workflow-brick-count-calculator-standard","3","format","تقريب وتنسيق النتيجة","transform","calculation_result","final_output","true"
"workflow-paint-liters-calculator-standard","1","validate","التحقق من القيم والوحدات","validation","user_input","validated_input","true"
"workflow-paint-liters-calculator-standard","2","calculate","تنفيذ المعادلة","formula","validated_input","calculation_result","true"
"workflow-paint-liters-calculator-standard","3","format","تقريب وتنسيق النتيجة","transform","calculation_result","final_output","true"
"workflow-tile-quantity-calculator-standard","1","validate","التحقق من القيم والوحدات","validation","user_input","validated_input","true"
"workflow-tile-quantity-calculator-standard","2","calculate","تنفيذ المعادلة","formula","validated_input","calculation_result","true"
"workflow-tile-quantity-calculator-standard","3","format","تقريب وتنسيق النتيجة","transform","calculation_result","final_output","true"
"workflow-cement-bags-calculator-standard","1","validate","التحقق من القيم والوحدات","validation","user_input","validated_input","true"
"workflow-cement-bags-calculator-standard","2","calculate","تنفيذ المعادلة","formula","validated_input","calculation_result","true"
"workflow-cement-bags-calculator-standard","3","format","تقريب وتنسيق النتيجة","transform","calculation_result","final_output","true"
"workflow-wall-area-calculator-standard","1","validate","التحقق من القيم والوحدات","validation","user_input","validated_input","true"
"workflow-wall-area-calculator-standard","2","calculate","تنفيذ المعادلة","formula","validated_input","calculation_result","true"
"workflow-wall-area-calculator-standard","3","format","تقريب وتنسيق النتيجة","transform","calculation_result","final_output","true"
"workflow-fertilizer-requirement-calculator-standard","1","validate","التحقق من القيم والوحدات","validation","user_input","validated_input","true"
"workflow-fertilizer-requirement-calculator-standard","2","calculate","تنفيذ المعادلة","formula","validated_input","calculation_result","true"
"workflow-fertilizer-requirement-calculator-standard","3","format","تقريب وتنسيق النتيجة","transform","calculation_result","final_output","true"
"workflow-construction-labor-cost-calculator-standard","1","validate","التحقق من القيم والوحدات","validation","user_input","validated_input","true"
"workflow-construction-labor-cost-calculator-standard","2","calculate","تنفيذ المعادلة","formula","validated_input","calculation_result","true"
"workflow-construction-labor-cost-calculator-standard","3","format","تقريب وتنسيق النتيجة","transform","calculation_result","final_output","true"
"workflow-material-waste-cost-calculator-standard","1","validate","التحقق من القيم والوحدات","validation","user_input","validated_input","true"
"workflow-material-waste-cost-calculator-standard","2","calculate","تنفيذ المعادلة","formula","validated_input","calculation_result","true"
"workflow-material-waste-cost-calculator-standard","3","format","تقريب وتنسيق النتيجة","transform","calculation_result","final_output","true"
"workflow-project-contingency-calculator-standard","1","validate","التحقق من القيم والوحدات","validation","user_input","validated_input","true"
"workflow-project-contingency-calculator-standard","2","calculate","تنفيذ المعادلة","formula","validated_input","calculation_result","true"
"workflow-project-contingency-calculator-standard","3","format","تقريب وتنسيق النتيجة","transform","calculation_result","final_output","true"
"workflow-rebar-weight-estimator-standard","1","validate","التحقق من القيم والوحدات","validation","user_input","validated_input","true"
"workflow-rebar-weight-estimator-standard","2","calculate","تنفيذ المعادلة","formula","validated_input","calculation_result","true"
"workflow-rebar-weight-estimator-standard","3","format","تقريب وتنسيق النتيجة","transform","calculation_result","final_output","true"
"workflow-seed-requirement-calculator-standard","1","validate","التحقق من القيم والوحدات","validation","user_input","validated_input","true"
"workflow-seed-requirement-calculator-standard","2","calculate","تنفيذ المعادلة","formula","validated_input","calculation_result","true"
"workflow-seed-requirement-calculator-standard","3","format","تقريب وتنسيق النتيجة","transform","calculation_result","final_output","true"
"workflow-irrigation-water-calculator-standard","1","validate","التحقق من القيم والوحدات","validation","user_input","validated_input","true"
"workflow-irrigation-water-calculator-standard","2","calculate","تنفيذ المعادلة","formula","validated_input","calculation_result","true"
"workflow-irrigation-water-calculator-standard","3","format","تقريب وتنسيق النتيجة","transform","calculation_result","final_output","true"
"workflow-crop-yield-per-hectare-calculator-standard","1","validate","التحقق من القيم والوحدات","validation","user_input","validated_input","true"
"workflow-crop-yield-per-hectare-calculator-standard","2","calculate","تنفيذ المعادلة","formula","validated_input","calculation_result","true"
"workflow-crop-yield-per-hectare-calculator-standard","3","format","تقريب وتنسيق النتيجة","transform","calculation_result","final_output","true"
"workflow-farm-revenue-calculator-standard","1","validate","التحقق من القيم والوحدات","validation","user_input","validated_input","true"
"workflow-farm-revenue-calculator-standard","2","calculate","تنفيذ المعادلة","formula","validated_input","calculation_result","true"
"workflow-farm-revenue-calculator-standard","3","format","تقريب وتنسيق النتيجة","transform","calculation_result","final_output","true"
"workflow-animal-feed-requirement-calculator-standard","1","validate","التحقق من القيم والوحدات","validation","user_input","validated_input","true"
"workflow-animal-feed-requirement-calculator-standard","2","calculate","تنفيذ المعادلة","formula","validated_input","calculation_result","true"
"workflow-animal-feed-requirement-calculator-standard","3","format","تقريب وتنسيق النتيجة","transform","calculation_result","final_output","true"
"workflow-livestock-weight-gain-calculator-standard","1","validate","التحقق من القيم والوحدات","validation","user_input","validated_input","true"
"workflow-livestock-weight-gain-calculator-standard","2","calculate","تنفيذ المعادلة","formula","validated_input","calculation_result","true"
"workflow-livestock-weight-gain-calculator-standard","3","format","تقريب وتنسيق النتيجة","transform","calculation_result","final_output","true"
"workflow-greenhouse-plant-capacity-calculator-standard","1","validate","التحقق من القيم والوحدات","validation","user_input","validated_input","true"
"workflow-greenhouse-plant-capacity-calculator-standard","2","calculate","تنفيذ المعادلة","formula","validated_input","calculation_result","true"
"workflow-greenhouse-plant-capacity-calculator-standard","3","format","تقريب وتنسيق النتيجة","transform","calculation_result","final_output","true"
"workflow-pesticide-dilution-calculator-standard","1","validate","التحقق من القيم والوحدات","validation","user_input","validated_input","true"
"workflow-pesticide-dilution-calculator-standard","2","calculate","تنفيذ المعادلة","formula","validated_input","calculation_result","true"
"workflow-pesticide-dilution-calculator-standard","3","format","تقريب وتنسيق النتيجة","transform","calculation_result","final_output","true"
"workflow-harvest-loss-calculator-standard","1","validate","التحقق من القيم والوحدات","validation","user_input","validated_input","true"
"workflow-harvest-loss-calculator-standard","2","calculate","تنفيذ المعادلة","formula","validated_input","calculation_result","true"
"workflow-harvest-loss-calculator-standard","3","format","تقريب وتنسيق النتيجة","transform","calculation_result","final_output","true"
"workflow-event-cost-per-attendee-calculator-standard","1","validate","التحقق من القيم والوحدات","validation","user_input","validated_input","true"
"workflow-event-cost-per-attendee-calculator-standard","2","calculate","تنفيذ المعادلة","formula","validated_input","calculation_result","true"
"workflow-event-cost-per-attendee-calculator-standard","3","format","تقريب وتنسيق النتيجة","transform","calculation_result","final_output","true"
"workflow-ticket-break-even-calculator-standard","1","validate","التحقق من القيم والوحدات","validation","user_input","validated_input","true"
"workflow-ticket-break-even-calculator-standard","2","calculate","تنفيذ المعادلة","formula","validated_input","calculation_result","true"
"workflow-ticket-break-even-calculator-standard","3","format","تقريب وتنسيق النتيجة","transform","calculation_result","final_output","true"
"workflow-sponsorship-coverage-calculator-standard","1","validate","التحقق من القيم والوحدات","validation","user_input","validated_input","true"
"workflow-sponsorship-coverage-calculator-standard","2","calculate","تنفيذ المعادلة","formula","validated_input","calculation_result","true"
"workflow-sponsorship-coverage-calculator-standard","3","format","تقريب وتنسيق النتيجة","transform","calculation_result","final_output","true"
"workflow-event-catering-cost-calculator-standard","1","validate","التحقق من القيم والوحدات","validation","user_input","validated_input","true"
"workflow-event-catering-cost-calculator-standard","2","calculate","تنفيذ المعادلة","formula","validated_input","calculation_result","true"
"workflow-event-catering-cost-calculator-standard","3","format","تقريب وتنسيق النتيجة","transform","calculation_result","final_output","true"
"workflow-venue-occupancy-rate-calculator-standard","1","validate","التحقق من القيم والوحدات","validation","user_input","validated_input","true"
"workflow-venue-occupancy-rate-calculator-standard","2","calculate","تنفيذ المعادلة","formula","validated_input","calculation_result","true"
"workflow-venue-occupancy-rate-calculator-standard","3","format","تقريب وتنسيق النتيجة","transform","calculation_result","final_output","true"
"workflow-cost-per-hire-calculator-standard","1","validate","التحقق من القيم والوحدات","validation","user_input","validated_input","true"
"workflow-cost-per-hire-calculator-standard","2","calculate","تنفيذ المعادلة","formula","validated_input","calculation_result","true"
"workflow-cost-per-hire-calculator-standard","3","format","تقريب وتنسيق النتيجة","transform","calculation_result","final_output","true"
"workflow-event-profit-calculator-standard","1","validate","التحقق من القيم والوحدات","validation","user_input","validated_input","true"
"workflow-event-profit-calculator-standard","2","calculate","تنفيذ المعادلة","formula","validated_input","calculation_result","true"
"workflow-event-profit-calculator-standard","3","format","تقريب وتنسيق النتيجة","transform","calculation_result","final_output","true"
"workflow-event-staff-ratio-calculator-standard","1","validate","التحقق من القيم والوحدات","validation","user_input","validated_input","true"
"workflow-event-staff-ratio-calculator-standard","2","calculate","تنفيذ المعادلة","formula","validated_input","calculation_result","true"
"workflow-event-staff-ratio-calculator-standard","3","format","تقريب وتنسيق النتيجة","transform","calculation_result","final_output","true"
"workflow-event-checkin-rate-calculator-standard","1","validate","التحقق من القيم والوحدات","validation","user_input","validated_input","true"
"workflow-event-checkin-rate-calculator-standard","2","calculate","تنفيذ المعادلة","formula","validated_input","calculation_result","true"
"workflow-event-checkin-rate-calculator-standard","3","format","تقريب وتنسيق النتيجة","transform","calculation_result","final_output","true"
"workflow-event-no-show-rate-calculator-standard","1","validate","التحقق من القيم والوحدات","validation","user_input","validated_input","true"
"workflow-event-no-show-rate-calculator-standard","2","calculate","تنفيذ المعادلة","formula","validated_input","calculation_result","true"
"workflow-event-no-show-rate-calculator-standard","3","format","تقريب وتنسيق النتيجة","transform","calculation_result","final_output","true"
"workflow-booth-revenue-calculator-standard","1","validate","التحقق من القيم والوحدات","validation","user_input","validated_input","true"
"workflow-booth-revenue-calculator-standard","2","calculate","تنفيذ المعادلة","formula","validated_input","calculation_result","true"
"workflow-booth-revenue-calculator-standard","3","format","تقريب وتنسيق النتيجة","transform","calculation_result","final_output","true"
"workflow-employee-turnover-rate-calculator-standard","1","validate","التحقق من القيم والوحدات","validation","user_input","validated_input","true"
"workflow-employee-turnover-rate-calculator-standard","2","calculate","تنفيذ المعادلة","formula","validated_input","calculation_result","true"
"workflow-employee-turnover-rate-calculator-standard","3","format","تقريب وتنسيق النتيجة","transform","calculation_result","final_output","true"
"workflow-employee-absence-rate-calculator-standard","1","validate","التحقق من القيم والوحدات","validation","user_input","validated_input","true"
"workflow-employee-absence-rate-calculator-standard","2","calculate","تنفيذ المعادلة","formula","validated_input","calculation_result","true"
"workflow-employee-absence-rate-calculator-standard","3","format","تقريب وتنسيق النتيجة","transform","calculation_result","final_output","true"
"workflow-time-to-hire-calculator-standard","1","validate","التحقق من القيم والوحدات","validation","user_input","validated_input","true"
"workflow-time-to-hire-calculator-standard","2","calculate","تنفيذ المعادلة","formula","validated_input","calculation_result","true"
"workflow-time-to-hire-calculator-standard","3","format","تقريب وتنسيق النتيجة","transform","calculation_result","final_output","true"
"workflow-revenue-per-employee-calculator-standard","1","validate","التحقق من القيم والوحدات","validation","user_input","validated_input","true"
"workflow-revenue-per-employee-calculator-standard","2","calculate","تنفيذ المعادلة","formula","validated_input","calculation_result","true"
"workflow-revenue-per-employee-calculator-standard","3","format","تقريب وتنسيق النتيجة","transform","calculation_result","final_output","true"
"workflow-training-cost-per-employee-calculator-standard","1","validate","التحقق من القيم والوحدات","validation","user_input","validated_input","true"
"workflow-training-cost-per-employee-calculator-standard","2","calculate","تنفيذ المعادلة","formula","validated_input","calculation_result","true"
"workflow-training-cost-per-employee-calculator-standard","3","format","تقريب وتنسيق النتيجة","transform","calculation_result","final_output","true"
"workflow-employee-retention-rate-calculator-standard","1","validate","التحقق من القيم والوحدات","validation","user_input","validated_input","true"
"workflow-employee-retention-rate-calculator-standard","2","calculate","تنفيذ المعادلة","formula","validated_input","calculation_result","true"
"workflow-employee-retention-rate-calculator-standard","3","format","تقريب وتنسيق النتيجة","transform","calculation_result","final_output","true"
"workflow-vehicle-fuel-cost-calculator-standard","1","validate","التحقق من القيم والوحدات","validation","user_input","validated_input","true"
"workflow-vehicle-fuel-cost-calculator-standard","2","calculate","تنفيذ المعادلة","formula","validated_input","calculation_result","true"
"workflow-vehicle-fuel-cost-calculator-standard","3","format","تقريب وتنسيق النتيجة","transform","calculation_result","final_output","true"
"workflow-payroll-burden-calculator-standard","1","validate","التحقق من القيم والوحدات","validation","user_input","validated_input","true"
"workflow-payroll-burden-calculator-standard","2","calculate","تنفيذ المعادلة","formula","validated_input","calculation_result","true"
"workflow-payroll-burden-calculator-standard","3","format","تقريب وتنسيق النتيجة","transform","calculation_result","final_output","true"
"workflow-vacancy-rate-calculator-standard","1","validate","التحقق من القيم والوحدات","validation","user_input","validated_input","true"
"workflow-vacancy-rate-calculator-standard","2","calculate","تنفيذ المعادلة","formula","validated_input","calculation_result","true"
"workflow-vacancy-rate-calculator-standard","3","format","تقريب وتنسيق النتيجة","transform","calculation_result","final_output","true"
"workflow-organic-ctr-calculator-standard","1","validate","التحقق من القيم والوحدات","validation","user_input","validated_input","true"
"workflow-organic-ctr-calculator-standard","2","calculate","تنفيذ المعادلة","formula","validated_input","calculation_result","true"
"workflow-organic-ctr-calculator-standard","3","format","تقريب وتنسيق النتيجة","transform","calculation_result","final_output","true"
"workflow-organic-conversion-rate-calculator-standard","1","validate","التحقق من القيم والوحدات","validation","user_input","validated_input","true"
"workflow-organic-conversion-rate-calculator-standard","2","calculate","تنفيذ المعادلة","formula","validated_input","calculation_result","true"
"workflow-organic-conversion-rate-calculator-standard","3","format","تقريب وتنسيق النتيجة","transform","calculation_result","final_output","true"
"workflow-keyword-ranking-growth-calculator-standard","1","validate","التحقق من القيم والوحدات","validation","user_input","validated_input","true"
"workflow-keyword-ranking-growth-calculator-standard","2","calculate","تنفيذ المعادلة","formula","validated_input","calculation_result","true"
"workflow-keyword-ranking-growth-calculator-standard","3","format","تقريب وتنسيق النتيجة","transform","calculation_result","final_output","true"
"workflow-organic-impression-growth-calculator-standard","1","validate","التحقق من القيم والوحدات","validation","user_input","validated_input","true"
"workflow-organic-impression-growth-calculator-standard","2","calculate","تنفيذ المعادلة","formula","validated_input","calculation_result","true"
"workflow-organic-impression-growth-calculator-standard","3","format","تقريب وتنسيق النتيجة","transform","calculation_result","final_output","true"
"workflow-backlink-growth-rate-calculator-standard","1","validate","التحقق من القيم والوحدات","validation","user_input","validated_input","true"
"workflow-backlink-growth-rate-calculator-standard","2","calculate","تنفيذ المعادلة","formula","validated_input","calculation_result","true"
"workflow-backlink-growth-rate-calculator-standard","3","format","تقريب وتنسيق النتيجة","transform","calculation_result","final_output","true"
"workflow-seo-content-roi-calculator-standard","1","validate","التحقق من القيم والوحدات","validation","user_input","validated_input","true"
"workflow-seo-content-roi-calculator-standard","2","calculate","تنفيذ المعادلة","formula","validated_input","calculation_result","true"
"workflow-seo-content-roi-calculator-standard","3","format","تقريب وتنسيق النتيجة","transform","calculation_result","final_output","true"
"workflow-cost-per-organic-lead-calculator-standard","1","validate","التحقق من القيم والوحدات","validation","user_input","validated_input","true"
"workflow-cost-per-organic-lead-calculator-standard","2","calculate","تنفيذ المعادلة","formula","validated_input","calculation_result","true"
"workflow-cost-per-organic-lead-calculator-standard","3","format","تقريب وتنسيق النتيجة","transform","calculation_result","final_output","true"
"workflow-indexed-pages-rate-calculator-standard","1","validate","التحقق من القيم والوحدات","validation","user_input","validated_input","true"
"workflow-indexed-pages-rate-calculator-standard","2","calculate","تنفيذ المعادلة","formula","validated_input","calculation_result","true"
"workflow-indexed-pages-rate-calculator-standard","3","format","تقريب وتنسيق النتيجة","transform","calculation_result","final_output","true"
"workflow-crawl-budget-utilization-calculator-standard","1","validate","التحقق من القيم والوحدات","validation","user_input","validated_input","true"
"workflow-crawl-budget-utilization-calculator-standard","2","calculate","تنفيذ المعادلة","formula","validated_input","calculation_result","true"
"workflow-crawl-budget-utilization-calculator-standard","3","format","تقريب وتنسيق النتيجة","transform","calculation_result","final_output","true"
"workflow-serp-click-share-calculator-standard","1","validate","التحقق من القيم والوحدات","validation","user_input","validated_input","true"
"workflow-serp-click-share-calculator-standard","2","calculate","تنفيذ المعادلة","formula","validated_input","calculation_result","true"
"workflow-serp-click-share-calculator-standard","3","format","تقريب وتنسيق النتيجة","transform","calculation_result","final_output","true"
"workflow-page-weight-calculator-standard","1","validate","التحقق من القيم والوحدات","validation","user_input","validated_input","true"
"workflow-page-weight-calculator-standard","2","calculate","تنفيذ المعادلة","formula","validated_input","calculation_result","true"
"workflow-page-weight-calculator-standard","3","format","تقريب وتنسيق النتيجة","transform","calculation_result","final_output","true"
"workflow-monthly-bandwidth-calculator-standard","1","validate","التحقق من القيم والوحدات","validation","user_input","validated_input","true"
"workflow-monthly-bandwidth-calculator-standard","2","calculate","تنفيذ المعادلة","formula","validated_input","calculation_result","true"
"workflow-monthly-bandwidth-calculator-standard","3","format","تقريب وتنسيق النتيجة","transform","calculation_result","final_output","true"
"workflow-uptime-percentage-calculator-standard","1","validate","التحقق من القيم والوحدات","validation","user_input","validated_input","true"
"workflow-uptime-percentage-calculator-standard","2","calculate","تنفيذ المعادلة","formula","validated_input","calculation_result","true"
"workflow-uptime-percentage-calculator-standard","3","format","تقريب وتنسيق النتيجة","transform","calculation_result","final_output","true"
"workflow-api-error-rate-calculator-standard","1","validate","التحقق من القيم والوحدات","validation","user_input","validated_input","true"
"workflow-api-error-rate-calculator-standard","2","calculate","تنفيذ المعادلة","formula","validated_input","calculation_result","true"
"workflow-api-error-rate-calculator-standard","3","format","تقريب وتنسيق النتيجة","transform","calculation_result","final_output","true"
"workflow-net-worth-calculator-standard","1","validate","التحقق من القيم والوحدات","validation","user_input","validated_input","true"
"workflow-net-worth-calculator-standard","2","calculate","تنفيذ المعادلة","formula","validated_input","calculation_result","true"
"workflow-net-worth-calculator-standard","3","format","تقريب وتنسيق النتيجة","transform","calculation_result","final_output","true"
"workflow-average-response-time-calculator-standard","1","validate","التحقق من القيم والوحدات","validation","user_input","validated_input","true"
"workflow-average-response-time-calculator-standard","2","calculate","تنفيذ المعادلة","formula","validated_input","calculation_result","true"
"workflow-average-response-time-calculator-standard","3","format","تقريب وتنسيق النتيجة","transform","calculation_result","final_output","true"
"workflow-cache-hit-rate-calculator-standard","1","validate","التحقق من القيم والوحدات","validation","user_input","validated_input","true"
"workflow-cache-hit-rate-calculator-standard","2","calculate","تنفيذ المعادلة","formula","validated_input","calculation_result","true"
"workflow-cache-hit-rate-calculator-standard","3","format","تقريب وتنسيق النتيجة","transform","calculation_result","final_output","true"
"workflow-conversion-uplift-calculator-standard","1","validate","التحقق من القيم والوحدات","validation","user_input","validated_input","true"
"workflow-conversion-uplift-calculator-standard","2","calculate","تنفيذ المعادلة","formula","validated_input","calculation_result","true"
"workflow-conversion-uplift-calculator-standard","3","format","تقريب وتنسيق النتيجة","transform","calculation_result","final_output","true"
"workflow-bounce-rate-reduction-calculator-standard","1","validate","التحقق من القيم والوحدات","validation","user_input","validated_input","true"
"workflow-bounce-rate-reduction-calculator-standard","2","calculate","تنفيذ المعادلة","formula","validated_input","calculation_result","true"
"workflow-bounce-rate-reduction-calculator-standard","3","format","تقريب وتنسيق النتيجة","transform","calculation_result","final_output","true"
"workflow-server-cost-per-user-calculator-standard","1","validate","التحقق من القيم والوحدات","validation","user_input","validated_input","true"
"workflow-server-cost-per-user-calculator-standard","2","calculate","تنفيذ المعادلة","formula","validated_input","calculation_result","true"
"workflow-server-cost-per-user-calculator-standard","3","format","تقريب وتنسيق النتيجة","transform","calculation_result","final_output","true"
"workflow-data-transfer-cost-calculator-standard","1","validate","التحقق من القيم والوحدات","validation","user_input","validated_input","true"
"workflow-data-transfer-cost-calculator-standard","2","calculate","تنفيذ المعادلة","formula","validated_input","calculation_result","true"
"workflow-data-transfer-cost-calculator-standard","3","format","تقريب وتنسيق النتيجة","transform","calculation_result","final_output","true"
"workflow-font-license-cost-calculator-standard","1","validate","التحقق من القيم والوحدات","validation","user_input","validated_input","true"
"workflow-font-license-cost-calculator-standard","2","calculate","تنفيذ المعادلة","formula","validated_input","calculation_result","true"
"workflow-font-license-cost-calculator-standard","3","format","تقريب وتنسيق النتيجة","transform","calculation_result","final_output","true"
"workflow-design-project-quote-calculator-standard","1","validate","التحقق من القيم والوحدات","validation","user_input","validated_input","true"
"workflow-design-project-quote-calculator-standard","2","calculate","تنفيذ المعادلة","formula","validated_input","calculation_result","true"
"workflow-design-project-quote-calculator-standard","3","format","تقريب وتنسيق النتيجة","transform","calculation_result","final_output","true"
"workflow-revision-cost-calculator-standard","1","validate","التحقق من القيم والوحدات","validation","user_input","validated_input","true"
"workflow-revision-cost-calculator-standard","2","calculate","تنفيذ المعادلة","formula","validated_input","calculation_result","true"
"workflow-revision-cost-calculator-standard","3","format","تقريب وتنسيق النتيجة","transform","calculation_result","final_output","true"
"workflow-print-size-with-bleed-calculator-standard","1","validate","التحقق من القيم والوحدات","validation","user_input","validated_input","true"
"workflow-print-size-with-bleed-calculator-standard","2","calculate","تنفيذ المعادلة","formula","validated_input","calculation_result","true"
"workflow-print-size-with-bleed-calculator-standard","3","format","تقريب وتنسيق النتيجة","transform","calculation_result","final_output","true"
"workflow-pixel-width-from-dpi-calculator-standard","1","validate","التحقق من القيم والوحدات","validation","user_input","validated_input","true"
"workflow-pixel-width-from-dpi-calculator-standard","2","calculate","تنفيذ المعادلة","formula","validated_input","calculation_result","true"
"workflow-pixel-width-from-dpi-calculator-standard","3","format","تقريب وتنسيق النتيجة","transform","calculation_result","final_output","true"
"workflow-pixel-height-from-dpi-calculator-standard","1","validate","التحقق من القيم والوحدات","validation","user_input","validated_input","true"
"workflow-pixel-height-from-dpi-calculator-standard","2","calculate","تنفيذ المعادلة","formula","validated_input","calculation_result","true"
"workflow-pixel-height-from-dpi-calculator-standard","3","format","تقريب وتنسيق النتيجة","transform","calculation_result","final_output","true"
"workflow-design-utilization-rate-calculator-standard","1","validate","التحقق من القيم والوحدات","validation","user_input","validated_input","true"
"workflow-design-utilization-rate-calculator-standard","2","calculate","تنفيذ المعادلة","formula","validated_input","calculation_result","true"
"workflow-design-utilization-rate-calculator-standard","3","format","تقريب وتنسيق النتيجة","transform","calculation_result","final_output","true"
"workflow-render-time-estimator-standard","1","validate","التحقق من القيم والوحدات","validation","user_input","validated_input","true"
"workflow-render-time-estimator-standard","2","calculate","تنفيذ المعادلة","formula","validated_input","calculation_result","true"
"workflow-render-time-estimator-standard","3","format","تقريب وتنسيق النتيجة","transform","calculation_result","final_output","true"
"workflow-print-run-cost-calculator-standard","1","validate","التحقق من القيم والوحدات","validation","user_input","validated_input","true"
"workflow-print-run-cost-calculator-standard","2","calculate","تنفيذ المعادلة","formula","validated_input","calculation_result","true"
"workflow-print-run-cost-calculator-standard","3","format","تقريب وتنسيق النتيجة","transform","calculation_result","final_output","true"
"workflow-first-response-time-calculator-standard","1","validate","التحقق من القيم والوحدات","validation","user_input","validated_input","true"
"workflow-first-response-time-calculator-standard","2","calculate","تنفيذ المعادلة","formula","validated_input","calculation_result","true"
"workflow-first-response-time-calculator-standard","3","format","تقريب وتنسيق النتيجة","transform","calculation_result","final_output","true"
"workflow-average-resolution-time-calculator-standard","1","validate","التحقق من القيم والوحدات","validation","user_input","validated_input","true"
"workflow-average-resolution-time-calculator-standard","2","calculate","تنفيذ المعادلة","formula","validated_input","calculation_result","true"
"workflow-average-resolution-time-calculator-standard","3","format","تقريب وتنسيق النتيجة","transform","calculation_result","final_output","true"
"workflow-csat-score-calculator-standard","1","validate","التحقق من القيم والوحدات","validation","user_input","validated_input","true"
"workflow-csat-score-calculator-standard","2","calculate","تنفيذ المعادلة","formula","validated_input","calculation_result","true"
"workflow-csat-score-calculator-standard","3","format","تقريب وتنسيق النتيجة","transform","calculation_result","final_output","true"
"workflow-nps-score-calculator-standard","1","validate","التحقق من القيم والوحدات","validation","user_input","validated_input","true"
"workflow-nps-score-calculator-standard","2","calculate","تنفيذ المعادلة","formula","validated_input","calculation_result","true"
"workflow-nps-score-calculator-standard","3","format","تقريب وتنسيق النتيجة","transform","calculation_result","final_output","true"
"workflow-ticket-backlog-calculator-standard","1","validate","التحقق من القيم والوحدات","validation","user_input","validated_input","true"
"workflow-ticket-backlog-calculator-standard","2","calculate","تنفيذ المعادلة","formula","validated_input","calculation_result","true"
"workflow-ticket-backlog-calculator-standard","3","format","تقريب وتنسيق النتيجة","transform","calculation_result","final_output","true"
"workflow-support-cost-per-ticket-calculator-standard","1","validate","التحقق من القيم والوحدات","validation","user_input","validated_input","true"
"workflow-support-cost-per-ticket-calculator-standard","2","calculate","تنفيذ المعادلة","formula","validated_input","calculation_result","true"
"workflow-support-cost-per-ticket-calculator-standard","3","format","تقريب وتنسيق النتيجة","transform","calculation_result","final_output","true"
"workflow-self-service-deflection-rate-calculator-standard","1","validate","التحقق من القيم والوحدات","validation","user_input","validated_input","true"
"workflow-self-service-deflection-rate-calculator-standard","2","calculate","تنفيذ المعادلة","formula","validated_input","calculation_result","true"
"workflow-self-service-deflection-rate-calculator-standard","3","format","تقريب وتنسيق النتيجة","transform","calculation_result","final_output","true"
"workflow-sla-compliance-rate-calculator-standard","1","validate","التحقق من القيم والوحدات","validation","user_input","validated_input","true"
"workflow-sla-compliance-rate-calculator-standard","2","calculate","تنفيذ المعادلة","formula","validated_input","calculation_result","true"
"workflow-sla-compliance-rate-calculator-standard","3","format","تقريب وتنسيق النتيجة","transform","calculation_result","final_output","true"
"workflow-escalation-rate-calculator-standard","1","validate","التحقق من القيم والوحدات","validation","user_input","validated_input","true"
"workflow-escalation-rate-calculator-standard","2","calculate","تنفيذ المعادلة","formula","validated_input","calculation_result","true"
"workflow-escalation-rate-calculator-standard","3","format","تقريب وتنسيق النتيجة","transform","calculation_result","final_output","true"
"workflow-support-agent-utilization-calculator-standard","1","validate","التحقق من القيم والوحدات","validation","user_input","validated_input","true"
"workflow-support-agent-utilization-calculator-standard","2","calculate","تنفيذ المعادلة","formula","validated_input","calculation_result","true"
"workflow-support-agent-utilization-calculator-standard","3","format","تقريب وتنسيق النتيجة","transform","calculation_result","final_output","true"
"workflow-monthly-savings-rate-calculator-standard","1","validate","التحقق من القيم والوحدات","validation","user_input","validated_input","true"
"workflow-monthly-savings-rate-calculator-standard","2","calculate","تنفيذ المعادلة","formula","validated_input","calculation_result","true"
"workflow-monthly-savings-rate-calculator-standard","3","format","تقريب وتنسيق النتيجة","transform","calculation_result","final_output","true"
"workflow-emergency-fund-months-calculator-standard","1","validate","التحقق من القيم والوحدات","validation","user_input","validated_input","true"
"workflow-emergency-fund-months-calculator-standard","2","calculate","تنفيذ المعادلة","formula","validated_input","calculation_result","true"
"workflow-emergency-fund-months-calculator-standard","3","format","تقريب وتنسيق النتيجة","transform","calculation_result","final_output","true"
"workflow-debt-to-income-ratio-calculator-standard","1","validate","التحقق من القيم والوحدات","validation","user_input","validated_input","true"
"workflow-debt-to-income-ratio-calculator-standard","2","calculate","تنفيذ المعادلة","formula","validated_input","calculation_result","true"
"workflow-debt-to-income-ratio-calculator-standard","3","format","تقريب وتنسيق النتيجة","transform","calculation_result","final_output","true"
"workflow-simple-loan-interest-calculator-standard","1","validate","التحقق من القيم والوحدات","validation","user_input","validated_input","true"
"workflow-simple-loan-interest-calculator-standard","2","calculate","تنفيذ المعادلة","formula","validated_input","calculation_result","true"
"workflow-simple-loan-interest-calculator-standard","3","format","تقريب وتنسيق النتيجة","transform","calculation_result","final_output","true"
"workflow-monthly-savings-goal-calculator-standard","1","validate","التحقق من القيم والوحدات","validation","user_input","validated_input","true"
"workflow-monthly-savings-goal-calculator-standard","2","calculate","تنفيذ المعادلة","formula","validated_input","calculation_result","true"
"workflow-monthly-savings-goal-calculator-standard","3","format","تقريب وتنسيق النتيجة","transform","calculation_result","final_output","true"
"workflow-monthly-budget-remainder-calculator-standard","1","validate","التحقق من القيم والوحدات","validation","user_input","validated_input","true"
"workflow-monthly-budget-remainder-calculator-standard","2","calculate","تنفيذ المعادلة","formula","validated_input","calculation_result","true"
"workflow-monthly-budget-remainder-calculator-standard","3","format","تقريب وتنسيق النتيجة","transform","calculation_result","final_output","true"
"workflow-expense-growth-rate-calculator-standard","1","validate","التحقق من القيم والوحدات","validation","user_input","validated_input","true"
"workflow-expense-growth-rate-calculator-standard","2","calculate","تنفيذ المعادلة","formula","validated_input","calculation_result","true"
"workflow-expense-growth-rate-calculator-standard","3","format","تقريب وتنسيق النتيجة","transform","calculation_result","final_output","true"
"workflow-annual-subscription-cost-calculator-standard","1","validate","التحقق من القيم والوحدات","validation","user_input","validated_input","true"
"workflow-annual-subscription-cost-calculator-standard","2","calculate","تنفيذ المعادلة","formula","validated_input","calculation_result","true"
"workflow-annual-subscription-cost-calculator-standard","3","format","تقريب وتنسيق النتيجة","transform","calculation_result","final_output","true"
"workflow-personal-cash-flow-calculator-standard","1","validate","التحقق من القيم والوحدات","validation","user_input","validated_input","true"
"workflow-personal-cash-flow-calculator-standard","2","calculate","تنفيذ المعادلة","formula","validated_input","calculation_result","true"
"workflow-personal-cash-flow-calculator-standard","3","format","تقريب وتنسيق النتيجة","transform","calculation_result","final_output","true"
"workflow-guest-acquisition-cost-calculator-standard","1","validate","التحقق من القيم والوحدات","validation","user_input","validated_input","true"
"workflow-guest-acquisition-cost-calculator-standard","2","calculate","تنفيذ المعادلة","formula","validated_input","calculation_result","true"
"workflow-guest-acquisition-cost-calculator-standard","3","format","تقريب وتنسيق النتيجة","transform","calculation_result","final_output","true"
"workflow-home-electricity-cost-calculator-standard","1","validate","التحقق من القيم والوحدات","validation","user_input","validated_input","true"
"workflow-home-electricity-cost-calculator-standard","2","calculate","تنفيذ المعادلة","formula","validated_input","calculation_result","true"
"workflow-home-electricity-cost-calculator-standard","3","format","تقريب وتنسيق النتيجة","transform","calculation_result","final_output","true"
"workflow-water-bill-estimator-standard","1","validate","التحقق من القيم والوحدات","validation","user_input","validated_input","true"
"workflow-water-bill-estimator-standard","2","calculate","تنفيذ المعادلة","formula","validated_input","calculation_result","true"
"workflow-water-bill-estimator-standard","3","format","تقريب وتنسيق النتيجة","transform","calculation_result","final_output","true"
"workflow-air-conditioner-monthly-cost-calculator-standard","1","validate","التحقق من القيم والوحدات","validation","user_input","validated_input","true"
"workflow-air-conditioner-monthly-cost-calculator-standard","2","calculate","تنفيذ المعادلة","formula","validated_input","calculation_result","true"
"workflow-air-conditioner-monthly-cost-calculator-standard","3","format","تقريب وتنسيق النتيجة","transform","calculation_result","final_output","true"
"workflow-room-paint-cost-calculator-standard","1","validate","التحقق من القيم والوحدات","validation","user_input","validated_input","true"
"workflow-room-paint-cost-calculator-standard","2","calculate","تنفيذ المعادلة","formula","validated_input","calculation_result","true"
"workflow-room-paint-cost-calculator-standard","3","format","تقريب وتنسيق النتيجة","transform","calculation_result","final_output","true"
"workflow-flooring-cost-calculator-standard","1","validate","التحقق من القيم والوحدات","validation","user_input","validated_input","true"
"workflow-flooring-cost-calculator-standard","2","calculate","تنفيذ المعادلة","formula","validated_input","calculation_result","true"
"workflow-flooring-cost-calculator-standard","3","format","تقريب وتنسيق النتيجة","transform","calculation_result","final_output","true"
"workflow-cycling-speed-calculator-standard","1","validate","التحقق من القيم والوحدات","validation","user_input","validated_input","true"
"workflow-cycling-speed-calculator-standard","2","calculate","تنفيذ المعادلة","formula","validated_input","calculation_result","true"
"workflow-cycling-speed-calculator-standard","3","format","تقريب وتنسيق النتيجة","transform","calculation_result","final_output","true"
"workflow-home-cleaning-cost-calculator-standard","1","validate","التحقق من القيم والوحدات","validation","user_input","validated_input","true"
"workflow-home-cleaning-cost-calculator-standard","2","calculate","تنفيذ المعادلة","formula","validated_input","calculation_result","true"
"workflow-home-cleaning-cost-calculator-standard","3","format","تقريب وتنسيق النتيجة","transform","calculation_result","final_output","true"
"workflow-solar-payback-period-calculator-standard","1","validate","التحقق من القيم والوحدات","validation","user_input","validated_input","true"
"workflow-solar-payback-period-calculator-standard","2","calculate","تنفيذ المعادلة","formula","validated_input","calculation_result","true"
"workflow-solar-payback-period-calculator-standard","3","format","تقريب وتنسيق النتيجة","transform","calculation_result","final_output","true"
"workflow-home-maintenance-budget-calculator-standard","1","validate","التحقق من القيم والوحدات","validation","user_input","validated_input","true"
"workflow-home-maintenance-budget-calculator-standard","2","calculate","تنفيذ المعادلة","formula","validated_input","calculation_result","true"
"workflow-home-maintenance-budget-calculator-standard","3","format","تقريب وتنسيق النتيجة","transform","calculation_result","final_output","true"
"workflow-appliance-usage-cost-calculator-standard","1","validate","التحقق من القيم والوحدات","validation","user_input","validated_input","true"
"workflow-appliance-usage-cost-calculator-standard","2","calculate","تنفيذ المعادلة","formula","validated_input","calculation_result","true"
"workflow-appliance-usage-cost-calculator-standard","3","format","تقريب وتنسيق النتيجة","transform","calculation_result","final_output","true"
"workflow-moving-cost-calculator-standard","1","validate","التحقق من القيم والوحدات","validation","user_input","validated_input","true"
"workflow-moving-cost-calculator-standard","2","calculate","تنفيذ المعادلة","formula","validated_input","calculation_result","true"
"workflow-moving-cost-calculator-standard","3","format","تقريب وتنسيق النتيجة","transform","calculation_result","final_output","true"
"workflow-retail-gross-margin-calculator-standard","1","validate","التحقق من القيم والوحدات","validation","user_input","validated_input","true"
"workflow-retail-gross-margin-calculator-standard","2","calculate","تنفيذ المعادلة","formula","validated_input","calculation_result","true"
"workflow-retail-gross-margin-calculator-standard","3","format","تقريب وتنسيق النتيجة","transform","calculation_result","final_output","true"
"workflow-sell-through-rate-calculator-standard","1","validate","التحقق من القيم والوحدات","validation","user_input","validated_input","true"
"workflow-sell-through-rate-calculator-standard","2","calculate","تنفيذ المعادلة","formula","validated_input","calculation_result","true"
"workflow-sell-through-rate-calculator-standard","3","format","تقريب وتنسيق النتيجة","transform","calculation_result","final_output","true"
"workflow-retail-stockout-rate-calculator-standard","1","validate","التحقق من القيم والوحدات","validation","user_input","validated_input","true"
"workflow-retail-stockout-rate-calculator-standard","2","calculate","تنفيذ المعادلة","formula","validated_input","calculation_result","true"
"workflow-retail-stockout-rate-calculator-standard","3","format","تقريب وتنسيق النتيجة","transform","calculation_result","final_output","true"
"workflow-retail-discount-impact-calculator-standard","1","validate","التحقق من القيم والوحدات","validation","user_input","validated_input","true"
"workflow-retail-discount-impact-calculator-standard","2","calculate","تنفيذ المعادلة","formula","validated_input","calculation_result","true"
"workflow-retail-discount-impact-calculator-standard","3","format","تقريب وتنسيق النتيجة","transform","calculation_result","final_output","true"
"workflow-sales-per-square-meter-calculator-standard","1","validate","التحقق من القيم والوحدات","validation","user_input","validated_input","true"
"workflow-sales-per-square-meter-calculator-standard","2","calculate","تنفيذ المعادلة","formula","validated_input","calculation_result","true"
"workflow-sales-per-square-meter-calculator-standard","3","format","تقريب وتنسيق النتيجة","transform","calculation_result","final_output","true"
"workflow-retail-labor-productivity-calculator-standard","1","validate","التحقق من القيم والوحدات","validation","user_input","validated_input","true"
"workflow-retail-labor-productivity-calculator-standard","2","calculate","تنفيذ المعادلة","formula","validated_input","calculation_result","true"
"workflow-retail-labor-productivity-calculator-standard","3","format","تقريب وتنسيق النتيجة","transform","calculation_result","final_output","true"
"workflow-basket-size-calculator-standard","1","validate","التحقق من القيم والوحدات","validation","user_input","validated_input","true"
"workflow-basket-size-calculator-standard","2","calculate","تنفيذ المعادلة","formula","validated_input","calculation_result","true"
"workflow-basket-size-calculator-standard","3","format","تقريب وتنسيق النتيجة","transform","calculation_result","final_output","true"
"workflow-store-conversion-rate-calculator-standard","1","validate","التحقق من القيم والوحدات","validation","user_input","validated_input","true"
"workflow-store-conversion-rate-calculator-standard","2","calculate","تنفيذ المعادلة","formula","validated_input","calculation_result","true"
"workflow-store-conversion-rate-calculator-standard","3","format","تقريب وتنسيق النتيجة","transform","calculation_result","final_output","true"
"workflow-retail-shrinkage-rate-calculator-standard","1","validate","التحقق من القيم والوحدات","validation","user_input","validated_input","true"
"workflow-retail-shrinkage-rate-calculator-standard","2","calculate","تنفيذ المعادلة","formula","validated_input","calculation_result","true"
"workflow-retail-shrinkage-rate-calculator-standard","3","format","تقريب وتنسيق النتيجة","transform","calculation_result","final_output","true"
"workflow-branch-sales-target-calculator-standard","1","validate","التحقق من القيم والوحدات","validation","user_input","validated_input","true"
"workflow-branch-sales-target-calculator-standard","2","calculate","تنفيذ المعادلة","formula","validated_input","calculation_result","true"
"workflow-branch-sales-target-calculator-standard","3","format","تقريب وتنسيق النتيجة","transform","calculation_result","final_output","true"
"workflow-overall-equipment-effectiveness-calculator-standard","1","validate","التحقق من القيم والوحدات","validation","user_input","validated_input","true"
"workflow-overall-equipment-effectiveness-calculator-standard","2","calculate","تنفيذ المعادلة","formula","validated_input","calculation_result","true"
"workflow-overall-equipment-effectiveness-calculator-standard","3","format","تقريب وتنسيق النتيجة","transform","calculation_result","final_output","true"
"workflow-production-yield-calculator-standard","1","validate","التحقق من القيم والوحدات","validation","user_input","validated_input","true"
"workflow-production-yield-calculator-standard","2","calculate","تنفيذ المعادلة","formula","validated_input","calculation_result","true"
"workflow-production-yield-calculator-standard","3","format","تقريب وتنسيق النتيجة","transform","calculation_result","final_output","true"
"workflow-scrap-rate-calculator-standard","1","validate","التحقق من القيم والوحدات","validation","user_input","validated_input","true"
"workflow-scrap-rate-calculator-standard","2","calculate","تنفيذ المعادلة","formula","validated_input","calculation_result","true"
"workflow-scrap-rate-calculator-standard","3","format","تقريب وتنسيق النتيجة","transform","calculation_result","final_output","true"
"workflow-manufacturing-cycle-time-calculator-standard","1","validate","التحقق من القيم والوحدات","validation","user_input","validated_input","true"
"workflow-manufacturing-cycle-time-calculator-standard","2","calculate","تنفيذ المعادلة","formula","validated_input","calculation_result","true"
"workflow-manufacturing-cycle-time-calculator-standard","3","format","تقريب وتنسيق النتيجة","transform","calculation_result","final_output","true"
"workflow-running-pace-calculator-standard","1","validate","التحقق من القيم والوحدات","validation","user_input","validated_input","true"
"workflow-running-pace-calculator-standard","2","calculate","تنفيذ المعادلة","formula","validated_input","calculation_result","true"
"workflow-running-pace-calculator-standard","3","format","تقريب وتنسيق النتيجة","transform","calculation_result","final_output","true"
"workflow-production-capacity-calculator-standard","1","validate","التحقق من القيم والوحدات","validation","user_input","validated_input","true"
"workflow-production-capacity-calculator-standard","2","calculate","تنفيذ المعادلة","formula","validated_input","calculation_result","true"
"workflow-production-capacity-calculator-standard","3","format","تقريب وتنسيق النتيجة","transform","calculation_result","final_output","true"
"workflow-unit-production-cost-calculator-standard","1","validate","التحقق من القيم والوحدات","validation","user_input","validated_input","true"
"workflow-unit-production-cost-calculator-standard","2","calculate","تنفيذ المعادلة","formula","validated_input","calculation_result","true"
"workflow-unit-production-cost-calculator-standard","3","format","تقريب وتنسيق النتيجة","transform","calculation_result","final_output","true"
"workflow-machine-downtime-rate-calculator-standard","1","validate","التحقق من القيم والوحدات","validation","user_input","validated_input","true"
"workflow-machine-downtime-rate-calculator-standard","2","calculate","تنفيذ المعادلة","formula","validated_input","calculation_result","true"
"workflow-machine-downtime-rate-calculator-standard","3","format","تقريب وتنسيق النتيجة","transform","calculation_result","final_output","true"
"workflow-defect-cost-calculator-standard","1","validate","التحقق من القيم والوحدات","validation","user_input","validated_input","true"
"workflow-defect-cost-calculator-standard","2","calculate","تنفيذ المعادلة","formula","validated_input","calculation_result","true"
"workflow-defect-cost-calculator-standard","3","format","تقريب وتنسيق النتيجة","transform","calculation_result","final_output","true"
"workflow-raw-material-usage-variance-calculator-standard","1","validate","التحقق من القيم والوحدات","validation","user_input","validated_input","true"
"workflow-raw-material-usage-variance-calculator-standard","2","calculate","تنفيذ المعادلة","formula","validated_input","calculation_result","true"
"workflow-raw-material-usage-variance-calculator-standard","3","format","تقريب وتنسيق النتيجة","transform","calculation_result","final_output","true"
"workflow-manufacturing-energy-cost-per-unit-calculator-standard","1","validate","التحقق من القيم والوحدات","validation","user_input","validated_input","true"
"workflow-manufacturing-energy-cost-per-unit-calculator-standard","2","calculate","تنفيذ المعادلة","formula","validated_input","calculation_result","true"
"workflow-manufacturing-energy-cost-per-unit-calculator-standard","3","format","تقريب وتنسيق النتيجة","transform","calculation_result","final_output","true"
"workflow-earned-value-calculator-standard","1","validate","التحقق من القيم والوحدات","validation","user_input","validated_input","true"
"workflow-earned-value-calculator-standard","2","calculate","تنفيذ المعادلة","formula","validated_input","calculation_result","true"
"workflow-earned-value-calculator-standard","3","format","تقريب وتنسيق النتيجة","transform","calculation_result","final_output","true"
"workflow-cost-performance-index-calculator-standard","1","validate","التحقق من القيم والوحدات","validation","user_input","validated_input","true"
"workflow-cost-performance-index-calculator-standard","2","calculate","تنفيذ المعادلة","formula","validated_input","calculation_result","true"
"workflow-cost-performance-index-calculator-standard","3","format","تقريب وتنسيق النتيجة","transform","calculation_result","final_output","true"
"workflow-schedule-performance-index-calculator-standard","1","validate","التحقق من القيم والوحدات","validation","user_input","validated_input","true"
"workflow-schedule-performance-index-calculator-standard","2","calculate","تنفيذ المعادلة","formula","validated_input","calculation_result","true"
"workflow-schedule-performance-index-calculator-standard","3","format","تقريب وتنسيق النتيجة","transform","calculation_result","final_output","true"
"workflow-project-budget-variance-calculator-standard","1","validate","التحقق من القيم والوحدات","validation","user_input","validated_input","true"
"workflow-project-budget-variance-calculator-standard","2","calculate","تنفيذ المعادلة","formula","validated_input","calculation_result","true"
"workflow-project-budget-variance-calculator-standard","3","format","تقريب وتنسيق النتيجة","transform","calculation_result","final_output","true"
"workflow-project-schedule-variance-days-calculator-standard","1","validate","التحقق من القيم والوحدات","validation","user_input","validated_input","true"
"workflow-project-schedule-variance-days-calculator-standard","2","calculate","تنفيذ المعادلة","formula","validated_input","calculation_result","true"
"workflow-project-schedule-variance-days-calculator-standard","3","format","تقريب وتنسيق النتيجة","transform","calculation_result","final_output","true"
"workflow-resource-utilization-calculator-standard","1","validate","التحقق من القيم والوحدات","validation","user_input","validated_input","true"
"workflow-resource-utilization-calculator-standard","2","calculate","تنفيذ المعادلة","formula","validated_input","calculation_result","true"
"workflow-resource-utilization-calculator-standard","3","format","تقريب وتنسيق النتيجة","transform","calculation_result","final_output","true"
"workflow-project-risk-exposure-calculator-standard","1","validate","التحقق من القيم والوحدات","validation","user_input","validated_input","true"
"workflow-project-risk-exposure-calculator-standard","2","calculate","تنفيذ المعادلة","formula","validated_input","calculation_result","true"
"workflow-project-risk-exposure-calculator-standard","3","format","تقريب وتنسيق النتيجة","transform","calculation_result","final_output","true"
"workflow-project-burn-rate-calculator-standard","1","validate","التحقق من القيم والوحدات","validation","user_input","validated_input","true"
"workflow-project-burn-rate-calculator-standard","2","calculate","تنفيذ المعادلة","formula","validated_input","calculation_result","true"
"workflow-project-burn-rate-calculator-standard","3","format","تقريب وتنسيق النتيجة","transform","calculation_result","final_output","true"
"workflow-estimate-at-completion-calculator-standard","1","validate","التحقق من القيم والوحدات","validation","user_input","validated_input","true"
"workflow-estimate-at-completion-calculator-standard","2","calculate","تنفيذ المعادلة","formula","validated_input","calculation_result","true"
"workflow-estimate-at-completion-calculator-standard","3","format","تقريب وتنسيق النتيجة","transform","calculation_result","final_output","true"
"workflow-team-velocity-calculator-standard","1","validate","التحقق من القيم والوحدات","validation","user_input","validated_input","true"
"workflow-team-velocity-calculator-standard","2","calculate","تنفيذ المعادلة","formula","validated_input","calculation_result","true"
"workflow-team-velocity-calculator-standard","3","format","تقريب وتنسيق النتيجة","transform","calculation_result","final_output","true"
"workflow-hotel-occupancy-rate-calculator-standard","1","validate","التحقق من القيم والوحدات","validation","user_input","validated_input","true"
"workflow-hotel-occupancy-rate-calculator-standard","2","calculate","تنفيذ المعادلة","formula","validated_input","calculation_result","true"
"workflow-hotel-occupancy-rate-calculator-standard","3","format","تقريب وتنسيق النتيجة","transform","calculation_result","final_output","true"
"workflow-average-daily-rate-calculator-standard","1","validate","التحقق من القيم والوحدات","validation","user_input","validated_input","true"
"workflow-average-daily-rate-calculator-standard","2","calculate","تنفيذ المعادلة","formula","validated_input","calculation_result","true"
"workflow-average-daily-rate-calculator-standard","3","format","تقريب وتنسيق النتيجة","transform","calculation_result","final_output","true"
"workflow-revpar-calculator-standard","1","validate","التحقق من القيم والوحدات","validation","user_input","validated_input","true"
"workflow-revpar-calculator-standard","2","calculate","تنفيذ المعادلة","formula","validated_input","calculation_result","true"
"workflow-revpar-calculator-standard","3","format","تقريب وتنسيق النتيجة","transform","calculation_result","final_output","true"
"workflow-hotel-cancellation-rate-calculator-standard","1","validate","التحقق من القيم والوحدات","validation","user_input","validated_input","true"
"workflow-hotel-cancellation-rate-calculator-standard","2","calculate","تنفيذ المعادلة","formula","validated_input","calculation_result","true"
"workflow-hotel-cancellation-rate-calculator-standard","3","format","تقريب وتنسيق النتيجة","transform","calculation_result","final_output","true"
"workflow-hotel-housekeeping-cost-per-room-calculator-standard","1","validate","التحقق من القيم والوحدات","validation","user_input","validated_input","true"
"workflow-hotel-housekeeping-cost-per-room-calculator-standard","2","calculate","تنفيذ المعادلة","formula","validated_input","calculation_result","true"
"workflow-hotel-housekeeping-cost-per-room-calculator-standard","3","format","تقريب وتنسيق النتيجة","transform","calculation_result","final_output","true"
"workflow-hotel-labor-cost-per-occupied-room-calculator-standard","1","validate","التحقق من القيم والوحدات","validation","user_input","validated_input","true"
"workflow-hotel-labor-cost-per-occupied-room-calculator-standard","2","calculate","تنفيذ المعادلة","formula","validated_input","calculation_result","true"
"workflow-hotel-labor-cost-per-occupied-room-calculator-standard","3","format","تقريب وتنسيق النتيجة","transform","calculation_result","final_output","true"
"workflow-hotel-food-beverage-revenue-per-guest-calculator-standard","1","validate","التحقق من القيم والوحدات","validation","user_input","validated_input","true"
"workflow-hotel-food-beverage-revenue-per-guest-calculator-standard","2","calculate","تنفيذ المعادلة","formula","validated_input","calculation_result","true"
"workflow-hotel-food-beverage-revenue-per-guest-calculator-standard","3","format","تقريب وتنسيق النتيجة","transform","calculation_result","final_output","true"
"workflow-hotel-length-of-stay-calculator-standard","1","validate","التحقق من القيم والوحدات","validation","user_input","validated_input","true"
"workflow-hotel-length-of-stay-calculator-standard","2","calculate","تنفيذ المعادلة","formula","validated_input","calculation_result","true"
"workflow-hotel-length-of-stay-calculator-standard","3","format","تقريب وتنسيق النتيجة","transform","calculation_result","final_output","true"
"workflow-hotel-profit-per-room-calculator-standard","1","validate","التحقق من القيم والوحدات","validation","user_input","validated_input","true"
"workflow-hotel-profit-per-room-calculator-standard","2","calculate","تنفيذ المعادلة","formula","validated_input","calculation_result","true"
"workflow-hotel-profit-per-room-calculator-standard","3","format","تقريب وتنسيق النتيجة","transform","calculation_result","final_output","true"
"workflow-insurance-premium-estimator-standard","1","validate","التحقق من القيم والوحدات","validation","user_input","validated_input","true"
"workflow-insurance-premium-estimator-standard","2","calculate","تنفيذ المعادلة","formula","validated_input","calculation_result","true"
"workflow-insurance-premium-estimator-standard","3","format","تقريب وتنسيق النتيجة","transform","calculation_result","final_output","true"
"workflow-insurance-deductible-impact-calculator-standard","1","validate","التحقق من القيم والوحدات","validation","user_input","validated_input","true"
"workflow-insurance-deductible-impact-calculator-standard","2","calculate","تنفيذ المعادلة","formula","validated_input","calculation_result","true"
"workflow-insurance-deductible-impact-calculator-standard","3","format","تقريب وتنسيق النتيجة","transform","calculation_result","final_output","true"
"workflow-claim-loss-ratio-calculator-standard","1","validate","التحقق من القيم والوحدات","validation","user_input","validated_input","true"
"workflow-claim-loss-ratio-calculator-standard","2","calculate","تنفيذ المعادلة","formula","validated_input","calculation_result","true"
"workflow-claim-loss-ratio-calculator-standard","3","format","تقريب وتنسيق النتيجة","transform","calculation_result","final_output","true"
"workflow-insurance-coverage-gap-calculator-standard","1","validate","التحقق من القيم والوحدات","validation","user_input","validated_input","true"
"workflow-insurance-coverage-gap-calculator-standard","2","calculate","تنفيذ المعادلة","formula","validated_input","calculation_result","true"
"workflow-insurance-coverage-gap-calculator-standard","3","format","تقريب وتنسيق النتيجة","transform","calculation_result","final_output","true"
"workflow-insurance-commission-calculator-standard","1","validate","التحقق من القيم والوحدات","validation","user_input","validated_input","true"
"workflow-insurance-commission-calculator-standard","2","calculate","تنفيذ المعادلة","formula","validated_input","calculation_result","true"
"workflow-insurance-commission-calculator-standard","3","format","تقريب وتنسيق النتيجة","transform","calculation_result","final_output","true"
"workflow-claim-frequency-calculator-standard","1","validate","التحقق من القيم والوحدات","validation","user_input","validated_input","true"
"workflow-claim-frequency-calculator-standard","2","calculate","تنفيذ المعادلة","formula","validated_input","calculation_result","true"
"workflow-claim-frequency-calculator-standard","3","format","تقريب وتنسيق النتيجة","transform","calculation_result","final_output","true"
"workflow-average-claim-size-calculator-standard","1","validate","التحقق من القيم والوحدات","validation","user_input","validated_input","true"
"workflow-average-claim-size-calculator-standard","2","calculate","تنفيذ المعادلة","formula","validated_input","calculation_result","true"
"workflow-average-claim-size-calculator-standard","3","format","تقريب وتنسيق النتيجة","transform","calculation_result","final_output","true"
"workflow-policy-renewal-rate-calculator-standard","1","validate","التحقق من القيم والوحدات","validation","user_input","validated_input","true"
"workflow-policy-renewal-rate-calculator-standard","2","calculate","تنفيذ المعادلة","formula","validated_input","calculation_result","true"
"workflow-policy-renewal-rate-calculator-standard","3","format","تقريب وتنسيق النتيجة","transform","calculation_result","final_output","true"
"workflow-insurance-cost-per-day-calculator-standard","1","validate","التحقق من القيم والوحدات","validation","user_input","validated_input","true"
"workflow-insurance-cost-per-day-calculator-standard","2","calculate","تنفيذ المعادلة","formula","validated_input","calculation_result","true"
"workflow-insurance-cost-per-day-calculator-standard","3","format","تقريب وتنسيق النتيجة","transform","calculation_result","final_output","true"
"workflow-insurance-solvency-buffer-calculator-standard","1","validate","التحقق من القيم والوحدات","validation","user_input","validated_input","true"
"workflow-insurance-solvency-buffer-calculator-standard","2","calculate","تنفيذ المعادلة","formula","validated_input","calculation_result","true"
"workflow-insurance-solvency-buffer-calculator-standard","3","format","تقريب وتنسيق النتيجة","transform","calculation_result","final_output","true"
"workflow-electricity-demand-cost-calculator-standard","1","validate","التحقق من القيم والوحدات","validation","user_input","validated_input","true"
"workflow-electricity-demand-cost-calculator-standard","2","calculate","تنفيذ المعادلة","formula","validated_input","calculation_result","true"
"workflow-electricity-demand-cost-calculator-standard","3","format","تقريب وتنسيق النتيجة","transform","calculation_result","final_output","true"
"workflow-solar-panel-output-calculator-standard","1","validate","التحقق من القيم والوحدات","validation","user_input","validated_input","true"
"workflow-solar-panel-output-calculator-standard","2","calculate","تنفيذ المعادلة","formula","validated_input","calculation_result","true"
"workflow-solar-panel-output-calculator-standard","3","format","تقريب وتنسيق النتيجة","transform","calculation_result","final_output","true"
"workflow-battery-backup-hours-calculator-standard","1","validate","التحقق من القيم والوحدات","validation","user_input","validated_input","true"
"workflow-battery-backup-hours-calculator-standard","2","calculate","تنفيذ المعادلة","formula","validated_input","calculation_result","true"
"workflow-battery-backup-hours-calculator-standard","3","format","تقريب وتنسيق النتيجة","transform","calculation_result","final_output","true"
"workflow-power-factor-penalty-calculator-standard","1","validate","التحقق من القيم والوحدات","validation","user_input","validated_input","true"
"workflow-power-factor-penalty-calculator-standard","2","calculate","تنفيذ المعادلة","formula","validated_input","calculation_result","true"
"workflow-power-factor-penalty-calculator-standard","3","format","تقريب وتنسيق النتيجة","transform","calculation_result","final_output","true"
"workflow-generator-fuel-consumption-calculator-standard","1","validate","التحقق من القيم والوحدات","validation","user_input","validated_input","true"
"workflow-generator-fuel-consumption-calculator-standard","2","calculate","تنفيذ المعادلة","formula","validated_input","calculation_result","true"
"workflow-generator-fuel-consumption-calculator-standard","3","format","تقريب وتنسيق النتيجة","transform","calculation_result","final_output","true"
"workflow-energy-cost-per-unit-calculator-standard","1","validate","التحقق من القيم والوحدات","validation","user_input","validated_input","true"
"workflow-energy-cost-per-unit-calculator-standard","2","calculate","تنفيذ المعادلة","formula","validated_input","calculation_result","true"
"workflow-energy-cost-per-unit-calculator-standard","3","format","تقريب وتنسيق النتيجة","transform","calculation_result","final_output","true"
"workflow-annual-energy-savings-calculator-standard","1","validate","التحقق من القيم والوحدات","validation","user_input","validated_input","true"
"workflow-annual-energy-savings-calculator-standard","2","calculate","تنفيذ المعادلة","formula","validated_input","calculation_result","true"
"workflow-annual-energy-savings-calculator-standard","3","format","تقريب وتنسيق النتيجة","transform","calculation_result","final_output","true"
"workflow-load-factor-calculator-standard","1","validate","التحقق من القيم والوحدات","validation","user_input","validated_input","true"
"workflow-load-factor-calculator-standard","2","calculate","تنفيذ المعادلة","formula","validated_input","calculation_result","true"
"workflow-load-factor-calculator-standard","3","format","تقريب وتنسيق النتيجة","transform","calculation_result","final_output","true"
"workflow-energy-intensity-calculator-standard","1","validate","التحقق من القيم والوحدات","validation","user_input","validated_input","true"
"workflow-energy-intensity-calculator-standard","2","calculate","تنفيذ المعادلة","formula","validated_input","calculation_result","true"
"workflow-energy-intensity-calculator-standard","3","format","تقريب وتنسيق النتيجة","transform","calculation_result","final_output","true"
"workflow-peak-demand-reduction-savings-calculator-standard","1","validate","التحقق من القيم والوحدات","validation","user_input","validated_input","true"
"workflow-peak-demand-reduction-savings-calculator-standard","2","calculate","تنفيذ المعادلة","formula","validated_input","calculation_result","true"
"workflow-peak-demand-reduction-savings-calculator-standard","3","format","تقريب وتنسيق النتيجة","transform","calculation_result","final_output","true"
"workflow-security-incident-rate-calculator-standard","1","validate","التحقق من القيم والوحدات","validation","user_input","validated_input","true"
"workflow-security-incident-rate-calculator-standard","2","calculate","تنفيذ المعادلة","formula","validated_input","calculation_result","true"
"workflow-security-incident-rate-calculator-standard","3","format","تقريب وتنسيق النتيجة","transform","calculation_result","final_output","true"
"workflow-mean-time-to-detect-calculator-standard","1","validate","التحقق من القيم والوحدات","validation","user_input","validated_input","true"
"workflow-mean-time-to-detect-calculator-standard","2","calculate","تنفيذ المعادلة","formula","validated_input","calculation_result","true"
"workflow-mean-time-to-detect-calculator-standard","3","format","تقريب وتنسيق النتيجة","transform","calculation_result","final_output","true"
"workflow-mean-time-to-respond-calculator-standard","1","validate","التحقق من القيم والوحدات","validation","user_input","validated_input","true"
"workflow-mean-time-to-respond-calculator-standard","2","calculate","تنفيذ المعادلة","formula","validated_input","calculation_result","true"
"workflow-mean-time-to-respond-calculator-standard","3","format","تقريب وتنسيق النتيجة","transform","calculation_result","final_output","true"
"workflow-phishing-click-rate-calculator-standard","1","validate","التحقق من القيم والوحدات","validation","user_input","validated_input","true"
"workflow-phishing-click-rate-calculator-standard","2","calculate","تنفيذ المعادلة","formula","validated_input","calculation_result","true"
"workflow-phishing-click-rate-calculator-standard","3","format","تقريب وتنسيق النتيجة","transform","calculation_result","final_output","true"
"workflow-patch-compliance-rate-calculator-standard","1","validate","التحقق من القيم والوحدات","validation","user_input","validated_input","true"
"workflow-patch-compliance-rate-calculator-standard","2","calculate","تنفيذ المعادلة","formula","validated_input","calculation_result","true"
"workflow-patch-compliance-rate-calculator-standard","3","format","تقريب وتنسيق النتيجة","transform","calculation_result","final_output","true"
"workflow-vulnerability-remediation-rate-calculator-standard","1","validate","التحقق من القيم والوحدات","validation","user_input","validated_input","true"
"workflow-vulnerability-remediation-rate-calculator-standard","2","calculate","تنفيذ المعادلة","formula","validated_input","calculation_result","true"
"workflow-vulnerability-remediation-rate-calculator-standard","3","format","تقريب وتنسيق النتيجة","transform","calculation_result","final_output","true"
"workflow-security-awareness-completion-rate-calculator-standard","1","validate","التحقق من القيم والوحدات","validation","user_input","validated_input","true"
"workflow-security-awareness-completion-rate-calculator-standard","2","calculate","تنفيذ المعادلة","formula","validated_input","calculation_result","true"
"workflow-security-awareness-completion-rate-calculator-standard","3","format","تقريب وتنسيق النتيجة","transform","calculation_result","final_output","true"
"workflow-backup-success-rate-calculator-standard","1","validate","التحقق من القيم والوحدات","validation","user_input","validated_input","true"
"workflow-backup-success-rate-calculator-standard","2","calculate","تنفيذ المعادلة","formula","validated_input","calculation_result","true"
"workflow-backup-success-rate-calculator-standard","3","format","تقريب وتنسيق النتيجة","transform","calculation_result","final_output","true"
"workflow-security-risk-exposure-calculator-standard","1","validate","التحقق من القيم والوحدات","validation","user_input","validated_input","true"
"workflow-security-risk-exposure-calculator-standard","2","calculate","تنفيذ المعادلة","formula","validated_input","calculation_result","true"
"workflow-security-risk-exposure-calculator-standard","3","format","تقريب وتنسيق النتيجة","transform","calculation_result","final_output","true"
"workflow-endpoint-coverage-rate-calculator-standard","1","validate","التحقق من القيم والوحدات","validation","user_input","validated_input","true"
"workflow-endpoint-coverage-rate-calculator-standard","2","calculate","تنفيذ المعادلة","formula","validated_input","calculation_result","true"
"workflow-endpoint-coverage-rate-calculator-standard","3","format","تقريب وتنسيق النتيجة","transform","calculation_result","final_output","true"
"workflow-photo-storage-calculator-standard","1","validate","التحقق من القيم والوحدات","validation","user_input","validated_input","true"
"workflow-photo-storage-calculator-standard","2","calculate","تنفيذ المعادلة","formula","validated_input","calculation_result","true"
"workflow-photo-storage-calculator-standard","3","format","تقريب وتنسيق النتيجة","transform","calculation_result","final_output","true"
"workflow-video-storage-calculator-standard","1","validate","التحقق من القيم والوحدات","validation","user_input","validated_input","true"
"workflow-video-storage-calculator-standard","2","calculate","تنفيذ المعادلة","formula","validated_input","calculation_result","true"
"workflow-video-storage-calculator-standard","3","format","تقريب وتنسيق النتيجة","transform","calculation_result","final_output","true"
"workflow-photography-project-price-calculator-standard","1","validate","التحقق من القيم والوحدات","validation","user_input","validated_input","true"
"workflow-photography-project-price-calculator-standard","2","calculate","تنفيذ المعادلة","formula","validated_input","calculation_result","true"
"workflow-photography-project-price-calculator-standard","3","format","تقريب وتنسيق النتيجة","transform","calculation_result","final_output","true"
"workflow-photo-print-cost-calculator-standard","1","validate","التحقق من القيم والوحدات","validation","user_input","validated_input","true"
"workflow-photo-print-cost-calculator-standard","2","calculate","تنفيذ المعادلة","formula","validated_input","calculation_result","true"
"workflow-photo-print-cost-calculator-standard","3","format","تقريب وتنسيق النتيجة","transform","calculation_result","final_output","true"
"workflow-camera-depreciation-calculator-standard","1","validate","التحقق من القيم والوحدات","validation","user_input","validated_input","true"
"workflow-camera-depreciation-calculator-standard","2","calculate","تنفيذ المعادلة","formula","validated_input","calculation_result","true"
"workflow-camera-depreciation-calculator-standard","3","format","تقريب وتنسيق النتيجة","transform","calculation_result","final_output","true"
"workflow-battery-shooting-time-calculator-standard","1","validate","التحقق من القيم والوحدات","validation","user_input","validated_input","true"
"workflow-battery-shooting-time-calculator-standard","2","calculate","تنفيذ المعادلة","formula","validated_input","calculation_result","true"
"workflow-battery-shooting-time-calculator-standard","3","format","تقريب وتنسيق النتيجة","transform","calculation_result","final_output","true"
"workflow-image-aspect-ratio-width-calculator-standard","1","validate","التحقق من القيم والوحدات","validation","user_input","validated_input","true"
"workflow-image-aspect-ratio-width-calculator-standard","2","calculate","تنفيذ المعادلة","formula","validated_input","calculation_result","true"
"workflow-image-aspect-ratio-width-calculator-standard","3","format","تقريب وتنسيق النتيجة","transform","calculation_result","final_output","true"
"workflow-image-aspect-ratio-height-calculator-standard","1","validate","التحقق من القيم والوحدات","validation","user_input","validated_input","true"
"workflow-image-aspect-ratio-height-calculator-standard","2","calculate","تنفيذ المعادلة","formula","validated_input","calculation_result","true"
"workflow-image-aspect-ratio-height-calculator-standard","3","format","تقريب وتنسيق النتيجة","transform","calculation_result","final_output","true"
"workflow-shooting-day-cost-calculator-standard","1","validate","التحقق من القيم والوحدات","validation","user_input","validated_input","true"
"workflow-shooting-day-cost-calculator-standard","2","calculate","تنفيذ المعادلة","formula","validated_input","calculation_result","true"
"workflow-shooting-day-cost-calculator-standard","3","format","تقريب وتنسيق النتيجة","transform","calculation_result","final_output","true"
"workflow-editing-time-per-photo-calculator-standard","1","validate","التحقق من القيم والوحدات","validation","user_input","validated_input","true"
"workflow-editing-time-per-photo-calculator-standard","2","calculate","تنفيذ المعادلة","formula","validated_input","calculation_result","true"
"workflow-editing-time-per-photo-calculator-standard","3","format","تقريب وتنسيق النتيجة","transform","calculation_result","final_output","true"
"workflow-walking-distance-calculator-standard","1","validate","التحقق من القيم والوحدات","validation","user_input","validated_input","true"
"workflow-walking-distance-calculator-standard","2","calculate","تنفيذ المعادلة","formula","validated_input","calculation_result","true"
"workflow-walking-distance-calculator-standard","3","format","تقريب وتنسيق النتيجة","transform","calculation_result","final_output","true"
"workflow-workout-volume-calculator-standard","1","validate","التحقق من القيم والوحدات","validation","user_input","validated_input","true"
"workflow-workout-volume-calculator-standard","2","calculate","تنفيذ المعادلة","formula","validated_input","calculation_result","true"
"workflow-workout-volume-calculator-standard","3","format","تقريب وتنسيق النتيجة","transform","calculation_result","final_output","true"
"workflow-one-rep-max-estimator-standard","1","validate","التحقق من القيم والوحدات","validation","user_input","validated_input","true"
"workflow-one-rep-max-estimator-standard","2","calculate","تنفيذ المعادلة","formula","validated_input","calculation_result","true"
"workflow-one-rep-max-estimator-standard","3","format","تقريب وتنسيق النتيجة","transform","calculation_result","final_output","true"
"workflow-weekly-training-load-calculator-standard","1","validate","التحقق من القيم والوحدات","validation","user_input","validated_input","true"
"workflow-weekly-training-load-calculator-standard","2","calculate","تنفيذ المعادلة","formula","validated_input","calculation_result","true"
"workflow-weekly-training-load-calculator-standard","3","format","تقريب وتنسيق النتيجة","transform","calculation_result","final_output","true"
"workflow-calories-per-workout-estimator-standard","1","validate","التحقق من القيم والوحدات","validation","user_input","validated_input","true"
"workflow-calories-per-workout-estimator-standard","2","calculate","تنفيذ المعادلة","formula","validated_input","calculation_result","true"
"workflow-calories-per-workout-estimator-standard","3","format","تقريب وتنسيق النتيجة","transform","calculation_result","final_output","true"
"workflow-training-consistency-rate-calculator-standard","1","validate","التحقق من القيم والوحدات","validation","user_input","validated_input","true"
"workflow-training-consistency-rate-calculator-standard","2","calculate","تنفيذ المعادلة","formula","validated_input","calculation_result","true"
"workflow-training-consistency-rate-calculator-standard","3","format","تقريب وتنسيق النتيجة","transform","calculation_result","final_output","true"
"workflow-swimming-pace-calculator-standard","1","validate","التحقق من القيم والوحدات","validation","user_input","validated_input","true"
"workflow-swimming-pace-calculator-standard","2","calculate","تنفيذ المعادلة","formula","validated_input","calculation_result","true"
"workflow-swimming-pace-calculator-standard","3","format","تقريب وتنسيق النتيجة","transform","calculation_result","final_output","true"
"workflow-weekly-distance-goal-progress-calculator-standard","1","validate","التحقق من القيم والوحدات","validation","user_input","validated_input","true"
"workflow-weekly-distance-goal-progress-calculator-standard","2","calculate","تنفيذ المعادلة","formula","validated_input","calculation_result","true"
"workflow-weekly-distance-goal-progress-calculator-standard","3","format","تقريب وتنسيق النتيجة","transform","calculation_result","final_output","true"
"workflow-startup-revenue-per-employee-calculator-standard","1","validate","التحقق من القيم والوحدات","validation","user_input","validated_input","true"
"workflow-startup-revenue-per-employee-calculator-standard","2","calculate","تنفيذ المعادلة","formula","validated_input","calculation_result","true"
"workflow-startup-revenue-per-employee-calculator-standard","3","format","تقريب وتنسيق النتيجة","transform","calculation_result","final_output","true"
"workflow-telecom-support-cost-per-subscriber-calculator-standard","1","validate","التحقق من القيم والوحدات","validation","user_input","validated_input","true"
"workflow-telecom-support-cost-per-subscriber-calculator-standard","2","calculate","تنفيذ المعادلة","formula","validated_input","calculation_result","true"
"workflow-telecom-support-cost-per-subscriber-calculator-standard","3","format","تقريب وتنسيق النتيجة","transform","calculation_result","final_output","true"
"workflow-dropped-call-rate-calculator-standard","1","validate","التحقق من القيم والوحدات","validation","user_input","validated_input","true"
"workflow-dropped-call-rate-calculator-standard","2","calculate","تنفيذ المعادلة","formula","validated_input","calculation_result","true"
"workflow-dropped-call-rate-calculator-standard","3","format","تقريب وتنسيق النتيجة","transform","calculation_result","final_output","true"
"workflow-telecom-subscriber-acquisition-cost-calculator-standard","1","validate","التحقق من القيم والوحدات","validation","user_input","validated_input","true"
"workflow-telecom-subscriber-acquisition-cost-calculator-standard","2","calculate","تنفيذ المعادلة","formula","validated_input","calculation_result","true"
"workflow-telecom-subscriber-acquisition-cost-calculator-standard","3","format","تقريب وتنسيق النتيجة","transform","calculation_result","final_output","true"
"workflow-monthly-recurring-revenue-calculator-standard","1","validate","التحقق من القيم والوحدات","validation","user_input","validated_input","true"
"workflow-monthly-recurring-revenue-calculator-standard","2","calculate","تنفيذ المعادلة","formula","validated_input","calculation_result","true"
"workflow-monthly-recurring-revenue-calculator-standard","3","format","تقريب وتنسيق النتيجة","transform","calculation_result","final_output","true"
"workflow-telecom-revenue-per-minute-calculator-standard","1","validate","التحقق من القيم والوحدات","validation","user_input","validated_input","true"
"workflow-telecom-revenue-per-minute-calculator-standard","2","calculate","تنفيذ المعادلة","formula","validated_input","calculation_result","true"
"workflow-telecom-revenue-per-minute-calculator-standard","3","format","تقريب وتنسيق النتيجة","transform","calculation_result","final_output","true"
"workflow-telecom-data-usage-growth-calculator-standard","1","validate","التحقق من القيم والوحدات","validation","user_input","validated_input","true"
"workflow-telecom-data-usage-growth-calculator-standard","2","calculate","تنفيذ المعادلة","formula","validated_input","calculation_result","true"
"workflow-telecom-data-usage-growth-calculator-standard","3","format","تقريب وتنسيق النتيجة","transform","calculation_result","final_output","true"
"workflow-annual-recurring-revenue-calculator-standard","1","validate","التحقق من القيم والوحدات","validation","user_input","validated_input","true"
"workflow-annual-recurring-revenue-calculator-standard","2","calculate","تنفيذ المعادلة","formula","validated_input","calculation_result","true"
"workflow-annual-recurring-revenue-calculator-standard","3","format","تقريب وتنسيق النتيجة","transform","calculation_result","final_output","true"
"workflow-saas-customer-churn-rate-calculator-standard","1","validate","التحقق من القيم والوحدات","validation","user_input","validated_input","true"
"workflow-saas-customer-churn-rate-calculator-standard","2","calculate","تنفيذ المعادلة","formula","validated_input","calculation_result","true"
"workflow-saas-customer-churn-rate-calculator-standard","3","format","تقريب وتنسيق النتيجة","transform","calculation_result","final_output","true"
"workflow-saas-revenue-churn-rate-calculator-standard","1","validate","التحقق من القيم والوحدات","validation","user_input","validated_input","true"
"workflow-saas-revenue-churn-rate-calculator-standard","2","calculate","تنفيذ المعادلة","formula","validated_input","calculation_result","true"
"workflow-saas-revenue-churn-rate-calculator-standard","3","format","تقريب وتنسيق النتيجة","transform","calculation_result","final_output","true"
"workflow-net-revenue-retention-calculator-standard","1","validate","التحقق من القيم والوحدات","validation","user_input","validated_input","true"
"workflow-net-revenue-retention-calculator-standard","2","calculate","تنفيذ المعادلة","formula","validated_input","calculation_result","true"
"workflow-net-revenue-retention-calculator-standard","3","format","تقريب وتنسيق النتيجة","transform","calculation_result","final_output","true"
"workflow-saas-arpu-calculator-standard","1","validate","التحقق من القيم والوحدات","validation","user_input","validated_input","true"
"workflow-saas-arpu-calculator-standard","2","calculate","تنفيذ المعادلة","formula","validated_input","calculation_result","true"
"workflow-saas-arpu-calculator-standard","3","format","تقريب وتنسيق النتيجة","transform","calculation_result","final_output","true"
"workflow-saas-cac-calculator-standard","1","validate","التحقق من القيم والوحدات","validation","user_input","validated_input","true"
"workflow-saas-cac-calculator-standard","2","calculate","تنفيذ المعادلة","formula","validated_input","calculation_result","true"
"workflow-saas-cac-calculator-standard","3","format","تقريب وتنسيق النتيجة","transform","calculation_result","final_output","true"
"workflow-saas-ltv-calculator-standard","1","validate","التحقق من القيم والوحدات","validation","user_input","validated_input","true"
"workflow-saas-ltv-calculator-standard","2","calculate","تنفيذ المعادلة","formula","validated_input","calculation_result","true"
"workflow-saas-ltv-calculator-standard","3","format","تقريب وتنسيق النتيجة","transform","calculation_result","final_output","true"
"workflow-saas-ltv-cac-ratio-calculator-standard","1","validate","التحقق من القيم والوحدات","validation","user_input","validated_input","true"
"workflow-saas-ltv-cac-ratio-calculator-standard","2","calculate","تنفيذ المعادلة","formula","validated_input","calculation_result","true"
"workflow-saas-ltv-cac-ratio-calculator-standard","3","format","تقريب وتنسيق النتيجة","transform","calculation_result","final_output","true"
"workflow-saas-cac-payback-calculator-standard","1","validate","التحقق من القيم والوحدات","validation","user_input","validated_input","true"
"workflow-saas-cac-payback-calculator-standard","2","calculate","تنفيذ المعادلة","formula","validated_input","calculation_result","true"
"workflow-saas-cac-payback-calculator-standard","3","format","تقريب وتنسيق النتيجة","transform","calculation_result","final_output","true"
"workflow-startup-net-burn-rate-calculator-standard","1","validate","التحقق من القيم والوحدات","validation","user_input","validated_input","true"
"workflow-startup-net-burn-rate-calculator-standard","2","calculate","تنفيذ المعادلة","formula","validated_input","calculation_result","true"
"workflow-startup-net-burn-rate-calculator-standard","3","format","تقريب وتنسيق النتيجة","transform","calculation_result","final_output","true"
"workflow-startup-runway-calculator-standard","1","validate","التحقق من القيم والوحدات","validation","user_input","validated_input","true"
"workflow-startup-runway-calculator-standard","2","calculate","تنفيذ المعادلة","formula","validated_input","calculation_result","true"
"workflow-startup-runway-calculator-standard","3","format","تقريب وتنسيق النتيجة","transform","calculation_result","final_output","true"
"workflow-startup-gross-burn-calculator-standard","1","validate","التحقق من القيم والوحدات","validation","user_input","validated_input","true"
"workflow-startup-gross-burn-calculator-standard","2","calculate","تنفيذ المعادلة","formula","validated_input","calculation_result","true"
"workflow-startup-gross-burn-calculator-standard","3","format","تقريب وتنسيق النتيجة","transform","calculation_result","final_output","true"
"workflow-rental-idle-days-calculator-standard","1","validate","التحقق من القيم والوحدات","validation","user_input","validated_input","true"
"workflow-rental-idle-days-calculator-standard","2","calculate","تنفيذ المعادلة","formula","validated_input","calculation_result","true"
"workflow-rental-idle-days-calculator-standard","3","format","تقريب وتنسيق النتيجة","transform","calculation_result","final_output","true"
"workflow-post-money-valuation-calculator-standard","1","validate","التحقق من القيم والوحدات","validation","user_input","validated_input","true"
"workflow-post-money-valuation-calculator-standard","2","calculate","تنفيذ المعادلة","formula","validated_input","calculation_result","true"
"workflow-post-money-valuation-calculator-standard","3","format","تقريب وتنسيق النتيجة","transform","calculation_result","final_output","true"
"workflow-investor-equity-percentage-calculator-standard","1","validate","التحقق من القيم والوحدات","validation","user_input","validated_input","true"
"workflow-investor-equity-percentage-calculator-standard","2","calculate","تنفيذ المعادلة","formula","validated_input","calculation_result","true"
"workflow-investor-equity-percentage-calculator-standard","3","format","تقريب وتنسيق النتيجة","transform","calculation_result","final_output","true"
"workflow-founder-dilution-calculator-standard","1","validate","التحقق من القيم والوحدات","validation","user_input","validated_input","true"
"workflow-founder-dilution-calculator-standard","2","calculate","تنفيذ المعادلة","formula","validated_input","calculation_result","true"
"workflow-founder-dilution-calculator-standard","3","format","تقريب وتنسيق النتيجة","transform","calculation_result","final_output","true"
"workflow-startup-break-even-customers-calculator-standard","1","validate","التحقق من القيم والوحدات","validation","user_input","validated_input","true"
"workflow-startup-break-even-customers-calculator-standard","2","calculate","تنفيذ المعادلة","formula","validated_input","calculation_result","true"
"workflow-startup-break-even-customers-calculator-standard","3","format","تقريب وتنسيق النتيجة","transform","calculation_result","final_output","true"
"workflow-startup-cash-need-calculator-standard","1","validate","التحقق من القيم والوحدات","validation","user_input","validated_input","true"
"workflow-startup-cash-need-calculator-standard","2","calculate","تنفيذ المعادلة","formula","validated_input","calculation_result","true"
"workflow-startup-cash-need-calculator-standard","3","format","تقريب وتنسيق النتيجة","transform","calculation_result","final_output","true"
"workflow-startup-monthly-growth-rate-calculator-standard","1","validate","التحقق من القيم والوحدات","validation","user_input","validated_input","true"
"workflow-startup-monthly-growth-rate-calculator-standard","2","calculate","تنفيذ المعادلة","formula","validated_input","calculation_result","true"
"workflow-startup-monthly-growth-rate-calculator-standard","3","format","تقريب وتنسيق النتيجة","transform","calculation_result","final_output","true"
"workflow-telecom-data-cost-per-gb-calculator-standard","1","validate","التحقق من القيم والوحدات","validation","user_input","validated_input","true"
"workflow-telecom-data-cost-per-gb-calculator-standard","2","calculate","تنفيذ المعادلة","formula","validated_input","calculation_result","true"
"workflow-telecom-data-cost-per-gb-calculator-standard","3","format","تقريب وتنسيق النتيجة","transform","calculation_result","final_output","true"
"workflow-purchase-price-variance-calculator-standard","1","validate","التحقق من القيم والوحدات","validation","user_input","validated_input","true"
"workflow-purchase-price-variance-calculator-standard","2","calculate","تنفيذ المعادلة","formula","validated_input","calculation_result","true"
"workflow-purchase-price-variance-calculator-standard","3","format","تقريب وتنسيق النتيجة","transform","calculation_result","final_output","true"
"workflow-procurement-savings-rate-calculator-standard","1","validate","التحقق من القيم والوحدات","validation","user_input","validated_input","true"
"workflow-procurement-savings-rate-calculator-standard","2","calculate","تنفيذ المعادلة","formula","validated_input","calculation_result","true"
"workflow-procurement-savings-rate-calculator-standard","3","format","تقريب وتنسيق النتيجة","transform","calculation_result","final_output","true"
"workflow-supplier-defect-rate-calculator-standard","1","validate","التحقق من القيم والوحدات","validation","user_input","validated_input","true"
"workflow-supplier-defect-rate-calculator-standard","2","calculate","تنفيذ المعادلة","formula","validated_input","calculation_result","true"
"workflow-supplier-defect-rate-calculator-standard","3","format","تقريب وتنسيق النتيجة","transform","calculation_result","final_output","true"
"workflow-supplier-on-time-delivery-calculator-standard","1","validate","التحقق من القيم والوحدات","validation","user_input","validated_input","true"
"workflow-supplier-on-time-delivery-calculator-standard","2","calculate","تنفيذ المعادلة","formula","validated_input","calculation_result","true"
"workflow-supplier-on-time-delivery-calculator-standard","3","format","تقريب وتنسيق النتيجة","transform","calculation_result","final_output","true"
"workflow-spend-under-management-calculator-standard","1","validate","التحقق من القيم والوحدات","validation","user_input","validated_input","true"
"workflow-spend-under-management-calculator-standard","2","calculate","تنفيذ المعادلة","formula","validated_input","calculation_result","true"
"workflow-spend-under-management-calculator-standard","3","format","تقريب وتنسيق النتيجة","transform","calculation_result","final_output","true"
"workflow-average-procurement-order-value-calculator-standard","1","validate","التحقق من القيم والوحدات","validation","user_input","validated_input","true"
"workflow-average-procurement-order-value-calculator-standard","2","calculate","تنفيذ المعادلة","formula","validated_input","calculation_result","true"
"workflow-average-procurement-order-value-calculator-standard","3","format","تقريب وتنسيق النتيجة","transform","calculation_result","final_output","true"
"workflow-procurement-lead-time-calculator-standard","1","validate","التحقق من القيم والوحدات","validation","user_input","validated_input","true"
"workflow-procurement-lead-time-calculator-standard","2","calculate","تنفيذ المعادلة","formula","validated_input","calculation_result","true"
"workflow-procurement-lead-time-calculator-standard","3","format","تقريب وتنسيق النتيجة","transform","calculation_result","final_output","true"
"workflow-supplier-concentration-calculator-standard","1","validate","التحقق من القيم والوحدات","validation","user_input","validated_input","true"
"workflow-supplier-concentration-calculator-standard","2","calculate","تنفيذ المعادلة","formula","validated_input","calculation_result","true"
"workflow-supplier-concentration-calculator-standard","3","format","تقريب وتنسيق النتيجة","transform","calculation_result","final_output","true"
"workflow-procurement-cycle-time-calculator-standard","1","validate","التحقق من القيم والوحدات","validation","user_input","validated_input","true"
"workflow-procurement-cycle-time-calculator-standard","2","calculate","تنفيذ المعادلة","formula","validated_input","calculation_result","true"
"workflow-procurement-cycle-time-calculator-standard","3","format","تقريب وتنسيق النتيجة","transform","calculation_result","final_output","true"
"workflow-cost-avoidance-calculator-standard","1","validate","التحقق من القيم والوحدات","validation","user_input","validated_input","true"
"workflow-cost-avoidance-calculator-standard","2","calculate","تنفيذ المعادلة","formula","validated_input","calculation_result","true"
"workflow-cost-avoidance-calculator-standard","3","format","تقريب وتنسيق النتيجة","transform","calculation_result","final_output","true"
"workflow-defect-rate-calculator-standard","1","validate","التحقق من القيم والوحدات","validation","user_input","validated_input","true"
"workflow-defect-rate-calculator-standard","2","calculate","تنفيذ المعادلة","formula","validated_input","calculation_result","true"
"workflow-defect-rate-calculator-standard","3","format","تقريب وتنسيق النتيجة","transform","calculation_result","final_output","true"
"workflow-first-pass-yield-calculator-standard","1","validate","التحقق من القيم والوحدات","validation","user_input","validated_input","true"
"workflow-first-pass-yield-calculator-standard","2","calculate","تنفيذ المعادلة","formula","validated_input","calculation_result","true"
"workflow-first-pass-yield-calculator-standard","3","format","تقريب وتنسيق النتيجة","transform","calculation_result","final_output","true"
"workflow-rework-rate-calculator-standard","1","validate","التحقق من القيم والوحدات","validation","user_input","validated_input","true"
"workflow-rework-rate-calculator-standard","2","calculate","تنفيذ المعادلة","formula","validated_input","calculation_result","true"
"workflow-rework-rate-calculator-standard","3","format","تقريب وتنسيق النتيجة","transform","calculation_result","final_output","true"
"workflow-customer-complaint-rate-calculator-standard","1","validate","التحقق من القيم والوحدات","validation","user_input","validated_input","true"
"workflow-customer-complaint-rate-calculator-standard","2","calculate","تنفيذ المعادلة","formula","validated_input","calculation_result","true"
"workflow-customer-complaint-rate-calculator-standard","3","format","تقريب وتنسيق النتيجة","transform","calculation_result","final_output","true"
"workflow-cost-of-poor-quality-calculator-standard","1","validate","التحقق من القيم والوحدات","validation","user_input","validated_input","true"
"workflow-cost-of-poor-quality-calculator-standard","2","calculate","تنفيذ المعادلة","formula","validated_input","calculation_result","true"
"workflow-cost-of-poor-quality-calculator-standard","3","format","تقريب وتنسيق النتيجة","transform","calculation_result","final_output","true"
"workflow-inspection-pass-rate-calculator-standard","1","validate","التحقق من القيم والوحدات","validation","user_input","validated_input","true"
"workflow-inspection-pass-rate-calculator-standard","2","calculate","تنفيذ المعادلة","formula","validated_input","calculation_result","true"
"workflow-inspection-pass-rate-calculator-standard","3","format","تقريب وتنسيق النتيجة","transform","calculation_result","final_output","true"
"workflow-defects-per-million-opportunities-calculator-standard","1","validate","التحقق من القيم والوحدات","validation","user_input","validated_input","true"
"workflow-defects-per-million-opportunities-calculator-standard","2","calculate","تنفيذ المعادلة","formula","validated_input","calculation_result","true"
"workflow-defects-per-million-opportunities-calculator-standard","3","format","تقريب وتنسيق النتيجة","transform","calculation_result","final_output","true"
"workflow-audit-finding-closure-rate-calculator-standard","1","validate","التحقق من القيم والوحدات","validation","user_input","validated_input","true"
"workflow-audit-finding-closure-rate-calculator-standard","2","calculate","تنفيذ المعادلة","formula","validated_input","calculation_result","true"
"workflow-audit-finding-closure-rate-calculator-standard","3","format","تقريب وتنسيق النتيجة","transform","calculation_result","final_output","true"
"workflow-quality-loss-cost-calculator-standard","1","validate","التحقق من القيم والوحدات","validation","user_input","validated_input","true"
"workflow-quality-loss-cost-calculator-standard","2","calculate","تنفيذ المعادلة","formula","validated_input","calculation_result","true"
"workflow-quality-loss-cost-calculator-standard","3","format","تقريب وتنسيق النتيجة","transform","calculation_result","final_output","true"
"workflow-process-conformance-rate-calculator-standard","1","validate","التحقق من القيم والوحدات","validation","user_input","validated_input","true"
"workflow-process-conformance-rate-calculator-standard","2","calculate","تنفيذ المعادلة","formula","validated_input","calculation_result","true"
"workflow-process-conformance-rate-calculator-standard","3","format","تقريب وتنسيق النتيجة","transform","calculation_result","final_output","true"
"workflow-mtbf-calculator-standard","1","validate","التحقق من القيم والوحدات","validation","user_input","validated_input","true"
"workflow-mtbf-calculator-standard","2","calculate","تنفيذ المعادلة","formula","validated_input","calculation_result","true"
"workflow-mtbf-calculator-standard","3","format","تقريب وتنسيق النتيجة","transform","calculation_result","final_output","true"
"workflow-maintenance-mttr-calculator-standard","1","validate","التحقق من القيم والوحدات","validation","user_input","validated_input","true"
"workflow-maintenance-mttr-calculator-standard","2","calculate","تنفيذ المعادلة","formula","validated_input","calculation_result","true"
"workflow-maintenance-mttr-calculator-standard","3","format","تقريب وتنسيق النتيجة","transform","calculation_result","final_output","true"
"workflow-equipment-availability-calculator-standard","1","validate","التحقق من القيم والوحدات","validation","user_input","validated_input","true"
"workflow-equipment-availability-calculator-standard","2","calculate","تنفيذ المعادلة","formula","validated_input","calculation_result","true"
"workflow-equipment-availability-calculator-standard","3","format","تقريب وتنسيق النتيجة","transform","calculation_result","final_output","true"
"workflow-preventive-maintenance-compliance-calculator-standard","1","validate","التحقق من القيم والوحدات","validation","user_input","validated_input","true"
"workflow-preventive-maintenance-compliance-calculator-standard","2","calculate","تنفيذ المعادلة","formula","validated_input","calculation_result","true"
"workflow-preventive-maintenance-compliance-calculator-standard","3","format","تقريب وتنسيق النتيجة","transform","calculation_result","final_output","true"
"workflow-maintenance-cost-per-asset-calculator-standard","1","validate","التحقق من القيم والوحدات","validation","user_input","validated_input","true"
"workflow-maintenance-cost-per-asset-calculator-standard","2","calculate","تنفيذ المعادلة","formula","validated_input","calculation_result","true"
"workflow-maintenance-cost-per-asset-calculator-standard","3","format","تقريب وتنسيق النتيجة","transform","calculation_result","final_output","true"
"workflow-maintenance-cost-to-replacement-value-calculator-standard","1","validate","التحقق من القيم والوحدات","validation","user_input","validated_input","true"
"workflow-maintenance-cost-to-replacement-value-calculator-standard","2","calculate","تنفيذ المعادلة","formula","validated_input","calculation_result","true"
"workflow-maintenance-cost-to-replacement-value-calculator-standard","3","format","تقريب وتنسيق النتيجة","transform","calculation_result","final_output","true"
"workflow-planned-maintenance-rate-calculator-standard","1","validate","التحقق من القيم والوحدات","validation","user_input","validated_input","true"
"workflow-planned-maintenance-rate-calculator-standard","2","calculate","تنفيذ المعادلة","formula","validated_input","calculation_result","true"
"workflow-planned-maintenance-rate-calculator-standard","3","format","تقريب وتنسيق النتيجة","transform","calculation_result","final_output","true"
"workflow-telecom-retention-rate-calculator-standard","1","validate","التحقق من القيم والوحدات","validation","user_input","validated_input","true"
"workflow-telecom-retention-rate-calculator-standard","2","calculate","تنفيذ المعادلة","formula","validated_input","calculation_result","true"
"workflow-telecom-retention-rate-calculator-standard","3","format","تقريب وتنسيق النتيجة","transform","calculation_result","final_output","true"
"workflow-emergency-maintenance-rate-calculator-standard","1","validate","التحقق من القيم والوحدات","validation","user_input","validated_input","true"
"workflow-emergency-maintenance-rate-calculator-standard","2","calculate","تنفيذ المعادلة","formula","validated_input","calculation_result","true"
"workflow-emergency-maintenance-rate-calculator-standard","3","format","تقريب وتنسيق النتيجة","transform","calculation_result","final_output","true"
"workflow-maintenance-backlog-weeks-calculator-standard","1","validate","التحقق من القيم والوحدات","validation","user_input","validated_input","true"
"workflow-maintenance-backlog-weeks-calculator-standard","2","calculate","تنفيذ المعادلة","formula","validated_input","calculation_result","true"
"workflow-maintenance-backlog-weeks-calculator-standard","3","format","تقريب وتنسيق النتيجة","transform","calculation_result","final_output","true"
"workflow-spare-parts-turnover-calculator-standard","1","validate","التحقق من القيم والوحدات","validation","user_input","validated_input","true"
"workflow-spare-parts-turnover-calculator-standard","2","calculate","تنفيذ المعادلة","formula","validated_input","calculation_result","true"
"workflow-spare-parts-turnover-calculator-standard","3","format","تقريب وتنسيق النتيجة","transform","calculation_result","final_output","true"
"workflow-franchise-royalty-fee-calculator-standard","1","validate","التحقق من القيم والوحدات","validation","user_input","validated_input","true"
"workflow-franchise-royalty-fee-calculator-standard","2","calculate","تنفيذ المعادلة","formula","validated_input","calculation_result","true"
"workflow-franchise-royalty-fee-calculator-standard","3","format","تقريب وتنسيق النتيجة","transform","calculation_result","final_output","true"
"workflow-franchise-marketing-fund-calculator-standard","1","validate","التحقق من القيم والوحدات","validation","user_input","validated_input","true"
"workflow-franchise-marketing-fund-calculator-standard","2","calculate","تنفيذ المعادلة","formula","validated_input","calculation_result","true"
"workflow-franchise-marketing-fund-calculator-standard","3","format","تقريب وتنسيق النتيجة","transform","calculation_result","final_output","true"
"workflow-franchise-break-even-sales-calculator-standard","1","validate","التحقق من القيم والوحدات","validation","user_input","validated_input","true"
"workflow-franchise-break-even-sales-calculator-standard","2","calculate","تنفيذ المعادلة","formula","validated_input","calculation_result","true"
"workflow-franchise-break-even-sales-calculator-standard","3","format","تقريب وتنسيق النتيجة","transform","calculation_result","final_output","true"
"workflow-franchise-payback-period-calculator-standard","1","validate","التحقق من القيم والوحدات","validation","user_input","validated_input","true"
"workflow-franchise-payback-period-calculator-standard","2","calculate","تنفيذ المعادلة","formula","validated_input","calculation_result","true"
"workflow-franchise-payback-period-calculator-standard","3","format","تقريب وتنسيق النتيجة","transform","calculation_result","final_output","true"
"workflow-same-store-sales-growth-calculator-standard","1","validate","التحقق من القيم والوحدات","validation","user_input","validated_input","true"
"workflow-same-store-sales-growth-calculator-standard","2","calculate","تنفيذ المعادلة","formula","validated_input","calculation_result","true"
"workflow-same-store-sales-growth-calculator-standard","3","format","تقريب وتنسيق النتيجة","transform","calculation_result","final_output","true"
"workflow-revenue-per-franchise-location-calculator-standard","1","validate","التحقق من القيم والوحدات","validation","user_input","validated_input","true"
"workflow-revenue-per-franchise-location-calculator-standard","2","calculate","تنفيذ المعادلة","formula","validated_input","calculation_result","true"
"workflow-revenue-per-franchise-location-calculator-standard","3","format","تقريب وتنسيق النتيجة","transform","calculation_result","final_output","true"
"workflow-franchise-gross-margin-calculator-standard","1","validate","التحقق من القيم والوحدات","validation","user_input","validated_input","true"
"workflow-franchise-gross-margin-calculator-standard","2","calculate","تنفيذ المعادلة","formula","validated_input","calculation_result","true"
"workflow-franchise-gross-margin-calculator-standard","3","format","تقريب وتنسيق النتيجة","transform","calculation_result","final_output","true"
"workflow-royalty-coverage-ratio-calculator-standard","1","validate","التحقق من القيم والوحدات","validation","user_input","validated_input","true"
"workflow-royalty-coverage-ratio-calculator-standard","2","calculate","تنفيذ المعادلة","formula","validated_input","calculation_result","true"
"workflow-royalty-coverage-ratio-calculator-standard","3","format","تقريب وتنسيق النتيجة","transform","calculation_result","final_output","true"
"workflow-franchise-opening-cost-per-sqm-calculator-standard","1","validate","التحقق من القيم والوحدات","validation","user_input","validated_input","true"
"workflow-franchise-opening-cost-per-sqm-calculator-standard","2","calculate","تنفيذ المعادلة","formula","validated_input","calculation_result","true"
"workflow-franchise-opening-cost-per-sqm-calculator-standard","3","format","تقريب وتنسيق النتيجة","transform","calculation_result","final_output","true"
"workflow-average-unit-volume-calculator-standard","1","validate","التحقق من القيم والوحدات","validation","user_input","validated_input","true"
"workflow-average-unit-volume-calculator-standard","2","calculate","تنفيذ المعادلة","formula","validated_input","calculation_result","true"
"workflow-average-unit-volume-calculator-standard","3","format","تقريب وتنسيق النتيجة","transform","calculation_result","final_output","true"
"workflow-rental-asset-yield-calculator-standard","1","validate","التحقق من القيم والوحدات","validation","user_input","validated_input","true"
"workflow-rental-asset-yield-calculator-standard","2","calculate","تنفيذ المعادلة","formula","validated_input","calculation_result","true"
"workflow-rental-asset-yield-calculator-standard","3","format","تقريب وتنسيق النتيجة","transform","calculation_result","final_output","true"
"workflow-rental-utilization-rate-calculator-standard","1","validate","التحقق من القيم والوحدات","validation","user_input","validated_input","true"
"workflow-rental-utilization-rate-calculator-standard","2","calculate","تنفيذ المعادلة","formula","validated_input","calculation_result","true"
"workflow-rental-utilization-rate-calculator-standard","3","format","تقريب وتنسيق النتيجة","transform","calculation_result","final_output","true"
"workflow-rental-revenue-per-day-calculator-standard","1","validate","التحقق من القيم والوحدات","validation","user_input","validated_input","true"
"workflow-rental-revenue-per-day-calculator-standard","2","calculate","تنفيذ المعادلة","formula","validated_input","calculation_result","true"
"workflow-rental-revenue-per-day-calculator-standard","3","format","تقريب وتنسيق النتيجة","transform","calculation_result","final_output","true"
"workflow-maintenance-cost-per-rental-calculator-standard","1","validate","التحقق من القيم والوحدات","validation","user_input","validated_input","true"
"workflow-maintenance-cost-per-rental-calculator-standard","2","calculate","تنفيذ المعادلة","formula","validated_input","calculation_result","true"
"workflow-maintenance-cost-per-rental-calculator-standard","3","format","تقريب وتنسيق النتيجة","transform","calculation_result","final_output","true"
"workflow-rental-damage-rate-calculator-standard","1","validate","التحقق من القيم والوحدات","validation","user_input","validated_input","true"
"workflow-rental-damage-rate-calculator-standard","2","calculate","تنفيذ المعادلة","formula","validated_input","calculation_result","true"
"workflow-rental-damage-rate-calculator-standard","3","format","تقريب وتنسيق النتيجة","transform","calculation_result","final_output","true"
"workflow-rental-payback-period-calculator-standard","1","validate","التحقق من القيم والوحدات","validation","user_input","validated_input","true"
"workflow-rental-payback-period-calculator-standard","2","calculate","تنفيذ المعادلة","formula","validated_input","calculation_result","true"
"workflow-rental-payback-period-calculator-standard","3","format","تقريب وتنسيق النتيجة","transform","calculation_result","final_output","true"
"workflow-rental-booking-conversion-calculator-standard","1","validate","التحقق من القيم والوحدات","validation","user_input","validated_input","true"
"workflow-rental-booking-conversion-calculator-standard","2","calculate","تنفيذ المعادلة","formula","validated_input","calculation_result","true"
"workflow-rental-booking-conversion-calculator-standard","3","format","تقريب وتنسيق النتيجة","transform","calculation_result","final_output","true"
"workflow-telecom-network-uptime-calculator-standard","1","validate","التحقق من القيم والوحدات","validation","user_input","validated_input","true"
"workflow-telecom-network-uptime-calculator-standard","2","calculate","تنفيذ المعادلة","formula","validated_input","calculation_result","true"
"workflow-telecom-network-uptime-calculator-standard","3","format","تقريب وتنسيق النتيجة","transform","calculation_result","final_output","true"
"workflow-bakery-labor-cost-per-batch-calculator-standard","1","validate","التحقق من القيم والوحدات","validation","user_input","validated_input","true"
"workflow-bakery-labor-cost-per-batch-calculator-standard","2","calculate","تنفيذ المعادلة","formula","validated_input","calculation_result","true"
"workflow-bakery-labor-cost-per-batch-calculator-standard","3","format","تقريب وتنسيق النتيجة","transform","calculation_result","final_output","true"
"workflow-bakery-daily-profit-calculator-standard","1","validate","التحقق من القيم والوحدات","validation","user_input","validated_input","true"
"workflow-bakery-daily-profit-calculator-standard","2","calculate","تنفيذ المعادلة","formula","validated_input","calculation_result","true"
"workflow-bakery-daily-profit-calculator-standard","3","format","تقريب وتنسيق النتيجة","transform","calculation_result","final_output","true"
"workflow-telecom-arpu-calculator-standard","1","validate","التحقق من القيم والوحدات","validation","user_input","validated_input","true"
"workflow-telecom-arpu-calculator-standard","2","calculate","تنفيذ المعادلة","formula","validated_input","calculation_result","true"
"workflow-telecom-arpu-calculator-standard","3","format","تقريب وتنسيق النتيجة","transform","calculation_result","final_output","true"
"workflow-rental-late-fee-calculator-standard","1","validate","التحقق من القيم والوحدات","validation","user_input","validated_input","true"
"workflow-rental-late-fee-calculator-standard","2","calculate","تنفيذ المعادلة","formula","validated_input","calculation_result","true"
"workflow-rental-late-fee-calculator-standard","3","format","تقريب وتنسيق النتيجة","transform","calculation_result","final_output","true"
"workflow-rental-fleet-revenue-per-asset-calculator-standard","1","validate","التحقق من القيم والوحدات","validation","user_input","validated_input","true"
"workflow-rental-fleet-revenue-per-asset-calculator-standard","2","calculate","تنفيذ المعادلة","formula","validated_input","calculation_result","true"
"workflow-rental-fleet-revenue-per-asset-calculator-standard","3","format","تقريب وتنسيق النتيجة","transform","calculation_result","final_output","true"
"workflow-salon-revenue-per-chair-calculator-standard","1","validate","التحقق من القيم والوحدات","validation","user_input","validated_input","true"
"workflow-salon-revenue-per-chair-calculator-standard","2","calculate","تنفيذ المعادلة","formula","validated_input","calculation_result","true"
"workflow-salon-revenue-per-chair-calculator-standard","3","format","تقريب وتنسيق النتيجة","transform","calculation_result","final_output","true"
"workflow-salon-chair-utilization-calculator-standard","1","validate","التحقق من القيم والوحدات","validation","user_input","validated_input","true"
"workflow-salon-chair-utilization-calculator-standard","2","calculate","تنفيذ المعادلة","formula","validated_input","calculation_result","true"
"workflow-salon-chair-utilization-calculator-standard","3","format","تقريب وتنسيق النتيجة","transform","calculation_result","final_output","true"
"workflow-salon-average-ticket-calculator-standard","1","validate","التحقق من القيم والوحدات","validation","user_input","validated_input","true"
"workflow-salon-average-ticket-calculator-standard","2","calculate","تنفيذ المعادلة","formula","validated_input","calculation_result","true"
"workflow-salon-average-ticket-calculator-standard","3","format","تقريب وتنسيق النتيجة","transform","calculation_result","final_output","true"
"workflow-salon-rebooking-rate-calculator-standard","1","validate","التحقق من القيم والوحدات","validation","user_input","validated_input","true"
"workflow-salon-rebooking-rate-calculator-standard","2","calculate","تنفيذ المعادلة","formula","validated_input","calculation_result","true"
"workflow-salon-rebooking-rate-calculator-standard","3","format","تقريب وتنسيق النتيجة","transform","calculation_result","final_output","true"
"workflow-salon-product-attachment-rate-calculator-standard","1","validate","التحقق من القيم والوحدات","validation","user_input","validated_input","true"
"workflow-salon-product-attachment-rate-calculator-standard","2","calculate","تنفيذ المعادلة","formula","validated_input","calculation_result","true"
"workflow-salon-product-attachment-rate-calculator-standard","3","format","تقريب وتنسيق النتيجة","transform","calculation_result","final_output","true"
"workflow-salon-staff-commission-calculator-standard","1","validate","التحقق من القيم والوحدات","validation","user_input","validated_input","true"
"workflow-salon-staff-commission-calculator-standard","2","calculate","تنفيذ المعادلة","formula","validated_input","calculation_result","true"
"workflow-salon-staff-commission-calculator-standard","3","format","تقريب وتنسيق النتيجة","transform","calculation_result","final_output","true"
"workflow-salon-treatment-margin-calculator-standard","1","validate","التحقق من القيم والوحدات","validation","user_input","validated_input","true"
"workflow-salon-treatment-margin-calculator-standard","2","calculate","تنفيذ المعادلة","formula","validated_input","calculation_result","true"
"workflow-salon-treatment-margin-calculator-standard","3","format","تقريب وتنسيق النتيجة","transform","calculation_result","final_output","true"
"workflow-salon-no-show-rate-calculator-standard","1","validate","التحقق من القيم والوحدات","validation","user_input","validated_input","true"
"workflow-salon-no-show-rate-calculator-standard","2","calculate","تنفيذ المعادلة","formula","validated_input","calculation_result","true"
"workflow-salon-no-show-rate-calculator-standard","3","format","تقريب وتنسيق النتيجة","transform","calculation_result","final_output","true"
"workflow-salon-daily-capacity-calculator-standard","1","validate","التحقق من القيم والوحدات","validation","user_input","validated_input","true"
"workflow-salon-daily-capacity-calculator-standard","2","calculate","تنفيذ المعادلة","formula","validated_input","calculation_result","true"
"workflow-salon-daily-capacity-calculator-standard","3","format","تقريب وتنسيق النتيجة","transform","calculation_result","final_output","true"
"workflow-telecom-subscriber-churn-calculator-standard","1","validate","التحقق من القيم والوحدات","validation","user_input","validated_input","true"
"workflow-telecom-subscriber-churn-calculator-standard","2","calculate","تنفيذ المعادلة","formula","validated_input","calculation_result","true"
"workflow-telecom-subscriber-churn-calculator-standard","3","format","تقريب وتنسيق النتيجة","transform","calculation_result","final_output","true"
"workflow-salon-break-even-appointments-calculator-standard","1","validate","التحقق من القيم والوحدات","validation","user_input","validated_input","true"
"workflow-salon-break-even-appointments-calculator-standard","2","calculate","تنفيذ المعادلة","formula","validated_input","calculation_result","true"
"workflow-salon-break-even-appointments-calculator-standard","3","format","تقريب وتنسيق النتيجة","transform","calculation_result","final_output","true"
"workflow-bakery-ingredient-cost-per-batch-calculator-standard","1","validate","التحقق من القيم والوحدات","validation","user_input","validated_input","true"
"workflow-bakery-ingredient-cost-per-batch-calculator-standard","2","calculate","تنفيذ المعادلة","formula","validated_input","calculation_result","true"
"workflow-bakery-ingredient-cost-per-batch-calculator-standard","3","format","تقريب وتنسيق النتيجة","transform","calculation_result","final_output","true"
"workflow-bakery-cost-per-item-calculator-standard","1","validate","التحقق من القيم والوحدات","validation","user_input","validated_input","true"
"workflow-bakery-cost-per-item-calculator-standard","2","calculate","تنفيذ المعادلة","formula","validated_input","calculation_result","true"
"workflow-bakery-cost-per-item-calculator-standard","3","format","تقريب وتنسيق النتيجة","transform","calculation_result","final_output","true"
"workflow-bakery-gross-margin-calculator-standard","1","validate","التحقق من القيم والوحدات","validation","user_input","validated_input","true"
"workflow-bakery-gross-margin-calculator-standard","2","calculate","تنفيذ المعادلة","formula","validated_input","calculation_result","true"
"workflow-bakery-gross-margin-calculator-standard","3","format","تقريب وتنسيق النتيجة","transform","calculation_result","final_output","true"
"workflow-bakery-waste-rate-calculator-standard","1","validate","التحقق من القيم والوحدات","validation","user_input","validated_input","true"
"workflow-bakery-waste-rate-calculator-standard","2","calculate","تنفيذ المعادلة","formula","validated_input","calculation_result","true"
"workflow-bakery-waste-rate-calculator-standard","3","format","تقريب وتنسيق النتيجة","transform","calculation_result","final_output","true"
"workflow-bakery-daily-production-capacity-calculator-standard","1","validate","التحقق من القيم والوحدات","validation","user_input","validated_input","true"
"workflow-bakery-daily-production-capacity-calculator-standard","2","calculate","تنفيذ المعادلة","formula","validated_input","calculation_result","true"
"workflow-bakery-daily-production-capacity-calculator-standard","3","format","تقريب وتنسيق النتيجة","transform","calculation_result","final_output","true"
"workflow-bakery-oven-utilization-calculator-standard","1","validate","التحقق من القيم والوحدات","validation","user_input","validated_input","true"
"workflow-bakery-oven-utilization-calculator-standard","2","calculate","تنفيذ المعادلة","formula","validated_input","calculation_result","true"
"workflow-bakery-oven-utilization-calculator-standard","3","format","تقريب وتنسيق النتيجة","transform","calculation_result","final_output","true"
"workflow-bakery-break-even-items-calculator-standard","1","validate","التحقق من القيم والوحدات","validation","user_input","validated_input","true"
"workflow-bakery-break-even-items-calculator-standard","2","calculate","تنفيذ المعادلة","formula","validated_input","calculation_result","true"
"workflow-bakery-break-even-items-calculator-standard","3","format","تقريب وتنسيق النتيجة","transform","calculation_result","final_output","true"
"workflow-bakery-packaging-cost-calculator-standard","1","validate","التحقق من القيم والوحدات","validation","user_input","validated_input","true"
"workflow-bakery-packaging-cost-calculator-standard","2","calculate","تنفيذ المعادلة","formula","validated_input","calculation_result","true"
"workflow-bakery-packaging-cost-calculator-standard","3","format","تقريب وتنسيق النتيجة","transform","calculation_result","final_output","true"