"slug","name_ar","name_en","description","category_slug","engine_group","is_active","version"
"workflow-percentage-calculator-standard","حاسبة النسبة المئوية — مسار الحساب","Percentage Calculator — standard","مسار مسار الحساب لأداة حاسبة النسبة المئوية.","general-tools","formula","true","1"
"workflow-ai-content-writer-quick","مساعد كتابة المحتوى — المسار السريع","AI Content Writer — quick","مسار المسار السريع لأداة مساعد كتابة المحتوى.","ai-tools","ai","true","1"
"workflow-ai-content-writer-professional","مساعد كتابة المحتوى — المسار الاحترافي","AI Content Writer — professional","مسار المسار الاحترافي لأداة مساعد كتابة المحتوى.","ai-tools","ai","true","1"
"workflow-customer-acquisition-cost-calculator-standard","حاسبة تكلفة اكتساب العميل — مسار الحساب","Customer Acquisition Cost Calculator — standard","مسار مسار الحساب لأداة حاسبة تكلفة اكتساب العميل.","marketing-tools","formula","true","1"
"workflow-gross-profit-calculator-standard","حاسبة الربح الإجمالي — مسار الحساب","Gross Profit Calculator — standard","مسار مسار الحساب لأداة حاسبة الربح الإجمالي.","finance-tools","formula","true","1"
"workflow-conversion-rate-calculator-standard","حاسبة معدل التحويل — مسار الحساب","Conversion Rate Calculator — standard","مسار مسار الحساب لأداة حاسبة معدل التحويل.","marketing-tools","formula","true","1"
"workflow-cpa-calculator-standard","حاسبة تكلفة الإجراء — مسار الحساب","CPA Calculator — standard","مسار مسار الحساب لأداة حاسبة تكلفة الإجراء.","marketing-tools","formula","true","1"
"workflow-profit-margin-calculator-standard","حاسبة هامش الربح — مسار الحساب","Profit Margin Calculator — standard","مسار مسار الحساب لأداة حاسبة هامش الربح.","finance-tools","formula","true","1"
"workflow-cpm-calculator-standard","حاسبة تكلفة الألف ظهور — مسار الحساب","CPM Calculator — standard","مسار مسار الحساب لأداة حاسبة تكلفة الألف ظهور.","marketing-tools","formula","true","1"
"workflow-ctr-calculator-standard","حاسبة معدل النقر — مسار الحساب","CTR Calculator — standard","مسار مسار الحساب لأداة حاسبة معدل النقر.","marketing-tools","formula","true","1"
"workflow-discount-calculator-standard","حاسبة الخصم — مسار الحساب","Discount Calculator — standard","مسار مسار الحساب لأداة حاسبة الخصم.","finance-tools","formula","true","1"
"workflow-cpc-calculator-standard","حاسبة تكلفة النقرة — مسار الحساب","CPC Calculator — standard","مسار مسار الحساب لأداة حاسبة تكلفة النقرة.","marketing-tools","formula","true","1"
"workflow-roas-calculator-standard","حاسبة العائد الإعلاني — مسار الحساب","ROAS Calculator — standard","مسار مسار الحساب لأداة حاسبة العائد الإعلاني.","marketing-tools","formula","true","1"
"workflow-salary-increase-calculator-standard","حاسبة زيادة الراتب — مسار الحساب","Salary Increase Calculator — standard","مسار مسار الحساب لأداة حاسبة زيادة الراتب.","employment-tools","formula","true","1"
"workflow-break-even-calculator-standard","حاسبة نقطة التعادل — مسار الحساب","Break-even Calculator — standard","مسار مسار الحساب لأداة حاسبة نقطة التعادل.","business-tools","formula","true","1"
"workflow-tip-calculator-standard","حاسبة الإكرامية — مسار الحساب","Tip Calculator — standard","مسار مسار الحساب لأداة حاسبة الإكرامية.","finance-tools","formula","true","1"
"workflow-compound-interest-calculator-standard","حاسبة الفائدة المركبة — مسار الحساب","Compound Interest Calculator — standard","مسار مسار الحساب لأداة حاسبة الفائدة المركبة.","finance-tools","formula","true","1"
"workflow-simple-interest-calculator-standard","حاسبة الفائدة البسيطة — مسار الحساب","Simple Interest Calculator — standard","مسار مسار الحساب لأداة حاسبة الفائدة البسيطة.","finance-tools","formula","true","1"
"workflow-unit-price-calculator-standard","حاسبة سعر الوحدة — مسار الحساب","Unit Price Calculator — standard","مسار مسار الحساب لأداة حاسبة سعر الوحدة.","finance-tools","formula","true","1"
"workflow-aov-calculator-standard","حاسبة متوسط قيمة الطلب — مسار الحساب","AOV Calculator — standard","مسار مسار الحساب لأداة حاسبة متوسط قيمة الطلب.","marketing-tools","formula","true","1"
"workflow-commission-calculator-standard","حاسبة العمولة — مسار الحساب","Commission Calculator — standard","مسار مسار الحساب لأداة حاسبة العمولة.","finance-tools","formula","true","1"
"workflow-roi-calculator-standard","حاسبة العائد على الاستثمار — مسار الحساب","ROI Calculator — standard","مسار مسار الحساب لأداة حاسبة العائد على الاستثمار.","finance-tools","formula","true","1"
"workflow-weighted-score-calculator-standard","حاسبة الدرجة الموزونة — مسار الحساب","Weighted Score Calculator — standard","مسار مسار الحساب لأداة حاسبة الدرجة الموزونة.","general-tools","formula","true","1"
"workflow-pre-tax-price-calculator-standard","حاسبة السعر قبل الضريبة — مسار الحساب","Pre-tax Price Calculator — standard","مسار مسار الحساب لأداة حاسبة السعر قبل الضريبة.","finance-tools","formula","true","1"
"workflow-markup-calculator-standard","حاسبة نسبة الزيادة على التكلفة — مسار الحساب","Markup Calculator — standard","مسار مسار الحساب لأداة حاسبة نسبة الزيادة على التكلفة.","finance-tools","formula","true","1"
"workflow-vat-calculator-standard","حاسبة ضريبة القيمة المضافة — مسار الحساب","VAT Calculator — standard","مسار مسار الحساب لأداة حاسبة ضريبة القيمة المضافة.","finance-tools","formula","true","1"
"workflow-average-calculator-standard","حاسبة المتوسط — مسار الحساب","Average Calculator — standard","مسار مسار الحساب لأداة حاسبة المتوسط.","general-tools","formula","true","1"
"workflow-line-sorter-standard","ترتيب الأسطر أبجديًا — مسار معالجة النص","Line Sorter — standard","مسار مسار معالجة النص لأداة ترتيب الأسطر أبجديًا.","text-tools","text","true","1"
"workflow-reverse-text-standard","عكس النص والكلمات — مسار معالجة النص","Reverse Text — standard","مسار مسار معالجة النص لأداة عكس النص والكلمات.","text-tools","text","true","1"
"workflow-text-case-converter-standard","تحويل حالة الأحرف — مسار معالجة النص","Text Case Converter — standard","مسار مسار معالجة النص لأداة تحويل حالة الأحرف.","text-tools","text","true","1"
"workflow-normalize-arabic-text-standard","تنظيف وتوحيد النص العربي — مسار معالجة النص","Arabic Text Normalizer — standard","مسار مسار معالجة النص لأداة تنظيف وتوحيد النص العربي.","text-tools","text","true","1"
"workflow-remove-diacritics-standard","إزالة التشكيل من النص — مسار معالجة النص","Remove Arabic Diacritics — standard","مسار مسار معالجة النص لأداة إزالة التشكيل من النص.","text-tools","text","true","1"
"workflow-fancy-separator-generator-standard","مولد الفواصل والرموز — مسار معالجة النص","Fancy Separator Generator — standard","مسار مسار معالجة النص لأداة مولد الفواصل والرموز.","decoration-tools","text","true","1"
"workflow-quote-wrapper-standard","إطارات واقتباسات مزخرفة — مسار معالجة النص","Fancy Quote Wrapper — standard","مسار مسار معالجة النص لأداة إطارات واقتباسات مزخرفة.","decoration-tools","text","true","1"
"workflow-line-prefix-adder-standard","إضافة رمز لكل سطر — مسار معالجة النص","Line Prefix Adder — standard","مسار مسار معالجة النص لأداة إضافة رمز لكل سطر.","text-tools","text","true","1"
"workflow-find-replace-text-standard","بحث واستبدال النص — مسار معالجة النص","Find & Replace Text — standard","مسار مسار معالجة النص لأداة بحث واستبدال النص.","text-tools","text","true","1"
"workflow-emoji-text-decoration-standard","زخرفة النص بالإيموجي — مسار معالجة النص","Emoji Text Decorator — standard","مسار مسار معالجة النص لأداة زخرفة النص بالإيموجي.","decoration-tools","text","true","1"
"workflow-text-decoration-standard","زخرفة النصوص والأسماء — مسار معالجة النص","Text & Name Decorator — standard","مسار مسار معالجة النص لأداة زخرفة النصوص والأسماء.","decoration-tools","text","true","1"
"workflow-arabic-text-decoration-standard","زخرفة الأسماء العربية — مسار معالجة النص","Arabic Name Decorator — standard","مسار مسار معالجة النص لأداة زخرفة الأسماء العربية.","decoration-tools","text","true","1"
"workflow-english-name-decoration-standard","زخرفة الأسماء الإنجليزية — مسار معالجة النص","English Name Decorator — standard","مسار مسار معالجة النص لأداة زخرفة الأسماء الإنجليزية.","decoration-tools","text","true","1"
"workflow-username-decoration-standard","زخرفة اسم المستخدم — مسار معالجة النص","Username Decorator — standard","مسار مسار معالجة النص لأداة زخرفة اسم المستخدم.","decoration-tools","text","true","1"
"workflow-slug-generator-standard","مولد الرابط المختصر Slug — مسار معالجة النص","Slug Generator — standard","مسار مسار معالجة النص لأداة مولد الرابط المختصر Slug.","text-tools","text","true","1"
"workflow-prefix-suffix-adder-standard","إضافة بادئة ولاحقة — مسار معالجة النص","Prefix & Suffix Adder — standard","مسار مسار معالجة النص لأداة إضافة بادئة ولاحقة.","text-tools","text","true","1"
"workflow-text-repeater-standard","مكرر النصوص — مسار معالجة النص","Text Repeater — standard","مسار مسار معالجة النص لأداة مكرر النصوص.","text-tools","text","true","1"
"workflow-duplicate-line-remover-standard","حذف الأسطر المكررة — مسار معالجة النص","Duplicate Line Remover — standard","مسار مسار معالجة النص لأداة حذف الأسطر المكررة.","text-tools","text","true","1"
"workflow-text-counter-standard","عداد الكلمات والأحرف — مسار معالجة النص","Word & Character Counter — standard","مسار مسار معالجة النص لأداة عداد الكلمات والأحرف.","text-tools","text","true","1"
"workflow-remove-line-breaks-standard","إزالة فواصل الأسطر — مسار معالجة النص","Remove Line Breaks — standard","مسار مسار معالجة النص لأداة إزالة فواصل الأسطر.","text-tools","text","true","1"
"workflow-hashtag-generator-standard","مولد الهاشتاقات — مسار معالجة النص","Hashtag Generator — standard","مسار مسار معالجة النص لأداة مولد الهاشتاقات.","text-tools","text","true","1"
"workflow-punctuation-remover-standard","حذف علامات الترقيم والرموز — مسار معالجة النص","Punctuation Remover — standard","مسار مسار معالجة النص لأداة حذف علامات الترقيم والرموز.","text-tools","text","true","1"
"workflow-whitespace-cleaner-standard","تنظيف المسافات الزائدة — مسار معالجة النص","Whitespace Cleaner — standard","مسار مسار معالجة النص لأداة تنظيف المسافات الزائدة.","text-tools","text","true","1"
"workflow-whatsapp-message-writer-quick","كاتب رسائل واتساب — المسار السريع","WhatsApp Message Writer — quick","مسار المسار السريع لأداة كاتب رسائل واتساب.","ai-writing-tools","ai","true","1"
"workflow-whatsapp-message-writer-professional","كاتب رسائل واتساب — المسار الاحترافي","WhatsApp Message Writer — professional","مسار المسار الاحترافي لأداة كاتب رسائل واتساب.","ai-writing-tools","ai","true","1"
"workflow-video-script-generator-quick","مولد سكريبت الفيديو — المسار السريع","Video Script Generator — quick","مسار المسار السريع لأداة مولد سكريبت الفيديو.","ai-writing-tools","ai","true","1"
"workflow-video-script-generator-professional","مولد سكريبت الفيديو — المسار الاحترافي","Video Script Generator — professional","مسار المسار الاحترافي لأداة مولد سكريبت الفيديو.","ai-writing-tools","ai","true","1"
"workflow-social-post-generator-quick","مولد منشورات السوشيال ميديا — المسار السريع","Social Post Generator — quick","مسار المسار السريع لأداة مولد منشورات السوشيال ميديا.","social-media-tools","ai","true","1"
"workflow-social-post-generator-professional","مولد منشورات السوشيال ميديا — المسار الاحترافي","Social Post Generator — professional","مسار المسار الاحترافي لأداة مولد منشورات السوشيال ميديا.","social-media-tools","ai","true","1"
"workflow-product-description-generator-quick","مولد وصف المنتجات — المسار السريع","Product Description Generator — quick","مسار المسار السريع لأداة مولد وصف المنتجات.","ai-writing-tools","ai","true","1"
"workflow-product-description-generator-professional","مولد وصف المنتجات — المسار الاحترافي","Product Description Generator — professional","مسار المسار الاحترافي لأداة مولد وصف المنتجات.","ai-writing-tools","ai","true","1"
"workflow-text-summarizer-quick","ملخص النصوص — المسار السريع","Text Summarizer — quick","مسار المسار السريع لأداة ملخص النصوص.","ai-writing-tools","ai","true","1"
"workflow-text-summarizer-professional","ملخص النصوص — المسار الاحترافي","Text Summarizer — professional","مسار المسار الاحترافي لأداة ملخص النصوص.","ai-writing-tools","ai","true","1"
"workflow-content-rewriter-quick","إعادة صياغة المحتوى — المسار السريع","Content Rewriter — quick","مسار المسار السريع لأداة إعادة صياغة المحتوى.","ai-writing-tools","ai","true","1"
"workflow-content-rewriter-professional","إعادة صياغة المحتوى — المسار الاحترافي","Content Rewriter — professional","مسار المسار الاحترافي لأداة إعادة صياغة المحتوى.","ai-writing-tools","ai","true","1"
"workflow-content-writing-assistant-quick","مساعد كتابة المحتوى — المسار السريع","Content Writing Assistant — quick","مسار المسار السريع لأداة مساعد كتابة المحتوى.","ai-writing-tools","ai","true","1"
"workflow-content-writing-assistant-professional","مساعد كتابة المحتوى — المسار الاحترافي","Content Writing Assistant — professional","مسار المسار الاحترافي لأداة مساعد كتابة المحتوى.","ai-writing-tools","ai","true","1"
"workflow-ad-copy-generator-quick","مولد النصوص الإعلانية — المسار السريع","Ad Copy Generator — quick","مسار المسار السريع لأداة مولد النصوص الإعلانية.","ai-writing-tools","ai","true","1"
"workflow-ad-copy-generator-professional","مولد النصوص الإعلانية — المسار الاحترافي","Ad Copy Generator — professional","مسار المسار الاحترافي لأداة مولد النصوص الإعلانية.","ai-writing-tools","ai","true","1"
"workflow-proposal-writer-quick","كاتب عروض الخدمات — المسار السريع","Service Proposal Writer — quick","مسار المسار السريع لأداة كاتب عروض الخدمات.","productivity-tools","ai","true","1"
"workflow-proposal-writer-professional","كاتب عروض الخدمات — المسار الاحترافي","Service Proposal Writer — professional","مسار المسار الاحترافي لأداة كاتب عروض الخدمات.","productivity-tools","ai","true","1"
"workflow-meeting-summary-generator-quick","ملخص الاجتماعات — المسار السريع","Meeting Summary Generator — quick","مسار المسار السريع لأداة ملخص الاجتماعات.","productivity-tools","ai","true","1"
"workflow-meeting-summary-generator-professional","ملخص الاجتماعات — المسار الاحترافي","Meeting Summary Generator — professional","مسار المسار الاحترافي لأداة ملخص الاجتماعات.","productivity-tools","ai","true","1"
"workflow-keyword-cluster-generator-quick","مولد عناقيد الكلمات المفتاحية — المسار السريع","Keyword Cluster Generator — quick","مسار المسار السريع لأداة مولد عناقيد الكلمات المفتاحية.","seo-tools","ai","true","1"
"workflow-keyword-cluster-generator-professional","مولد عناقيد الكلمات المفتاحية — المسار الاحترافي","Keyword Cluster Generator — professional","مسار المسار الاحترافي لأداة مولد عناقيد الكلمات المفتاحية.","seo-tools","ai","true","1"
"workflow-blog-outline-generator-quick","مولد مخطط المقال — المسار السريع","Blog Outline Generator — quick","مسار المسار السريع لأداة مولد مخطط المقال.","seo-tools","ai","true","1"
"workflow-blog-outline-generator-professional","مولد مخطط المقال — المسار الاحترافي","Blog Outline Generator — professional","مسار المسار الاحترافي لأداة مولد مخطط المقال.","seo-tools","ai","true","1"
"workflow-seo-title-description-generator-quick","مولد عنوان ووصف SEO — المسار السريع","SEO Title & Meta Description Generator — quick","مسار المسار السريع لأداة مولد عنوان ووصف SEO.","seo-tools","ai","true","1"
"workflow-seo-title-description-generator-professional","مولد عنوان ووصف SEO — المسار الاحترافي","SEO Title & Meta Description Generator — professional","مسار المسار الاحترافي لأداة مولد عنوان ووصف SEO.","seo-tools","ai","true","1"
"workflow-youtube-description-generator-quick","مولد وصف YouTube — المسار السريع","YouTube Description Generator — quick","مسار المسار السريع لأداة مولد وصف YouTube.","social-media-tools","ai","true","1"
"workflow-youtube-description-generator-professional","مولد وصف YouTube — المسار الاحترافي","YouTube Description Generator — professional","مسار المسار الاحترافي لأداة مولد وصف YouTube.","social-media-tools","ai","true","1"
"workflow-call-to-action-generator-quick","مولد عبارات CTA — المسار السريع","Call-to-Action Generator — quick","مسار المسار السريع لأداة مولد عبارات CTA.","seo-tools","ai","true","1"
"workflow-call-to-action-generator-professional","مولد عبارات CTA — المسار الاحترافي","Call-to-Action Generator — professional","مسار المسار الاحترافي لأداة مولد عبارات CTA.","seo-tools","ai","true","1"
"workflow-youtube-title-generator-quick","مولد عناوين YouTube — المسار السريع","YouTube Title Generator — quick","مسار المسار السريع لأداة مولد عناوين YouTube.","social-media-tools","ai","true","1"
"workflow-youtube-title-generator-professional","مولد عناوين YouTube — المسار الاحترافي","YouTube Title Generator — professional","مسار المسار الاحترافي لأداة مولد عناوين YouTube.","social-media-tools","ai","true","1"
"workflow-customer-service-reply-generator-quick","مولد ردود خدمة العملاء — المسار السريع","Customer Service Reply Generator — quick","مسار المسار السريع لأداة مولد ردود خدمة العملاء.","productivity-tools","ai","true","1"
"workflow-customer-service-reply-generator-professional","مولد ردود خدمة العملاء — المسار الاحترافي","Customer Service Reply Generator — professional","مسار المسار الاحترافي لأداة مولد ردود خدمة العملاء.","productivity-tools","ai","true","1"
"workflow-x-post-generator-quick","مولد منشورات X — المسار السريع","X Post Generator — quick","مسار المسار السريع لأداة مولد منشورات X.","social-media-tools","ai","true","1"
"workflow-x-post-generator-professional","مولد منشورات X — المسار الاحترافي","X Post Generator — professional","مسار المسار الاحترافي لأداة مولد منشورات X.","social-media-tools","ai","true","1"
"workflow-linkedin-post-generator-quick","مولد منشورات LinkedIn — المسار السريع","LinkedIn Post Generator — quick","مسار المسار السريع لأداة مولد منشورات LinkedIn.","social-media-tools","ai","true","1"
"workflow-linkedin-post-generator-professional","مولد منشورات LinkedIn — المسار الاحترافي","LinkedIn Post Generator — professional","مسار المسار الاحترافي لأداة مولد منشورات LinkedIn.","social-media-tools","ai","true","1"
"workflow-tiktok-caption-generator-quick","مولد كابشن TikTok — المسار السريع","TikTok Caption Generator — quick","مسار المسار السريع لأداة مولد كابشن TikTok.","social-media-tools","ai","true","1"
"workflow-tiktok-caption-generator-professional","مولد كابشن TikTok — المسار الاحترافي","TikTok Caption Generator — professional","مسار المسار الاحترافي لأداة مولد كابشن TikTok.","social-media-tools","ai","true","1"
"workflow-landing-page-copy-generator-quick","كاتب صفحات الهبوط — المسار السريع","Landing Page Copy Generator — quick","مسار المسار السريع لأداة كاتب صفحات الهبوط.","ai-writing-tools","ai","true","1"
"workflow-landing-page-copy-generator-professional","كاتب صفحات الهبوط — المسار الاحترافي","Landing Page Copy Generator — professional","مسار المسار الاحترافي لأداة كاتب صفحات الهبوط.","ai-writing-tools","ai","true","1"
"workflow-content-ideas-generator-quick","مولد أفكار المحتوى — المسار السريع","Content Ideas Generator — quick","مسار المسار السريع لأداة مولد أفكار المحتوى.","ai-writing-tools","ai","true","1"
"workflow-content-ideas-generator-professional","مولد أفكار المحتوى — المسار الاحترافي","Content Ideas Generator — professional","مسار المسار الاحترافي لأداة مولد أفكار المحتوى.","ai-writing-tools","ai","true","1"
"workflow-faq-generator-quick","مولد الأسئلة الشائعة — المسار السريع","FAQ Generator — quick","مسار المسار السريع لأداة مولد الأسئلة الشائعة.","ai-writing-tools","ai","true","1"
"workflow-faq-generator-professional","مولد الأسئلة الشائعة — المسار الاحترافي","FAQ Generator — professional","مسار المسار الاحترافي لأداة مولد الأسئلة الشائعة.","ai-writing-tools","ai","true","1"
"workflow-instagram-caption-generator-quick","مولد كابشن Instagram — المسار السريع","Instagram Caption Generator — quick","مسار المسار السريع لأداة مولد كابشن Instagram.","social-media-tools","ai","true","1"
"workflow-instagram-caption-generator-professional","مولد كابشن Instagram — المسار الاحترافي","Instagram Caption Generator — professional","مسار المسار الاحترافي لأداة مولد كابشن Instagram.","social-media-tools","ai","true","1"
"workflow-email-writer-quick","كاتب البريد الإلكتروني — المسار السريع","Email Writer — quick","مسار المسار السريع لأداة كاتب البريد الإلكتروني.","ai-writing-tools","ai","true","1"
"workflow-email-writer-professional","كاتب البريد الإلكتروني — المسار الاحترافي","Email Writer — professional","مسار المسار الاحترافي لأداة كاتب البريد الإلكتروني.","ai-writing-tools","ai","true","1"
"workflow-slogan-generator-quick","مولد الشعارات النصية — المسار السريع","Slogan Generator — quick","مسار المسار السريع لأداة مولد الشعارات النصية.","ai-writing-tools","ai","true","1"
"workflow-slogan-generator-professional","مولد الشعارات النصية — المسار الاحترافي","Slogan Generator — professional","مسار المسار الاحترافي لأداة مولد الشعارات النصية.","ai-writing-tools","ai","true","1"
"workflow-business-name-generator-quick","مولد أسماء المشاريع — المسار السريع","Business Name Generator — quick","مسار المسار السريع لأداة مولد أسماء المشاريع.","ai-writing-tools","ai","true","1"
"workflow-business-name-generator-professional","مولد أسماء المشاريع — المسار الاحترافي","Business Name Generator — professional","مسار المسار الاحترافي لأداة مولد أسماء المشاريع.","ai-writing-tools","ai","true","1"
"workflow-headline-generator-quick","مولد العناوين — المسار السريع","Headline Generator — quick","مسار المسار السريع لأداة مولد العناوين.","ai-writing-tools","ai","true","1"
"workflow-headline-generator-professional","مولد العناوين — المسار الاحترافي","Headline Generator — professional","مسار المسار الاحترافي لأداة مولد العناوين.","ai-writing-tools","ai","true","1"
"workflow-proofreading-assistant-quick","مدقق لغوي ذكي — المسار السريع","AI Proofreading Assistant — quick","مسار المسار السريع لأداة مدقق لغوي ذكي.","ai-writing-tools","ai","true","1"
"workflow-proofreading-assistant-professional","مدقق لغوي ذكي — المسار الاحترافي","AI Proofreading Assistant — professional","مسار المسار الاحترافي لأداة مدقق لغوي ذكي.","ai-writing-tools","ai","true","1"
"workflow-square-root-calculator-standard","حاسبة الجذر التربيعي — مسار الحساب","Square Root Calculator — standard","مسار مسار الحساب لأداة حاسبة الجذر التربيعي.","general-tools","formula","true","1"
"workflow-ratio-calculator-standard","حاسبة النسبة بين قيمتين — مسار الحساب","Ratio Calculator — standard","مسار مسار الحساب لأداة حاسبة النسبة بين قيمتين.","general-tools","formula","true","1"
"workflow-sample-size-calculator-standard","حاسبة حجم العينة — مسار الحساب","Sample Size Calculator — standard","مسار مسار الحساب لأداة حاسبة حجم العينة.","general-tools","formula","true","1"
"workflow-gpa-4-to-5-converter-standard","محول المعدل من 4 إلى 5 — مسار الحساب","GPA 4 to 5 Converter — standard","مسار مسار الحساب لأداة محول المعدل من 4 إلى 5.","education-tools","formula","true","1"
"workflow-cbm-calculator-standard","حاسبة الحجم CBM — مسار الحساب","CBM Calculator — standard","مسار مسار الحساب لأداة حاسبة الحجم CBM.","converter-tools","formula","true","1"
"workflow-centimeter-to-meter-converter-standard","محول السنتيمتر إلى متر — مسار الحساب","Centimeter to Meter Converter — standard","مسار مسار الحساب لأداة محول السنتيمتر إلى متر.","converter-tools","formula","true","1"
"workflow-meter-to-kilometer-converter-standard","محول المتر إلى كيلومتر — مسار الحساب","Meter to Kilometer Converter — standard","مسار مسار الحساب لأداة محول المتر إلى كيلومتر.","converter-tools","formula","true","1"
"workflow-kilogram-to-pound-converter-standard","محول الكيلوجرام إلى رطل — مسار الحساب","Kilogram to Pound Converter — standard","مسار مسار الحساب لأداة محول الكيلوجرام إلى رطل.","converter-tools","formula","true","1"
"workflow-price-with-vat-calculator-standard","حاسبة السعر شامل الضريبة — مسار الحساب","Price Including VAT Calculator — standard","مسار مسار الحساب لأداة حاسبة السعر شامل الضريبة.","finance-tools","formula","true","1"
"workflow-pound-to-kilogram-converter-standard","محول الرطل إلى كيلوجرام — مسار الحساب","Pound to Kilogram Converter — standard","مسار مسار الحساب لأداة محول الرطل إلى كيلوجرام.","converter-tools","formula","true","1"
"workflow-celsius-to-fahrenheit-converter-standard","محول مئوي إلى فهرنهايت — مسار الحساب","Celsius to Fahrenheit Converter — standard","مسار مسار الحساب لأداة محول مئوي إلى فهرنهايت.","converter-tools","formula","true","1"
"workflow-percentage-of-amount-calculator-standard","حاسبة نسبة من مبلغ — مسار الحساب","Percentage of Amount Calculator — standard","مسار مسار الحساب لأداة حاسبة نسبة من مبلغ.","finance-tools","formula","true","1"
"workflow-gpa-4-to-percentage-calculator-standard","محول المعدل من 4 إلى نسبة — مسار الحساب","GPA 4 to Percentage Calculator — standard","مسار مسار الحساب لأداة محول المعدل من 4 إلى نسبة.","education-tools","formula","true","1"
"workflow-percentage-change-calculator-standard","حاسبة نسبة التغير — مسار الحساب","Percentage Change Calculator — standard","مسار مسار الحساب لأداة حاسبة نسبة التغير.","finance-tools","formula","true","1"
"workflow-gpa-5-to-percentage-calculator-standard","محول المعدل من 5 إلى نسبة — مسار الحساب","GPA 5 to Percentage Calculator — standard","مسار مسار الحساب لأداة محول المعدل من 5 إلى نسبة.","education-tools","formula","true","1"
"workflow-reverse-percentage-calculator-standard","حاسبة النسبة العكسية — مسار الحساب","Reverse Percentage Calculator — standard","مسار مسار الحساب لأداة حاسبة النسبة العكسية.","finance-tools","formula","true","1"
"workflow-fahrenheit-to-celsius-converter-standard","محول فهرنهايت إلى مئوي — مسار الحساب","Fahrenheit to Celsius Converter — standard","مسار مسار الحساب لأداة محول فهرنهايت إلى مئوي.","converter-tools","formula","true","1"
"workflow-rectangle-area-calculator-standard","حاسبة مساحة المستطيل — مسار الحساب","Rectangle Area Calculator — standard","مسار مسار الحساب لأداة حاسبة مساحة المستطيل.","converter-tools","formula","true","1"
"workflow-land-share-area-calculator-standard","حاسبة مساحة حصة الأرض — مسار الحساب","Land Share Area Calculator — standard","مسار مسار الحساب لأداة حاسبة مساحة حصة الأرض.","converter-tools","formula","true","1"
"workflow-box-volume-liter-calculator-standard","حاسبة حجم الصندوق باللتر — مسار الحساب","Box Volume in Liters Calculator — standard","مسار مسار الحساب لأداة حاسبة حجم الصندوق باللتر.","converter-tools","formula","true","1"
"workflow-bmi-calculator-standard","حاسبة مؤشر كتلة الجسم — مسار الحساب","BMI Calculator — standard","مسار مسار الحساب لأداة حاسبة مؤشر كتلة الجسم.","health-tools","formula","true","1"
"workflow-daily-water-intake-calculator-standard","حاسبة شرب الماء اليومي — مسار الحساب","Daily Water Intake Calculator — standard","مسار مسار الحساب لأداة حاسبة شرب الماء اليومي.","health-tools","formula","true","1"
"workflow-bmr-male-calculator-standard","حاسبة معدل الأيض الأساسي للرجال — مسار الحساب","Male BMR Calculator — standard","مسار مسار الحساب لأداة حاسبة معدل الأيض الأساسي للرجال.","health-tools","formula","true","1"
"workflow-installment-calculator-standard","حاسبة الأقساط — مسار الحساب","Installment Calculator — standard","مسار مسار الحساب لأداة حاسبة الأقساط.","finance-tools","formula","true","1"
"workflow-loan-payment-calculator-standard","حاسبة دفعة القرض — مسار الحساب","Loan Payment Calculator — standard","مسار مسار الحساب لأداة حاسبة دفعة القرض.","finance-tools","formula","true","1"
"workflow-savings-goal-calculator-standard","حاسبة هدف الادخار — مسار الحساب","Savings Goal Calculator — standard","مسار مسار الحساب لأداة حاسبة هدف الادخار.","finance-tools","formula","true","1"
"workflow-bmr-female-calculator-standard","حاسبة معدل الأيض الأساسي للنساء — مسار الحساب","Female BMR Calculator — standard","مسار مسار الحساب لأداة حاسبة معدل الأيض الأساسي للنساء.","health-tools","formula","true","1"
"workflow-hourly-wage-calculator-standard","حاسبة الأجر بالساعة — مسار الحساب","Hourly Wage Calculator — standard","مسار مسار الحساب لأداة حاسبة الأجر بالساعة.","employment-tools","formula","true","1"
"workflow-zakat-calculator-standard","حاسبة الزكاة — مسار الحساب","Zakat Calculator — standard","مسار مسار الحساب لأداة حاسبة الزكاة.","finance-tools","formula","true","1"
"workflow-gold-zakat-calculator-standard","حاسبة زكاة الذهب — مسار الحساب","Gold Zakat Calculator — standard","مسار مسار الحساب لأداة حاسبة زكاة الذهب.","finance-tools","formula","true","1"
"workflow-net-after-tax-calculator-standard","حاسبة الصافي بعد الضريبة — مسار الحساب","Net After Tax Calculator — standard","مسار مسار الحساب لأداة حاسبة الصافي بعد الضريبة.","finance-tools","formula","true","1"
"workflow-daily-wage-calculator-standard","حاسبة الأجر اليومي — مسار الحساب","Daily Wage Calculator — standard","مسار مسار الحساب لأداة حاسبة الأجر اليومي.","employment-tools","formula","true","1"
"workflow-overtime-pay-calculator-standard","حاسبة أجر العمل الإضافي — مسار الحساب","Overtime Pay Calculator — standard","مسار مسار الحساب لأداة حاسبة أجر العمل الإضافي.","employment-tools","formula","true","1"
"workflow-retirement-years-remaining-calculator-standard","حاسبة السنوات المتبقية للتقاعد — مسار الحساب","Retirement Years Remaining Calculator — standard","مسار مسار الحساب لأداة حاسبة السنوات المتبقية للتقاعد.","employment-tools","formula","true","1"
"workflow-employer-payroll-cost-standard","حاسبة تكلفة الموظف على المنشأة — مسار الحساب","Employer Payroll Cost — standard","مسار مسار الحساب لأداة حاسبة تكلفة الموظف على المنشأة.","employment-tools","formula","true","1"
"workflow-operating-leverage-calculator-standard","حاسبة الرافعة التشغيلية — مسار الحساب","Operating Leverage Calculator — standard","مسار مسار الحساب لأداة حاسبة الرافعة التشغيلية.","business-tools","formula","true","1"
"workflow-sales-per-employee-calculator-standard","حاسبة المبيعات لكل موظف — مسار الحساب","Sales per Employee Calculator — standard","مسار مسار الحساب لأداة حاسبة المبيعات لكل موظف.","business-tools","formula","true","1"
"workflow-revenue-per-customer-calculator-standard","حاسبة الإيراد لكل عميل — مسار الحساب","Revenue per Customer Calculator — standard","مسار مسار الحساب لأداة حاسبة الإيراد لكل عميل.","business-tools","formula","true","1"
"workflow-inventory-days-calculator-standard","حاسبة أيام المخزون — مسار الحساب","Inventory Days Calculator — standard","مسار مسار الحساب لأداة حاسبة أيام المخزون.","business-tools","formula","true","1"
"workflow-receivable-days-calculator-standard","حاسبة أيام التحصيل — مسار الحساب","Receivable Days Calculator — standard","مسار مسار الحساب لأداة حاسبة أيام التحصيل.","business-tools","formula","true","1"
"workflow-payable-days-calculator-standard","حاسبة أيام السداد — مسار الحساب","Payable Days Calculator — standard","مسار مسار الحساب لأداة حاسبة أيام السداد.","business-tools","formula","true","1"
"workflow-square-diagonal-calculator-standard","حاسبة قطر المربع — مسار الحساب","Square Diagonal Calculator — standard","مسار مسار الحساب لأداة حاسبة قطر المربع.","math-tools","formula","true","1"
"workflow-cash-conversion-cycle-calculator-standard","حاسبة دورة التحويل النقدي — مسار الحساب","Cash Conversion Cycle Calculator — standard","مسار مسار الحساب لأداة حاسبة دورة التحويل النقدي.","business-tools","formula","true","1"
"workflow-customer-concentration-calculator-standard","حاسبة تركّز العملاء — مسار الحساب","Customer Concentration Calculator — standard","مسار مسار الحساب لأداة حاسبة تركّز العملاء.","business-tools","formula","true","1"
"workflow-weighted-mean-calculator-standard","حاسبة المتوسط المرجّح — مسار الحساب","Weighted Mean Calculator — standard","مسار مسار الحساب لأداة حاسبة المتوسط المرجّح.","math-tools","formula","true","1"
"workflow-proportion-value-calculator-standard","حاسبة التناسب — مسار الحساب","Proportion Value Calculator — standard","مسار مسار الحساب لأداة حاسبة التناسب.","math-tools","formula","true","1"
"workflow-geometric-mean-two-values-standard","حاسبة المتوسط الهندسي — مسار الحساب","Geometric Mean Calculator — standard","مسار مسار الحساب لأداة حاسبة المتوسط الهندسي.","math-tools","formula","true","1"
"workflow-harmonic-mean-two-values-standard","حاسبة المتوسط التوافقي — مسار الحساب","Harmonic Mean Calculator — standard","مسار مسار الحساب لأداة حاسبة المتوسط التوافقي.","math-tools","formula","true","1"
"workflow-circle-circumference-calculator-standard","حاسبة محيط الدائرة — مسار الحساب","Circle Circumference Calculator — standard","مسار مسار الحساب لأداة حاسبة محيط الدائرة.","math-tools","formula","true","1"
"workflow-trapezoid-area-calculator-standard","حاسبة مساحة شبه المنحرف — مسار الحساب","Trapezoid Area Calculator — standard","مسار مسار الحساب لأداة حاسبة مساحة شبه المنحرف.","math-tools","formula","true","1"
"workflow-regular-polygon-angle-calculator-standard","حاسبة زاوية المضلع المنتظم — مسار الحساب","Regular Polygon Angle Calculator — standard","مسار مسار الحساب لأداة حاسبة زاوية المضلع المنتظم.","math-tools","formula","true","1"
"workflow-minutes-to-decimal-hours-standard","محول الدقائق إلى ساعات عشرية — مسار الحساب","Minutes to Decimal Hours — standard","مسار مسار الحساب لأداة محول الدقائق إلى ساعات عشرية.","date-time-tools","formula","true","1"
"workflow-decimal-hours-to-minutes-standard","محول الساعات العشرية إلى دقائق — مسار الحساب","Decimal Hours to Minutes — standard","مسار مسار الحساب لأداة محول الساعات العشرية إلى دقائق.","date-time-tools","formula","true","1"
"workflow-workdays-to-hours-calculator-standard","حاسبة ساعات أيام العمل — مسار الحساب","Workdays to Hours Calculator — standard","مسار مسار الحساب لأداة حاسبة ساعات أيام العمل.","date-time-tools","formula","true","1"
"workflow-shifts-to-hours-calculator-standard","حاسبة ساعات الورديات — مسار الحساب","Shifts to Hours Calculator — standard","مسار مسار الحساب لأداة حاسبة ساعات الورديات.","date-time-tools","formula","true","1"
"workflow-weekly-hours-to-monthly-hours-standard","محول الساعات الأسبوعية إلى شهرية — مسار الحساب","Weekly to Monthly Hours — standard","مسار مسار الحساب لأداة محول الساعات الأسبوعية إلى شهرية.","date-time-tools","formula","true","1"
"workflow-meeting-person-hours-calculator-standard","حاسبة ساعات العمل في الاجتماع — مسار الحساب","Meeting Person-Hours Calculator — standard","مسار مسار الحساب لأداة حاسبة ساعات العمل في الاجتماع.","date-time-tools","formula","true","1"
"workflow-production-time-per-unit-standard","حاسبة وقت الإنتاج للوحدة — مسار الحساب","Production Time per Unit — standard","مسار مسار الحساب لأداة حاسبة وقت الإنتاج للوحدة.","date-time-tools","formula","true","1"
"workflow-task-throughput-per-hour-standard","حاسبة معدل إنجاز المهام — مسار الحساب","Task Throughput per Hour — standard","مسار مسار الحساب لأداة حاسبة معدل إنجاز المهام.","date-time-tools","formula","true","1"
"workflow-target-weight-by-bmi-standard","حاسبة الوزن المستهدف حسب BMI — مسار الحساب","Target Weight by BMI — standard","مسار مسار الحساب لأداة حاسبة الوزن المستهدف حسب BMI.","health-tools","formula","true","1"
"workflow-walking-pace-calculator-standard","حاسبة وتيرة المشي — مسار الحساب","Walking Pace Calculator — standard","مسار مسار الحساب لأداة حاسبة وتيرة المشي.","health-tools","formula","true","1"
"workflow-running-speed-calculator-standard","حاسبة سرعة الجري — مسار الحساب","Running Speed Calculator — standard","مسار مسار الحساب لأداة حاسبة سرعة الجري.","health-tools","formula","true","1"
"workflow-protein-target-calculator-standard","حاسبة الاحتياج التقديري للبروتين — مسار الحساب","Protein Target Calculator — standard","مسار مسار الحساب لأداة حاسبة الاحتياج التقديري للبروتين.","health-tools","formula","true","1"
"workflow-body-fat-mass-calculator-standard","حاسبة كتلة الدهون — مسار الحساب","Body Fat Mass Calculator — standard","مسار مسار الحساب لأداة حاسبة كتلة الدهون.","health-tools","formula","true","1"
"workflow-lean-body-mass-calculator-standard","حاسبة الكتلة الخالية من الدهون — مسار الحساب","Lean Body Mass Calculator — standard","مسار مسار الحساب لأداة حاسبة الكتلة الخالية من الدهون.","health-tools","formula","true","1"
"workflow-waist-height-ratio-calculator-standard","حاسبة نسبة الخصر إلى الطول — مسار الحساب","Waist-to-Height Ratio Calculator — standard","مسار مسار الحساب لأداة حاسبة نسبة الخصر إلى الطول.","health-tools","formula","true","1"
"workflow-calorie-deficit-duration-calculator-standard","حاسبة مدة عجز السعرات — مسار الحساب","Calorie Deficit Duration Calculator — standard","مسار مسار الحساب لأداة حاسبة مدة عجز السعرات.","health-tools","formula","true","1"
"workflow-square-foot-to-square-meter-standard","محول القدم المربع إلى متر مربع — مسار الحساب","Square Foot to Square Meter — standard","مسار مسار الحساب لأداة محول القدم المربع إلى متر مربع.","converter-tools","formula","true","1"
"workflow-course-weighted-score-calculator-standard","حاسبة الدرجة الموزونة للمقرر — مسار الحساب","Course Weighted Score Calculator — standard","مسار مسار الحساب لأداة حاسبة الدرجة الموزونة للمقرر.","education-tools","formula","true","1"
"workflow-final-exam-required-score-standard","حاسبة الدرجة المطلوبة في النهائي — مسار الحساب","Required Final Exam Score — standard","مسار مسار الحساب لأداة حاسبة الدرجة المطلوبة في النهائي.","education-tools","formula","true","1"
"workflow-attendance-rate-calculator-standard","حاسبة نسبة الحضور — مسار الحساب","Attendance Rate Calculator — standard","مسار مسار الحساب لأداة حاسبة نسبة الحضور.","education-tools","formula","true","1"
"workflow-study-hours-per-subject-standard","حاسبة ساعات المذاكرة لكل مادة — مسار الحساب","Study Hours per Subject — standard","مسار مسار الحساب لأداة حاسبة ساعات المذاكرة لكل مادة.","education-tools","formula","true","1"
"workflow-assignment-average-calculator-standard","حاسبة متوسط الواجبات — مسار الحساب","Assignment Average Calculator — standard","مسار مسار الحساب لأداة حاسبة متوسط الواجبات.","education-tools","formula","true","1"
"workflow-grade-improvement-rate-standard","حاسبة تحسن الدرجة — مسار الحساب","Grade Improvement Rate — standard","مسار مسار الحساب لأداة حاسبة تحسن الدرجة.","education-tools","formula","true","1"
"workflow-completed-credits-rate-standard","حاسبة نسبة الساعات المنجزة — مسار الحساب","Completed Credits Rate — standard","مسار مسار الحساب لأداة حاسبة نسبة الساعات المنجزة.","education-tools","formula","true","1"
"workflow-points-needed-for-target-standard","حاسبة النقاط المطلوبة للهدف — مسار الحساب","Points Needed for Target — standard","مسار مسار الحساب لأداة حاسبة النقاط المطلوبة للهدف.","education-tools","formula","true","1"
"workflow-net-salary-after-deductions-standard","حاسبة صافي الراتب بعد الخصومات — مسار الحساب","Net Salary after Deductions — standard","مسار مسار الحساب لأداة حاسبة صافي الراتب بعد الخصومات.","employment-tools","formula","true","1"
"workflow-annual-compensation-calculator-standard","حاسبة التعويض السنوي — مسار الحساب","Annual Compensation Calculator — standard","مسار مسار الحساب لأداة حاسبة التعويض السنوي.","employment-tools","formula","true","1"
"workflow-kilometer-hour-to-mile-hour-standard","محول كم/س إلى ميل/س — مسار الحساب","Kilometers per Hour to Miles per Hour — standard","مسار مسار الحساب لأداة محول كم/س إلى ميل/س.","converter-tools","formula","true","1"
"workflow-vacation-pay-estimate-standard","حاسبة بدل الإجازة — مسار الحساب","Vacation Pay Estimate — standard","مسار مسار الحساب لأداة حاسبة بدل الإجازة.","employment-tools","formula","true","1"
"workflow-bonus-amount-calculator-standard","حاسبة مبلغ المكافأة — مسار الحساب","Bonus Amount Calculator — standard","مسار مسار الحساب لأداة حاسبة مبلغ المكافأة.","employment-tools","formula","true","1"
"workflow-commission-plus-salary-standard","حاسبة الراتب مع العمولة — مسار الحساب","Salary plus Commission Calculator — standard","مسار مسار الحساب لأداة حاسبة الراتب مع العمولة.","employment-tools","formula","true","1"
"workflow-unpaid-leave-deduction-standard","حاسبة خصم الإجازة بدون راتب — مسار الحساب","Unpaid Leave Deduction — standard","مسار مسار الحساب لأداة حاسبة خصم الإجازة بدون راتب.","employment-tools","formula","true","1"
"workflow-shift-premium-pay-standard","حاسبة بدل الوردية — مسار الحساب","Shift Premium Pay — standard","مسار مسار الحساب لأداة حاسبة بدل الوردية.","employment-tools","formula","true","1"
"workflow-customer-lifetime-value-simple-standard","حاسبة القيمة العمرية للعميل — مسار الحساب","Customer Lifetime Value Calculator — standard","مسار مسار الحساب لأداة حاسبة القيمة العمرية للعميل.","marketing-tools","formula","true","1"
"workflow-lead-to-sale-rate-standard","حاسبة تحويل العملاء المحتملين إلى مبيعات — مسار الحساب","Lead to Sale Rate — standard","مسار مسار الحساب لأداة حاسبة تحويل العملاء المحتملين إلى مبيعات.","marketing-tools","formula","true","1"
"workflow-marketing-efficiency-ratio-standard","حاسبة كفاءة الإنفاق التسويقي — مسار الحساب","Marketing Efficiency Ratio — standard","مسار مسار الحساب لأداة حاسبة كفاءة الإنفاق التسويقي.","marketing-tools","formula","true","1"
"workflow-ad-frequency-calculator-standard","حاسبة تكرار الإعلان — مسار الحساب","Ad Frequency Calculator — standard","مسار مسار الحساب لأداة حاسبة تكرار الإعلان.","marketing-tools","formula","true","1"
"workflow-landing-page-bounce-rate-standard","حاسبة معدل ارتداد صفحة الهبوط — مسار الحساب","Landing Page Bounce Rate — standard","مسار مسار الحساب لأداة حاسبة معدل ارتداد صفحة الهبوط.","marketing-tools","formula","true","1"
"workflow-email-click-to-open-rate-standard","حاسبة معدل النقر إلى الفتح — مسار الحساب","Email Click-to-Open Rate — standard","مسار مسار الحساب لأداة حاسبة معدل النقر إلى الفتح.","marketing-tools","formula","true","1"
"workflow-unsubscribe-rate-calculator-standard","حاسبة معدل إلغاء الاشتراك — مسار الحساب","Unsubscribe Rate Calculator — standard","مسار مسار الحساب لأداة حاسبة معدل إلغاء الاشتراك.","marketing-tools","formula","true","1"
"workflow-repeat-purchase-rate-standard","حاسبة معدل الشراء المتكرر — مسار الحساب","Repeat Purchase Rate — standard","مسار مسار الحساب لأداة حاسبة معدل الشراء المتكرر.","marketing-tools","formula","true","1"
"workflow-personal-savings-rate-standard","حاسبة معدل الادخار الشخصي — مسار الحساب","Personal Savings Rate — standard","مسار مسار الحساب لأداة حاسبة معدل الادخار الشخصي.","finance-tools","formula","true","1"
"workflow-debt-service-ratio-standard","حاسبة نسبة خدمة الدين — مسار الحساب","Debt Service Ratio — standard","مسار مسار الحساب لأداة حاسبة نسبة خدمة الدين.","finance-tools","formula","true","1"
"workflow-emergency-fund-months-standard","حاسبة مدة صندوق الطوارئ — مسار الحساب","Emergency Fund Months — standard","مسار مسار الحساب لأداة حاسبة مدة صندوق الطوارئ.","finance-tools","formula","true","1"
"workflow-rule-of-72-calculator-standard","حاسبة قاعدة 72 — مسار الحساب","Rule of 72 Calculator — standard","مسار مسار الحساب لأداة حاسبة قاعدة 72.","finance-tools","formula","true","1"
"workflow-monthly-budget-surplus-standard","حاسبة فائض الميزانية الشهرية — مسار الحساب","Monthly Budget Surplus — standard","مسار مسار الحساب لأداة حاسبة فائض الميزانية الشهرية.","finance-tools","formula","true","1"
"workflow-annual-expense-projection-standard","حاسبة المصروفات السنوية — مسار الحساب","Annual Expense Projection — standard","مسار مسار الحساب لأداة حاسبة المصروفات السنوية.","finance-tools","formula","true","1"
"workflow-sinking-fund-contribution-standard","حاسبة مساهمة الهدف الادخاري — مسار الحساب","Sinking Fund Contribution — standard","مسار مسار الحساب لأداة حاسبة مساهمة الهدف الادخاري.","finance-tools","formula","true","1"
"workflow-cash-runway-calculator-standard","حاسبة مدة السيولة — مسار الحساب","Cash Runway Calculator — standard","مسار مسار الحساب لأداة حاسبة مدة السيولة.","finance-tools","formula","true","1"
"workflow-productivity-rate-calculator-standard","حاسبة معدل الإنتاجية — مسار الحساب","Productivity Rate Calculator — standard","مسار مسار الحساب لأداة حاسبة معدل الإنتاجية.","general-tools","formula","true","1"
"workflow-task-completion-rate-standard","حاسبة نسبة إنجاز المهام — مسار الحساب","Task Completion Rate — standard","مسار مسار الحساب لأداة حاسبة نسبة إنجاز المهام.","general-tools","formula","true","1"
"workflow-fuel-efficiency-calculator-standard","حاسبة كفاءة استهلاك الوقود — مسار الحساب","Fuel Efficiency Calculator — standard","مسار مسار الحساب لأداة حاسبة كفاءة استهلاك الوقود.","general-tools","formula","true","1"
"workflow-electricity-usage-cost-standard","حاسبة تكلفة استهلاك الكهرباء — مسار الحساب","Electricity Usage Cost — standard","مسار مسار الحساب لأداة حاسبة تكلفة استهلاك الكهرباء.","general-tools","formula","true","1"
"workflow-water-consumption-cost-standard","حاسبة تكلفة استهلاك المياه — مسار الحساب","Water Consumption Cost — standard","مسار مسار الحساب لأداة حاسبة تكلفة استهلاك المياه.","general-tools","formula","true","1"
"workflow-unit-price-comparison-standard","حاسبة سعر الوحدة — مسار الحساب","Unit Price Calculator — standard","مسار مسار الحساب لأداة حاسبة سعر الوحدة.","general-tools","formula","true","1"
"workflow-shared-expense-split-standard","حاسبة تقسيم المصروف المشترك — مسار الحساب","Shared Expense Split — standard","مسار مسار الحساب لأداة حاسبة تقسيم المصروف المشترك.","general-tools","formula","true","1"
"workflow-millimeter-to-inch-converter-standard","محول المليمتر إلى بوصة — مسار الحساب","Millimeter to Inch Converter — standard","مسار مسار الحساب لأداة محول المليمتر إلى بوصة.","converter-tools","formula","true","1"
"workflow-inch-to-millimeter-converter-standard","محول البوصة إلى مليمتر — مسار الحساب","Inch to Millimeter Converter — standard","مسار مسار الحساب لأداة محول البوصة إلى مليمتر.","converter-tools","formula","true","1"
"workflow-liter-to-us-gallon-converter-standard","محول اللتر إلى جالون أمريكي — مسار الحساب","Liter to US Gallon Converter — standard","مسار مسار الحساب لأداة محول اللتر إلى جالون أمريكي.","converter-tools","formula","true","1"
"workflow-us-gallon-to-liter-converter-standard","محول الجالون الأمريكي إلى لتر — مسار الحساب","US Gallon to Liter Converter — standard","مسار مسار الحساب لأداة محول الجالون الأمريكي إلى لتر.","converter-tools","formula","true","1"
"workflow-square-meter-to-square-foot-standard","محول المتر المربع إلى قدم مربع — مسار الحساب","Square Meter to Square Foot — standard","مسار مسار الحساب لأداة محول المتر المربع إلى قدم مربع.","converter-tools","formula","true","1"
"workflow-mile-hour-to-kilometer-hour-standard","محول ميل/س إلى كم/س — مسار الحساب","Miles per Hour to Kilometers per Hour — standard","مسار مسار الحساب لأداة محول ميل/س إلى كم/س.","converter-tools","formula","true","1"
"workflow-annual-rent-monthly-equivalent-standard","محول الإيجار السنوي إلى شهري — مسار الحساب","Annual Rent Monthly Equivalent — standard","مسار مسار الحساب لأداة محول الإيجار السنوي إلى شهري.","saudi-tools","formula","true","1"
"workflow-gosi-employee-deduction-estimate-standard","حاسبة خصم التأمينات للموظف — مسار الحساب","Employee GOSI Deduction Estimate — standard","مسار مسار الحساب لأداة حاسبة خصم التأمينات للموظف.","saudi-tools","formula","true","1"
"workflow-salary-after-gosi-estimate-standard","حاسبة الراتب بعد التأمينات — مسار الحساب","Salary after GOSI Estimate — standard","مسار مسار الحساب لأداة حاسبة الراتب بعد التأمينات.","saudi-tools","formula","true","1"
"workflow-end-of-service-first-five-years-standard","حاسبة نهاية الخدمة لأول خمس سنوات — مسار الحساب","End-of-Service First Five Years — standard","مسار مسار الحساب لأداة حاسبة نهاية الخدمة لأول خمس سنوات.","saudi-tools","formula","true","1"
"workflow-end-of-service-over-five-years-standard","حاسبة نهاية الخدمة بعد خمس سنوات — مسار الحساب","End-of-Service over Five Years — standard","مسار مسار الحساب لأداة حاسبة نهاية الخدمة بعد خمس سنوات.","saudi-tools","formula","true","1"
"workflow-housing-allowance-estimate-standard","حاسبة بدل السكن — مسار الحساب","Housing Allowance Estimate — standard","مسار مسار الحساب لأداة حاسبة بدل السكن.","saudi-tools","formula","true","1"
"workflow-thirty-day-daily-wage-standard","حاسبة الأجر اليومي على أساس 30 يومًا — مسار الحساب","30-Day Daily Wage Calculator — standard","مسار مسار الحساب لأداة حاسبة الأجر اليومي على أساس 30 يومًا.","saudi-tools","formula","true","1"
"workflow-zakat-base-estimate-standard","حاسبة تقديرية للزكاة 2.5% — مسار الحساب","2.5% Zakat Estimate — standard","مسار مسار الحساب لأداة حاسبة تقديرية للزكاة 2.5%.","saudi-tools","formula","true","1"
"workflow-trip-fuel-cost-calculator-standard","حاسبة وقود الرحلة — مسار الحساب","Trip Fuel Cost Calculator — standard","مسار مسار الحساب لأداة حاسبة وقود الرحلة.","travel-tools","formula","true","1"
"workflow-hotel-stay-total-calculator-standard","حاسبة تكلفة الفندق — مسار الحساب","Hotel Stay Total Calculator — standard","مسار مسار الحساب لأداة حاسبة تكلفة الفندق.","travel-tools","formula","true","1"
"workflow-focus-ratio-calculator-standard","حاسبة نسبة التركيز — مسار الحساب","Focus Ratio Calculator — standard","مسار مسار الحساب لأداة حاسبة نسبة التركيز.","productivity-tools","formula","true","1"
"workflow-travel-currency-budget-calculator-standard","حاسبة تحويل ميزانية السفر — مسار الحساب","Travel Currency Budget Calculator — standard","مسار مسار الحساب لأداة حاسبة تحويل ميزانية السفر.","travel-tools","formula","true","1"
"workflow-baggage-overweight-fee-calculator-standard","حاسبة رسوم الوزن الزائد — مسار الحساب","Baggage Overweight Fee Calculator — standard","مسار مسار الحساب لأداة حاسبة رسوم الوزن الزائد.","travel-tools","formula","true","1"
"workflow-travel-time-calculator-standard","حاسبة زمن الرحلة — مسار الحساب","Travel Time Calculator — standard","مسار مسار الحساب لأداة حاسبة زمن الرحلة.","travel-tools","formula","true","1"
"workflow-itinerary-hours-per-day-calculator-standard","حاسبة ساعات البرنامج اليومية — مسار الحساب","Itinerary Hours per Day Calculator — standard","مسار مسار الحساب لأداة حاسبة ساعات البرنامج اليومية.","travel-tools","formula","true","1"
"workflow-group-trip-share-calculator-standard","حاسبة حصة الفرد في الرحلة — مسار الحساب","Group Trip Share Calculator — standard","مسار مسار الحساب لأداة حاسبة حصة الفرد في الرحلة.","travel-tools","formula","true","1"
"workflow-energy-efficiency-improvement-calculator-standard","حاسبة تحسن كفاءة الطاقة — مسار الحساب","Energy Efficiency Improvement Calculator — standard","مسار مسار الحساب لأداة حاسبة تحسن كفاءة الطاقة.","sustainability-tools","formula","true","1"
"workflow-average-order-value-calculator-standard","حاسبة متوسط قيمة الطلب — مسار الحساب","Average Order Value Calculator — standard","مسار مسار الحساب لأداة حاسبة متوسط قيمة الطلب.","ecommerce-tools","formula","true","1"
"workflow-cart-abandonment-rate-calculator-standard","حاسبة معدل ترك السلة — مسار الحساب","Cart Abandonment Rate Calculator — standard","مسار مسار الحساب لأداة حاسبة معدل ترك السلة.","ecommerce-tools","formula","true","1"
"workflow-ecommerce-conversion-rate-calculator-standard","حاسبة تحويل المتجر — مسار الحساب","E-commerce Conversion Rate Calculator — standard","مسار مسار الحساب لأداة حاسبة تحويل المتجر.","ecommerce-tools","formula","true","1"
"workflow-customer-lifetime-value-basic-calculator-standard","حاسبة قيمة العميل مدى الحياة — مسار الحساب","Basic Customer Lifetime Value Calculator — standard","مسار مسار الحساب لأداة حاسبة قيمة العميل مدى الحياة.","ecommerce-tools","formula","true","1"
"workflow-commute-carbon-emissions-calculator-standard","حاسبة انبعاثات التنقل — مسار الحساب","Commute Carbon Emissions Calculator — standard","مسار مسار الحساب لأداة حاسبة انبعاثات التنقل.","sustainability-tools","formula","true","1"
"workflow-appliance-annual-energy-cost-calculator-standard","حاسبة تكلفة تشغيل الجهاز سنويًا — مسار الحساب","Annual Appliance Energy Cost Calculator — standard","مسار مسار الحساب لأداة حاسبة تكلفة تشغيل الجهاز سنويًا.","sustainability-tools","formula","true","1"
"workflow-tree-offset-calculator-standard","حاسبة الأشجار اللازمة للتعويض — مسار الحساب","Tree Offset Calculator — standard","مسار مسار الحساب لأداة حاسبة الأشجار اللازمة للتعويض.","sustainability-tools","formula","true","1"
"workflow-paper-reams-saved-calculator-standard","حاسبة رزم الورق الموفرة — مسار الحساب","Paper Reams Saved Calculator — standard","مسار مسار الحساب لأداة حاسبة رزم الورق الموفرة.","sustainability-tools","formula","true","1"
"workflow-recycling-rate-calculator-standard","حاسبة معدل إعادة التدوير — مسار الحساب","Recycling Rate Calculator — standard","مسار مسار الحساب لأداة حاسبة معدل إعادة التدوير.","sustainability-tools","formula","true","1"
"workflow-water-savings-calculator-standard","حاسبة توفير المياه — مسار الحساب","Water Savings Calculator — standard","مسار مسار الحساب لأداة حاسبة توفير المياه.","sustainability-tools","formula","true","1"
"workflow-solar-energy-savings-calculator-standard","حاسبة توفير الطاقة الشمسية — مسار الحساب","Solar Energy Savings Calculator — standard","مسار مسار الحساب لأداة حاسبة توفير الطاقة الشمسية.","sustainability-tools","formula","true","1"
"workflow-fuel-carbon-emissions-calculator-standard","حاسبة انبعاثات الوقود — مسار الحساب","Fuel Carbon Emissions Calculator — standard","مسار مسار الحساب لأداة حاسبة انبعاثات الوقود.","sustainability-tools","formula","true","1"
"workflow-electricity-carbon-emissions-calculator-standard","حاسبة انبعاثات الكهرباء — مسار الحساب","Electricity Carbon Emissions Calculator — standard","مسار مسار الحساب لأداة حاسبة انبعاثات الكهرباء.","sustainability-tools","formula","true","1"
"workflow-freelancer-project-capacity-calculator-standard","حاسبة طاقة المشاريع — مسار الحساب","Freelancer Project Capacity Calculator — standard","مسار مسار الحساب لأداة حاسبة طاقة المشاريع.","freelancer-tools","formula","true","1"
"workflow-late-payment-fee-calculator-standard","حاسبة غرامة تأخر السداد — مسار الحساب","Late Payment Fee Calculator — standard","مسار مسار الحساب لأداة حاسبة غرامة تأخر السداد.","freelancer-tools","formula","true","1"
"workflow-retainer-contract-value-calculator-standard","حاسبة قيمة عقد الاشتراك — مسار الحساب","Retainer Contract Value Calculator — standard","مسار مسار الحساب لأداة حاسبة قيمة عقد الاشتراك.","freelancer-tools","formula","true","1"
"workflow-effective-hourly-rate-calculator-standard","حاسبة سعر الساعة الفعلي — مسار الحساب","Effective Hourly Rate Calculator — standard","مسار مسار الحساب لأداة حاسبة سعر الساعة الفعلي.","freelancer-tools","formula","true","1"
"workflow-proposal-win-rate-calculator-standard","حاسبة نجاح العروض — مسار الحساب","Proposal Win Rate Calculator — standard","مسار مسار الحساب لأداة حاسبة نجاح العروض.","freelancer-tools","formula","true","1"
"workflow-net-freelance-income-calculator-standard","حاسبة صافي دخل المستقل — مسار الحساب","Net Freelance Income Calculator — standard","مسار مسار الحساب لأداة حاسبة صافي دخل المستقل.","freelancer-tools","formula","true","1"
"workflow-freelance-platform-fee-calculator-standard","حاسبة رسوم منصة العمل الحر — مسار الحساب","Freelance Platform Fee Calculator — standard","مسار مسار الحساب لأداة حاسبة رسوم منصة العمل الحر.","freelancer-tools","formula","true","1"
"workflow-freelancer-tax-reserve-calculator-standard","حاسبة مخصص الضريبة للمستقل — مسار الحساب","Freelancer Tax Reserve Calculator — standard","مسار مسار الحساب لأداة حاسبة مخصص الضريبة للمستقل.","freelancer-tools","formula","true","1"
"workflow-freelance-project-price-calculator-standard","حاسبة سعر المشروع — مسار الحساب","Freelance Project Price Calculator — standard","مسار مسار الحساب لأداة حاسبة سعر المشروع.","freelancer-tools","formula","true","1"
"workflow-freelancer-hourly-rate-calculator-standard","حاسبة سعر ساعة المستقل — مسار الحساب","Freelancer Hourly Rate Calculator — standard","مسار مسار الحساب لأداة حاسبة سعر ساعة المستقل.","freelancer-tools","formula","true","1"
"workflow-restaurant-occupancy-rate-calculator-standard","حاسبة إشغال الطاولات — مسار الحساب","Restaurant Occupancy Rate Calculator — standard","مسار مسار الحساب لأداة حاسبة إشغال الطاولات.","restaurant-tools","formula","true","1"
"workflow-restaurant-break-even-orders-calculator-standard","حاسبة طلبات تعادل المطعم — مسار الحساب","Restaurant Break-even Orders Calculator — standard","مسار مسار الحساب لأداة حاسبة طلبات تعادل المطعم.","restaurant-tools","formula","true","1"
"workflow-food-wastage-rate-calculator-standard","حاسبة نسبة الهدر الغذائي — مسار الحساب","Food Wastage Rate Calculator — standard","مسار مسار الحساب لأداة حاسبة نسبة الهدر الغذائي.","restaurant-tools","formula","true","1"
"workflow-delivery-platform-fee-calculator-standard","حاسبة عمولة منصة التوصيل — مسار الحساب","Delivery Platform Fee Calculator — standard","مسار مسار الحساب لأداة حاسبة عمولة منصة التوصيل.","restaurant-tools","formula","true","1"
"workflow-recipe-cost-per-serving-calculator-standard","حاسبة تكلفة الحصة — مسار الحساب","Recipe Cost per Serving Calculator — standard","مسار مسار الحساب لأداة حاسبة تكلفة الحصة.","restaurant-tools","formula","true","1"
"workflow-restaurant-labor-cost-percentage-calculator-standard","حاسبة نسبة تكلفة العمالة — مسار الحساب","Restaurant Labor Cost Percentage Calculator — standard","مسار مسار الحساب لأداة حاسبة نسبة تكلفة العمالة.","restaurant-tools","formula","true","1"
"workflow-average-check-calculator-standard","حاسبة متوسط الفاتورة — مسار الحساب","Average Check Calculator — standard","مسار مسار الحساب لأداة حاسبة متوسط الفاتورة.","restaurant-tools","formula","true","1"
"workflow-table-turnover-calculator-standard","حاسبة دوران الطاولات — مسار الحساب","Table Turnover Calculator — standard","مسار مسار الحساب لأداة حاسبة دوران الطاولات.","restaurant-tools","formula","true","1"
"workflow-menu-price-from-food-cost-calculator-standard","حاسبة سعر الطبق المستهدف — مسار الحساب","Menu Price Calculator — standard","مسار مسار الحساب لأداة حاسبة سعر الطبق المستهدف.","restaurant-tools","formula","true","1"
"workflow-food-cost-percentage-calculator-standard","حاسبة نسبة تكلفة الطعام — مسار الحساب","Food Cost Percentage Calculator — standard","مسار مسار الحساب لأداة حاسبة نسبة تكلفة الطعام.","restaurant-tools","formula","true","1"
"workflow-delivery-route-cost-calculator-standard","حاسبة تكلفة مسار التوصيل — مسار الحساب","Delivery Route Cost Calculator — standard","مسار مسار الحساب لأداة حاسبة تكلفة مسار التوصيل.","logistics-tools","formula","true","1"
"workflow-safety-stock-calculator-standard","حاسبة مخزون الأمان — مسار الحساب","Safety Stock Calculator — standard","مسار مسار الحساب لأداة حاسبة مخزون الأمان.","logistics-tools","formula","true","1"
"workflow-reorder-point-calculator-standard","حاسبة نقطة إعادة الطلب — مسار الحساب","Reorder Point Calculator — standard","مسار مسار الحساب لأداة حاسبة نقطة إعادة الطلب.","logistics-tools","formula","true","1"
"workflow-inventory-carrying-cost-calculator-standard","حاسبة تكلفة الاحتفاظ بالمخزون — مسار الحساب","Inventory Carrying Cost Calculator — standard","مسار مسار الحساب لأداة حاسبة تكلفة الاحتفاظ بالمخزون.","logistics-tools","formula","true","1"
"workflow-on-time-delivery-rate-calculator-standard","حاسبة التوصيل في الموعد — مسار الحساب","On-time Delivery Rate Calculator — standard","مسار مسار الحساب لأداة حاسبة التوصيل في الموعد.","logistics-tools","formula","true","1"
"workflow-order-accuracy-rate-calculator-standard","حاسبة دقة الطلبات — مسار الحساب","Order Accuracy Rate Calculator — standard","مسار مسار الحساب لأداة حاسبة دقة الطلبات.","logistics-tools","formula","true","1"
"workflow-warehouse-space-utilization-calculator-standard","حاسبة استغلال المستودع — مسار الحساب","Warehouse Space Utilization Calculator — standard","مسار مسار الحساب لأداة حاسبة استغلال المستودع.","logistics-tools","formula","true","1"
"workflow-vehicle-capacity-utilization-calculator-standard","حاسبة استغلال سعة المركبة — مسار الحساب","Vehicle Capacity Utilization Calculator — standard","مسار مسار الحساب لأداة حاسبة استغلال سعة المركبة.","logistics-tools","formula","true","1"
"workflow-delivery-cost-per-order-calculator-standard","حاسبة تكلفة التوصيل لكل طلب — مسار الحساب","Delivery Cost per Order Calculator — standard","مسار مسار الحساب لأداة حاسبة تكلفة التوصيل لكل طلب.","logistics-tools","formula","true","1"
"workflow-freight-cost-per-kg-calculator-standard","حاسبة تكلفة الشحن لكل كيلوجرام — مسار الحساب","Freight Cost per Kilogram Calculator — standard","مسار مسار الحساب لأداة حاسبة تكلفة الشحن لكل كيلوجرام.","logistics-tools","formula","true","1"
"workflow-sales-win-loss-ratio-calculator-standard","حاسبة نسبة الفوز إلى الخسارة — مسار الحساب","Win-Loss Ratio Calculator — standard","مسار مسار الحساب لأداة حاسبة نسبة الفوز إلى الخسارة.","sales-tools","formula","true","1"
"workflow-sales-commission-calculator-standard","حاسبة عمولة المبيعات — مسار الحساب","Sales Commission Calculator — standard","مسار مسار الحساب لأداة حاسبة عمولة المبيعات.","sales-tools","formula","true","1"
"workflow-cross-sell-revenue-calculator-standard","حاسبة إيراد البيع المتقاطع — مسار الحساب","Cross-sell Revenue Calculator — standard","مسار مسار الحساب لأداة حاسبة إيراد البيع المتقاطع.","sales-tools","formula","true","1"
"workflow-upsell-rate-calculator-standard","حاسبة معدل البيع الإضافي — مسار الحساب","Upsell Rate Calculator — standard","مسار مسار الحساب لأداة حاسبة معدل البيع الإضافي.","sales-tools","formula","true","1"
"workflow-lead-response-time-calculator-standard","حاسبة متوسط وقت الرد على العملاء — مسار الحساب","Lead Response Time Calculator — standard","مسار مسار الحساب لأداة حاسبة متوسط وقت الرد على العملاء.","sales-tools","formula","true","1"
"workflow-pipeline-coverage-calculator-standard","حاسبة تغطية خط المبيعات — مسار الحساب","Pipeline Coverage Calculator — standard","مسار مسار الحساب لأداة حاسبة تغطية خط المبيعات.","sales-tools","formula","true","1"
"workflow-quota-attainment-calculator-standard","حاسبة تحقيق الهدف البيعي — مسار الحساب","Quota Attainment Calculator — standard","مسار مسار الحساب لأداة حاسبة تحقيق الهدف البيعي.","sales-tools","formula","true","1"
"workflow-average-sales-cycle-calculator-standard","حاسبة متوسط دورة البيع — مسار الحساب","Average Sales Cycle Calculator — standard","مسار مسار الحساب لأداة حاسبة متوسط دورة البيع.","sales-tools","formula","true","1"
"workflow-sales-conversion-rate-calculator-standard","حاسبة تحويل المبيعات — مسار الحساب","Sales Conversion Rate Calculator — standard","مسار مسار الحساب لأداة حاسبة تحويل المبيعات.","sales-tools","formula","true","1"
"workflow-newsletter-open-rate-calculator-standard","حاسبة معدل فتح النشرة — مسار الحساب","Newsletter Open Rate Calculator — standard","مسار مسار الحساب لأداة حاسبة معدل فتح النشرة.","creator-tools","formula","true","1"
"workflow-affiliate-revenue-calculator-standard","حاسبة دخل التسويق بالعمولة — مسار الحساب","Affiliate Revenue Calculator — standard","مسار مسار الحساب لأداة حاسبة دخل التسويق بالعمولة.","creator-tools","formula","true","1"
"workflow-thumbnail-click-through-rate-calculator-standard","حاسبة CTR للصورة المصغرة — مسار الحساب","Thumbnail CTR Calculator — standard","مسار مسار الحساب لأداة حاسبة CTR للصورة المصغرة.","creator-tools","formula","true","1"
"workflow-video-watch-time-calculator-standard","حاسبة وقت المشاهدة — مسار الحساب","Watch Time Calculator — standard","مسار مسار الحساب لأداة حاسبة وقت المشاهدة.","creator-tools","formula","true","1"
"workflow-content-publishing-frequency-calculator-standard","حاسبة تكرار النشر — مسار الحساب","Publishing Frequency Calculator — standard","مسار مسار الحساب لأداة حاسبة تكرار النشر.","creator-tools","formula","true","1"
"workflow-video-production-cost-calculator-standard","حاسبة تكلفة إنتاج الفيديو — مسار الحساب","Video Production Cost Calculator — standard","مسار مسار الحساب لأداة حاسبة تكلفة إنتاج الفيديو.","creator-tools","formula","true","1"
"workflow-average-deal-size-calculator-standard","حاسبة متوسط حجم الصفقة — مسار الحساب","Average Deal Size Calculator — standard","مسار مسار الحساب لأداة حاسبة متوسط حجم الصفقة.","sales-tools","formula","true","1"
"workflow-sponsorship-rate-calculator-standard","حاسبة سعر الرعاية — مسار الحساب","Sponsorship Rate Calculator — standard","مسار مسار الحساب لأداة حاسبة سعر الرعاية.","creator-tools","formula","true","1"
"workflow-follower-growth-rate-calculator-standard","حاسبة نمو المتابعين — مسار الحساب","Follower Growth Rate Calculator — standard","مسار مسار الحساب لأداة حاسبة نمو المتابعين.","creator-tools","formula","true","1"
"workflow-social-engagement-rate-calculator-standard","حاسبة معدل التفاعل — مسار الحساب","Social Engagement Rate Calculator — standard","مسار مسار الحساب لأداة حاسبة معدل التفاعل.","creator-tools","formula","true","1"
"workflow-youtube-cpm-revenue-calculator-standard","حاسبة دخل المشاهدات CPM — مسار الحساب","CPM Revenue Calculator — standard","مسار مسار الحساب لأداة حاسبة دخل المشاهدات CPM.","creator-tools","formula","true","1"
"workflow-deadline-buffer-calculator-standard","حاسبة هامش الموعد النهائي — مسار الحساب","Deadline Buffer Calculator — standard","مسار مسار الحساب لأداة حاسبة هامش الموعد النهائي.","productivity-tools","formula","true","1"
"workflow-productivity-output-per-hour-calculator-standard","حاسبة الإنتاج لكل ساعة — مسار الحساب","Output per Hour Calculator — standard","مسار مسار الحساب لأداة حاسبة الإنتاج لكل ساعة.","productivity-tools","formula","true","1"
"workflow-team-utilization-rate-calculator-standard","حاسبة استغلال وقت الفريق — مسار الحساب","Team Utilization Rate Calculator — standard","مسار مسار الحساب لأداة حاسبة استغلال وقت الفريق.","productivity-tools","formula","true","1"
"workflow-automation-time-saved-calculator-standard","حاسبة الوقت الموفر بالأتمتة — مسار الحساب","Automation Time Saved Calculator — standard","مسار مسار الحساب لأداة حاسبة الوقت الموفر بالأتمتة.","productivity-tools","formula","true","1"
"workflow-meeting-cost-calculator-standard","حاسبة تكلفة الاجتماع — مسار الحساب","Meeting Cost Calculator — standard","مسار مسار الحساب لأداة حاسبة تكلفة الاجتماع.","productivity-tools","formula","true","1"
"workflow-project-progress-calculator-standard","حاسبة تقدم المشروع — مسار الحساب","Project Progress Calculator — standard","مسار مسار الحساب لأداة حاسبة تقدم المشروع.","productivity-tools","formula","true","1"
"workflow-weekly-work-capacity-calculator-standard","حاسبة الطاقة الأسبوعية — مسار الحساب","Weekly Work Capacity Calculator — standard","مسار مسار الحساب لأداة حاسبة الطاقة الأسبوعية.","productivity-tools","formula","true","1"
"workflow-pomodoro-session-calculator-standard","حاسبة جلسات بومودورو — مسار الحساب","Pomodoro Session Calculator — standard","مسار مسار الحساب لأداة حاسبة جلسات بومودورو.","productivity-tools","formula","true","1"
"workflow-ecommerce-return-rate-calculator-standard","حاسبة معدل المرتجعات — مسار الحساب","E-commerce Return Rate Calculator — standard","مسار مسار الحساب لأداة حاسبة معدل المرتجعات.","ecommerce-tools","formula","true","1"
"workflow-ecommerce-refund-rate-calculator-standard","حاسبة معدل الاسترداد — مسار الحساب","Refund Rate Calculator — standard","مسار مسار الحساب لأداة حاسبة معدل الاسترداد.","ecommerce-tools","formula","true","1"
"workflow-shipping-cost-per-order-calculator-standard","حاسبة شحن الطلب الواحد — مسار الحساب","Shipping Cost per Order Calculator — standard","مسار مسار الحساب لأداة حاسبة شحن الطلب الواحد.","ecommerce-tools","formula","true","1"
"workflow-inventory-turnover-calculator-standard","حاسبة دوران المخزون — مسار الحساب","Inventory Turnover Calculator — standard","مسار مسار الحساب لأداة حاسبة دوران المخزون.","ecommerce-tools","formula","true","1"
"workflow-break-even-orders-calculator-standard","حاسبة طلبات نقطة التعادل — مسار الحساب","Break-even Orders Calculator — standard","مسار مسار الحساب لأداة حاسبة طلبات نقطة التعادل.","ecommerce-tools","formula","true","1"
"workflow-marketplace-commission-calculator-standard","حاسبة عمولة المنصة — مسار الحساب","Marketplace Commission Calculator — standard","مسار مسار الحساب لأداة حاسبة عمولة المنصة.","ecommerce-tools","formula","true","1"
"workflow-rental-yield-calculator-standard","حاسبة العائد الإيجاري — مسار الحساب","Rental Yield Calculator — standard","مسار مسار الحساب لأداة حاسبة العائد الإيجاري.","real-estate-tools","formula","true","1"
"workflow-task-completion-rate-calculator-standard","حاسبة إنجاز المهام — مسار الحساب","Task Completion Rate Calculator — standard","مسار مسار الحساب لأداة حاسبة إنجاز المهام.","productivity-tools","formula","true","1"
"workflow-cap-rate-calculator-standard","حاسبة معدل الرسملة — مسار الحساب","Cap Rate Calculator — standard","مسار مسار الحساب لأداة حاسبة معدل الرسملة.","real-estate-tools","formula","true","1"
"workflow-price-per-square-meter-calculator-standard","حاسبة سعر المتر المربع — مسار الحساب","Price per Square Meter Calculator — standard","مسار مسار الحساب لأداة حاسبة سعر المتر المربع.","real-estate-tools","formula","true","1"
"workflow-mortgage-monthly-payment-calculator-standard","حاسبة قسط التمويل العقاري — مسار الحساب","Mortgage Monthly Payment Calculator — standard","مسار مسار الحساب لأداة حاسبة قسط التمويل العقاري.","real-estate-tools","formula","true","1"
"workflow-down-payment-calculator-standard","حاسبة الدفعة الأولى — مسار الحساب","Down Payment Calculator — standard","مسار مسار الحساب لأداة حاسبة الدفعة الأولى.","real-estate-tools","formula","true","1"
"workflow-visa-fees-total-calculator-standard","حاسبة إجمالي رسوم التأشيرات — مسار الحساب","Visa Fees Total Calculator — standard","مسار مسار الحساب لأداة حاسبة إجمالي رسوم التأشيرات.","travel-tools","formula","true","1"
"workflow-loan-to-value-calculator-standard","حاسبة نسبة التمويل إلى القيمة — مسار الحساب","Loan-to-Value Calculator — standard","مسار مسار الحساب لأداة حاسبة نسبة التمويل إلى القيمة.","real-estate-tools","formula","true","1"
"workflow-property-appreciation-calculator-standard","حاسبة نمو قيمة العقار — مسار الحساب","Property Appreciation Calculator — standard","مسار مسار الحساب لأداة حاسبة نمو قيمة العقار.","real-estate-tools","formula","true","1"
"workflow-rental-vacancy-loss-calculator-standard","حاسبة خسارة الشغور — مسار الحساب","Rental Vacancy Loss Calculator — standard","مسار مسار الحساب لأداة حاسبة خسارة الشغور.","real-estate-tools","formula","true","1"
"workflow-property-management-fee-calculator-standard","حاسبة رسوم إدارة العقار — مسار الحساب","Property Management Fee Calculator — standard","مسار مسار الحساب لأداة حاسبة رسوم إدارة العقار.","real-estate-tools","formula","true","1"
"workflow-real-estate-cash-roi-calculator-standard","حاسبة عائد الاستثمار العقاري النقدي — مسار الحساب","Real Estate Cash ROI Calculator — standard","مسار مسار الحساب لأداة حاسبة عائد الاستثمار العقاري النقدي.","real-estate-tools","formula","true","1"
"workflow-trip-budget-per-day-calculator-standard","حاسبة ميزانية السفر اليومية — مسار الحساب","Trip Budget per Day Calculator — standard","مسار مسار الحساب لأداة حاسبة ميزانية السفر اليومية.","travel-tools","formula","true","1"
"workflow-travel-insurance-cost-calculator-standard","حاسبة تأمين السفر — مسار الحساب","Travel Insurance Cost Calculator — standard","مسار مسار الحساب لأداة حاسبة تأمين السفر.","travel-tools","formula","true","1"
"workflow-overtime-percentage-calculator-standard","حاسبة نسبة العمل الإضافي — مسار الحساب","Overtime Percentage Calculator — standard","مسار مسار الحساب لأداة حاسبة نسبة العمل الإضافي.","hr-tools","formula","true","1"
"workflow-annual-fuel-cost-calculator-standard","حاسبة تكلفة الوقود السنوية — مسار الحساب","Annual Fuel Cost Calculator — standard","مسار مسار الحساب لأداة حاسبة تكلفة الوقود السنوية.","automotive-tools","formula","true","1"
"workflow-vehicle-depreciation-calculator-standard","حاسبة انخفاض قيمة السيارة — مسار الحساب","Vehicle Depreciation Calculator — standard","مسار مسار الحساب لأداة حاسبة انخفاض قيمة السيارة.","automotive-tools","formula","true","1"
"workflow-vehicle-maintenance-budget-calculator-standard","حاسبة ميزانية صيانة السيارة — مسار الحساب","Vehicle Maintenance Budget Calculator — standard","مسار مسار الحساب لأداة حاسبة ميزانية صيانة السيارة.","automotive-tools","formula","true","1"
"workflow-vehicle-ownership-monthly-cost-calculator-standard","حاسبة تكلفة امتلاك السيارة شهريًا — مسار الحساب","Monthly Vehicle Ownership Cost Calculator — standard","مسار مسار الحساب لأداة حاسبة تكلفة امتلاك السيارة شهريًا.","automotive-tools","formula","true","1"
"workflow-tire-cost-per-km-calculator-standard","حاسبة تكلفة الإطارات لكل كيلومتر — مسار الحساب","Tire Cost per Kilometer Calculator — standard","مسار مسار الحساب لأداة حاسبة تكلفة الإطارات لكل كيلومتر.","automotive-tools","formula","true","1"
"workflow-lease-mileage-overage-calculator-standard","حاسبة تجاوز مسافة التأجير — مسار الحساب","Lease Mileage Overage Calculator — standard","مسار مسار الحساب لأداة حاسبة تجاوز مسافة التأجير.","automotive-tools","formula","true","1"
"workflow-vehicle-finance-total-cost-calculator-standard","حاسبة إجمالي تكلفة تمويل السيارة — مسار الحساب","Vehicle Finance Total Cost Calculator — standard","مسار مسار الحساب لأداة حاسبة إجمالي تكلفة تمويل السيارة.","automotive-tools","formula","true","1"
"workflow-ride-profit-calculator-standard","حاسبة ربح الرحلة — مسار الحساب","Ride Profit Calculator — standard","مسار مسار الحساب لأداة حاسبة ربح الرحلة.","automotive-tools","formula","true","1"
"workflow-vehicle-cost-per-km-calculator-standard","حاسبة تكلفة السيارة لكل كيلومتر — مسار الحساب","Vehicle Cost per Kilometer Calculator — standard","مسار مسار الحساب لأداة حاسبة تكلفة السيارة لكل كيلومتر.","automotive-tools","formula","true","1"
"workflow-concrete-volume-calculator-standard","حاسبة حجم الخرسانة — مسار الحساب","Concrete Volume Calculator — standard","مسار مسار الحساب لأداة حاسبة حجم الخرسانة.","construction-tools","formula","true","1"
"workflow-asset-storage-calculator-standard","حاسبة مساحة الأصول — مسار الحساب","Design Asset Storage Calculator — standard","مسار مسار الحساب لأداة حاسبة مساحة الأصول.","design-tools","formula","true","1"
"workflow-brick-count-calculator-standard","حاسبة عدد الطوب — مسار الحساب","Brick Count Calculator — standard","مسار مسار الحساب لأداة حاسبة عدد الطوب.","construction-tools","formula","true","1"
"workflow-paint-liters-calculator-standard","حاسبة كمية الدهان — مسار الحساب","Paint Quantity Calculator — standard","مسار مسار الحساب لأداة حاسبة كمية الدهان.","construction-tools","formula","true","1"
"workflow-tile-quantity-calculator-standard","حاسبة كمية البلاط — مسار الحساب","Tile Quantity Calculator — standard","مسار مسار الحساب لأداة حاسبة كمية البلاط.","construction-tools","formula","true","1"
"workflow-cement-bags-calculator-standard","حاسبة أكياس الأسمنت — مسار الحساب","Cement Bags Calculator — standard","مسار مسار الحساب لأداة حاسبة أكياس الأسمنت.","construction-tools","formula","true","1"
"workflow-wall-area-calculator-standard","حاسبة مساحة الجدار — مسار الحساب","Wall Area Calculator — standard","مسار مسار الحساب لأداة حاسبة مساحة الجدار.","construction-tools","formula","true","1"
"workflow-fertilizer-requirement-calculator-standard","حاسبة كمية السماد — مسار الحساب","Fertilizer Requirement Calculator — standard","مسار مسار الحساب لأداة حاسبة كمية السماد.","agriculture-tools","formula","true","1"
"workflow-construction-labor-cost-calculator-standard","حاسبة تكلفة عمالة البناء — مسار الحساب","Construction Labor Cost Calculator — standard","مسار مسار الحساب لأداة حاسبة تكلفة عمالة البناء.","construction-tools","formula","true","1"
"workflow-material-waste-cost-calculator-standard","حاسبة تكلفة هدر المواد — مسار الحساب","Material Waste Cost Calculator — standard","مسار مسار الحساب لأداة حاسبة تكلفة هدر المواد.","construction-tools","formula","true","1"
"workflow-project-contingency-calculator-standard","حاسبة احتياطي المشروع — مسار الحساب","Project Contingency Calculator — standard","مسار مسار الحساب لأداة حاسبة احتياطي المشروع.","construction-tools","formula","true","1"
"workflow-rebar-weight-estimator-standard","حاسبة وزن حديد التسليح — مسار الحساب","Rebar Weight Estimator — standard","مسار مسار الحساب لأداة حاسبة وزن حديد التسليح.","construction-tools","formula","true","1"
"workflow-seed-requirement-calculator-standard","حاسبة كمية البذور — مسار الحساب","Seed Requirement Calculator — standard","مسار مسار الحساب لأداة حاسبة كمية البذور.","agriculture-tools","formula","true","1"
"workflow-irrigation-water-calculator-standard","حاسبة مياه الري — مسار الحساب","Irrigation Water Calculator — standard","مسار مسار الحساب لأداة حاسبة مياه الري.","agriculture-tools","formula","true","1"
"workflow-crop-yield-per-hectare-calculator-standard","حاسبة إنتاجية الهكتار — مسار الحساب","Yield per Hectare Calculator — standard","مسار مسار الحساب لأداة حاسبة إنتاجية الهكتار.","agriculture-tools","formula","true","1"
"workflow-farm-revenue-calculator-standard","حاسبة إيراد المزرعة — مسار الحساب","Farm Revenue Calculator — standard","مسار مسار الحساب لأداة حاسبة إيراد المزرعة.","agriculture-tools","formula","true","1"
"workflow-animal-feed-requirement-calculator-standard","حاسبة احتياج الأعلاف — مسار الحساب","Animal Feed Requirement Calculator — standard","مسار مسار الحساب لأداة حاسبة احتياج الأعلاف.","agriculture-tools","formula","true","1"
"workflow-livestock-weight-gain-calculator-standard","حاسبة زيادة وزن الماشية — مسار الحساب","Livestock Weight Gain Calculator — standard","مسار مسار الحساب لأداة حاسبة زيادة وزن الماشية.","agriculture-tools","formula","true","1"
"workflow-greenhouse-plant-capacity-calculator-standard","حاسبة سعة النباتات في البيت المحمي — مسار الحساب","Greenhouse Plant Capacity Calculator — standard","مسار مسار الحساب لأداة حاسبة سعة النباتات في البيت المحمي.","agriculture-tools","formula","true","1"
"workflow-pesticide-dilution-calculator-standard","حاسبة تخفيف المبيد — مسار الحساب","Pesticide Dilution Calculator — standard","مسار مسار الحساب لأداة حاسبة تخفيف المبيد.","agriculture-tools","formula","true","1"
"workflow-harvest-loss-calculator-standard","حاسبة خسارة المحصول — مسار الحساب","Harvest Loss Calculator — standard","مسار مسار الحساب لأداة حاسبة خسارة المحصول.","agriculture-tools","formula","true","1"
"workflow-event-cost-per-attendee-calculator-standard","حاسبة تكلفة الحضور — مسار الحساب","Event Cost per Attendee Calculator — standard","مسار مسار الحساب لأداة حاسبة تكلفة الحضور.","event-tools","formula","true","1"
"workflow-ticket-break-even-calculator-standard","حاسبة تذاكر نقطة التعادل — مسار الحساب","Ticket Break-even Calculator — standard","مسار مسار الحساب لأداة حاسبة تذاكر نقطة التعادل.","event-tools","formula","true","1"
"workflow-sponsorship-coverage-calculator-standard","حاسبة تغطية الرعاية — مسار الحساب","Sponsorship Coverage Calculator — standard","مسار مسار الحساب لأداة حاسبة تغطية الرعاية.","event-tools","formula","true","1"
"workflow-event-catering-cost-calculator-standard","حاسبة تكلفة الضيافة — مسار الحساب","Event Catering Cost Calculator — standard","مسار مسار الحساب لأداة حاسبة تكلفة الضيافة.","event-tools","formula","true","1"
"workflow-venue-occupancy-rate-calculator-standard","حاسبة إشغال القاعة — مسار الحساب","Venue Occupancy Rate Calculator — standard","مسار مسار الحساب لأداة حاسبة إشغال القاعة.","event-tools","formula","true","1"
"workflow-cost-per-hire-calculator-standard","حاسبة تكلفة التوظيف — مسار الحساب","Cost per Hire Calculator — standard","مسار مسار الحساب لأداة حاسبة تكلفة التوظيف.","hr-tools","formula","true","1"
"workflow-event-profit-calculator-standard","حاسبة ربح الفعالية — مسار الحساب","Event Profit Calculator — standard","مسار مسار الحساب لأداة حاسبة ربح الفعالية.","event-tools","formula","true","1"
"workflow-event-staff-ratio-calculator-standard","حاسبة نسبة الطاقم للحضور — مسار الحساب","Event Staff Ratio Calculator — standard","مسار مسار الحساب لأداة حاسبة نسبة الطاقم للحضور.","event-tools","formula","true","1"
"workflow-event-checkin-rate-calculator-standard","حاسبة معدل تسجيل الدخول — مسار الحساب","Event Check-in Rate Calculator — standard","مسار مسار الحساب لأداة حاسبة معدل تسجيل الدخول.","event-tools","formula","true","1"
"workflow-event-no-show-rate-calculator-standard","حاسبة معدل عدم الحضور — مسار الحساب","Event No-show Rate Calculator — standard","مسار مسار الحساب لأداة حاسبة معدل عدم الحضور.","event-tools","formula","true","1"
"workflow-booth-revenue-calculator-standard","حاسبة إيراد الأجنحة — مسار الحساب","Booth Revenue Calculator — standard","مسار مسار الحساب لأداة حاسبة إيراد الأجنحة.","event-tools","formula","true","1"
"workflow-employee-turnover-rate-calculator-standard","حاسبة معدل دوران الموظفين — مسار الحساب","Employee Turnover Rate Calculator — standard","مسار مسار الحساب لأداة حاسبة معدل دوران الموظفين.","hr-tools","formula","true","1"
"workflow-employee-absence-rate-calculator-standard","حاسبة معدل الغياب — مسار الحساب","Employee Absence Rate Calculator — standard","مسار مسار الحساب لأداة حاسبة معدل الغياب.","hr-tools","formula","true","1"
"workflow-time-to-hire-calculator-standard","حاسبة متوسط وقت التوظيف — مسار الحساب","Time to Hire Calculator — standard","مسار مسار الحساب لأداة حاسبة متوسط وقت التوظيف.","hr-tools","formula","true","1"
"workflow-revenue-per-employee-calculator-standard","حاسبة الإيراد لكل موظف — مسار الحساب","Revenue per Employee Calculator — standard","مسار مسار الحساب لأداة حاسبة الإيراد لكل موظف.","hr-tools","formula","true","1"
"workflow-training-cost-per-employee-calculator-standard","حاسبة تدريب الموظف — مسار الحساب","Training Cost per Employee Calculator — standard","مسار مسار الحساب لأداة حاسبة تدريب الموظف.","hr-tools","formula","true","1"
"workflow-employee-retention-rate-calculator-standard","حاسبة معدل الاحتفاظ بالموظفين — مسار الحساب","Employee Retention Rate Calculator — standard","مسار مسار الحساب لأداة حاسبة معدل الاحتفاظ بالموظفين.","hr-tools","formula","true","1"
"workflow-vehicle-fuel-cost-calculator-standard","حاسبة تكلفة وقود السيارة — مسار الحساب","Vehicle Fuel Cost Calculator — standard","مسار مسار الحساب لأداة حاسبة تكلفة وقود السيارة.","automotive-tools","formula","true","1"
"workflow-payroll-burden-calculator-standard","حاسبة أعباء الرواتب — مسار الحساب","Payroll Burden Calculator — standard","مسار مسار الحساب لأداة حاسبة أعباء الرواتب.","hr-tools","formula","true","1"
"workflow-vacancy-rate-calculator-standard","حاسبة معدل الشواغر — مسار الحساب","Vacancy Rate Calculator — standard","مسار مسار الحساب لأداة حاسبة معدل الشواغر.","hr-tools","formula","true","1"
"workflow-organic-ctr-calculator-standard","حاسبة CTR العضوي — مسار الحساب","Organic CTR Calculator — standard","مسار مسار الحساب لأداة حاسبة CTR العضوي.","seo-tools","formula","true","1"
"workflow-organic-conversion-rate-calculator-standard","حاسبة تحويل الزيارات العضوية — مسار الحساب","Organic Conversion Rate Calculator — standard","مسار مسار الحساب لأداة حاسبة تحويل الزيارات العضوية.","seo-tools","formula","true","1"
"workflow-keyword-ranking-growth-calculator-standard","حاسبة نمو الكلمات المتقدمة — مسار الحساب","Keyword Ranking Growth Calculator — standard","مسار مسار الحساب لأداة حاسبة نمو الكلمات المتقدمة.","seo-tools","formula","true","1"
"workflow-organic-impression-growth-calculator-standard","حاسبة نمو الظهور العضوي — مسار الحساب","Organic Impression Growth Calculator — standard","مسار مسار الحساب لأداة حاسبة نمو الظهور العضوي.","seo-tools","formula","true","1"
"workflow-backlink-growth-rate-calculator-standard","حاسبة نمو الروابط الخلفية — مسار الحساب","Backlink Growth Rate Calculator — standard","مسار مسار الحساب لأداة حاسبة نمو الروابط الخلفية.","seo-tools","formula","true","1"
"workflow-seo-content-roi-calculator-standard","حاسبة عائد محتوى SEO — مسار الحساب","SEO Content ROI Calculator — standard","مسار مسار الحساب لأداة حاسبة عائد محتوى SEO.","seo-tools","formula","true","1"
"workflow-cost-per-organic-lead-calculator-standard","حاسبة تكلفة العميل العضوي المحتمل — مسار الحساب","Cost per Organic Lead Calculator — standard","مسار مسار الحساب لأداة حاسبة تكلفة العميل العضوي المحتمل.","seo-tools","formula","true","1"
"workflow-indexed-pages-rate-calculator-standard","حاسبة نسبة الصفحات المفهرسة — مسار الحساب","Indexed Pages Rate Calculator — standard","مسار مسار الحساب لأداة حاسبة نسبة الصفحات المفهرسة.","seo-tools","formula","true","1"
"workflow-crawl-budget-utilization-calculator-standard","حاسبة استغلال ميزانية الزحف — مسار الحساب","Crawl Budget Utilization Calculator — standard","مسار مسار الحساب لأداة حاسبة استغلال ميزانية الزحف.","seo-tools","formula","true","1"
"workflow-serp-click-share-calculator-standard","حاسبة حصة النقر في نتائج البحث — مسار الحساب","SERP Click Share Calculator — standard","مسار مسار الحساب لأداة حاسبة حصة النقر في نتائج البحث.","seo-tools","formula","true","1"
"workflow-page-weight-calculator-standard","حاسبة وزن الصفحة — مسار الحساب","Page Weight Calculator — standard","مسار مسار الحساب لأداة حاسبة وزن الصفحة.","web-tools","formula","true","1"
"workflow-monthly-bandwidth-calculator-standard","حاسبة استهلاك النطاق الشهري — مسار الحساب","Monthly Bandwidth Calculator — standard","مسار مسار الحساب لأداة حاسبة استهلاك النطاق الشهري.","web-tools","formula","true","1"
"workflow-uptime-percentage-calculator-standard","حاسبة نسبة وقت التشغيل — مسار الحساب","Uptime Percentage Calculator — standard","مسار مسار الحساب لأداة حاسبة نسبة وقت التشغيل.","web-tools","formula","true","1"
"workflow-api-error-rate-calculator-standard","حاسبة معدل أخطاء API — مسار الحساب","API Error Rate Calculator — standard","مسار مسار الحساب لأداة حاسبة معدل أخطاء API.","web-tools","formula","true","1"
"workflow-net-worth-calculator-standard","حاسبة صافي الثروة — مسار الحساب","Net Worth Calculator — standard","مسار مسار الحساب لأداة حاسبة صافي الثروة.","personal-finance-tools","formula","true","1"
"workflow-average-response-time-calculator-standard","حاسبة متوسط زمن الاستجابة — مسار الحساب","Average Response Time Calculator — standard","مسار مسار الحساب لأداة حاسبة متوسط زمن الاستجابة.","web-tools","formula","true","1"
"workflow-cache-hit-rate-calculator-standard","حاسبة معدل إصابة التخزين المؤقت — مسار الحساب","Cache Hit Rate Calculator — standard","مسار مسار الحساب لأداة حاسبة معدل إصابة التخزين المؤقت.","web-tools","formula","true","1"
"workflow-conversion-uplift-calculator-standard","حاسبة تحسن التحويل — مسار الحساب","Conversion Uplift Calculator — standard","مسار مسار الحساب لأداة حاسبة تحسن التحويل.","web-tools","formula","true","1"
"workflow-bounce-rate-reduction-calculator-standard","حاسبة انخفاض معدل الارتداد — مسار الحساب","Bounce Rate Reduction Calculator — standard","مسار مسار الحساب لأداة حاسبة انخفاض معدل الارتداد.","web-tools","formula","true","1"
"workflow-server-cost-per-user-calculator-standard","حاسبة تكلفة الخادم لكل مستخدم — مسار الحساب","Server Cost per User Calculator — standard","مسار مسار الحساب لأداة حاسبة تكلفة الخادم لكل مستخدم.","web-tools","formula","true","1"
"workflow-data-transfer-cost-calculator-standard","حاسبة تكلفة نقل البيانات — مسار الحساب","Data Transfer Cost Calculator — standard","مسار مسار الحساب لأداة حاسبة تكلفة نقل البيانات.","web-tools","formula","true","1"
"workflow-font-license-cost-calculator-standard","حاسبة تكلفة ترخيص الخط — مسار الحساب","Font License Cost Calculator — standard","مسار مسار الحساب لأداة حاسبة تكلفة ترخيص الخط.","design-tools","formula","true","1"
"workflow-design-project-quote-calculator-standard","حاسبة تسعير مشروع التصميم — مسار الحساب","Design Project Quote Calculator — standard","مسار مسار الحساب لأداة حاسبة تسعير مشروع التصميم.","design-tools","formula","true","1"
"workflow-revision-cost-calculator-standard","حاسبة تكلفة التعديلات — مسار الحساب","Revision Cost Calculator — standard","مسار مسار الحساب لأداة حاسبة تكلفة التعديلات.","design-tools","formula","true","1"
"workflow-print-size-with-bleed-calculator-standard","حاسبة المقاس مع النزف — مسار الحساب","Print Size with Bleed Calculator — standard","مسار مسار الحساب لأداة حاسبة المقاس مع النزف.","design-tools","formula","true","1"
"workflow-pixel-width-from-dpi-calculator-standard","حاسبة عرض البكسل من DPI — مسار الحساب","Pixel Width from DPI Calculator — standard","مسار مسار الحساب لأداة حاسبة عرض البكسل من DPI.","design-tools","formula","true","1"
"workflow-pixel-height-from-dpi-calculator-standard","حاسبة ارتفاع البكسل من DPI — مسار الحساب","Pixel Height from DPI Calculator — standard","مسار مسار الحساب لأداة حاسبة ارتفاع البكسل من DPI.","design-tools","formula","true","1"
"workflow-design-utilization-rate-calculator-standard","حاسبة استغلال وقت المصمم — مسار الحساب","Designer Utilization Rate Calculator — standard","مسار مسار الحساب لأداة حاسبة استغلال وقت المصمم.","design-tools","formula","true","1"
"workflow-render-time-estimator-standard","حاسبة زمن الرندر — مسار الحساب","Render Time Estimator — standard","مسار مسار الحساب لأداة حاسبة زمن الرندر.","design-tools","formula","true","1"
"workflow-print-run-cost-calculator-standard","حاسبة تكلفة كمية الطباعة — مسار الحساب","Print Run Cost Calculator — standard","مسار مسار الحساب لأداة حاسبة تكلفة كمية الطباعة.","design-tools","formula","true","1"
"workflow-first-response-time-calculator-standard","حاسبة متوسط أول رد — مسار الحساب","First Response Time Calculator — standard","مسار مسار الحساب لأداة حاسبة متوسط أول رد.","customer-service-tools","formula","true","1"
"workflow-average-resolution-time-calculator-standard","حاسبة متوسط زمن الحل — مسار الحساب","Average Resolution Time Calculator — standard","مسار مسار الحساب لأداة حاسبة متوسط زمن الحل.","customer-service-tools","formula","true","1"
"workflow-csat-score-calculator-standard","حاسبة رضا العملاء CSAT — مسار الحساب","CSAT Score Calculator — standard","مسار مسار الحساب لأداة حاسبة رضا العملاء CSAT.","customer-service-tools","formula","true","1"
"workflow-nps-score-calculator-standard","حاسبة صافي نقاط الترويج NPS — مسار الحساب","NPS Score Calculator — standard","مسار مسار الحساب لأداة حاسبة صافي نقاط الترويج NPS.","customer-service-tools","formula","true","1"
"workflow-ticket-backlog-calculator-standard","حاسبة تراكم التذاكر — مسار الحساب","Ticket Backlog Calculator — standard","مسار مسار الحساب لأداة حاسبة تراكم التذاكر.","customer-service-tools","formula","true","1"
"workflow-support-cost-per-ticket-calculator-standard","حاسبة تكلفة الدعم لكل تذكرة — مسار الحساب","Support Cost per Ticket Calculator — standard","مسار مسار الحساب لأداة حاسبة تكلفة الدعم لكل تذكرة.","customer-service-tools","formula","true","1"
"workflow-self-service-deflection-rate-calculator-standard","حاسبة تحويل الخدمة الذاتية — مسار الحساب","Self-service Deflection Rate Calculator — standard","مسار مسار الحساب لأداة حاسبة تحويل الخدمة الذاتية.","customer-service-tools","formula","true","1"
"workflow-sla-compliance-rate-calculator-standard","حاسبة الالتزام بـ SLA — مسار الحساب","SLA Compliance Rate Calculator — standard","مسار مسار الحساب لأداة حاسبة الالتزام بـ SLA.","customer-service-tools","formula","true","1"
"workflow-escalation-rate-calculator-standard","حاسبة معدل التصعيد — مسار الحساب","Escalation Rate Calculator — standard","مسار مسار الحساب لأداة حاسبة معدل التصعيد.","customer-service-tools","formula","true","1"
"workflow-support-agent-utilization-calculator-standard","حاسبة استغلال موظف الدعم — مسار الحساب","Support Agent Utilization Calculator — standard","مسار مسار الحساب لأداة حاسبة استغلال موظف الدعم.","customer-service-tools","formula","true","1"
"workflow-monthly-savings-rate-calculator-standard","حاسبة معدل الادخار الشهري — مسار الحساب","Monthly Savings Rate Calculator — standard","مسار مسار الحساب لأداة حاسبة معدل الادخار الشهري.","personal-finance-tools","formula","true","1"
"workflow-emergency-fund-months-calculator-standard","حاسبة أشهر صندوق الطوارئ — مسار الحساب","Emergency Fund Months Calculator — standard","مسار مسار الحساب لأداة حاسبة أشهر صندوق الطوارئ.","personal-finance-tools","formula","true","1"
"workflow-debt-to-income-ratio-calculator-standard","حاسبة نسبة الدين إلى الدخل — مسار الحساب","Debt-to-Income Ratio Calculator — standard","مسار مسار الحساب لأداة حاسبة نسبة الدين إلى الدخل.","personal-finance-tools","formula","true","1"
"workflow-simple-loan-interest-calculator-standard","حاسبة الفائدة البسيطة للقرض — مسار الحساب","Simple Loan Interest Calculator — standard","مسار مسار الحساب لأداة حاسبة الفائدة البسيطة للقرض.","personal-finance-tools","formula","true","1"
"workflow-monthly-savings-goal-calculator-standard","حاسبة الادخار الشهري للهدف — مسار الحساب","Monthly Savings Goal Calculator — standard","مسار مسار الحساب لأداة حاسبة الادخار الشهري للهدف.","personal-finance-tools","formula","true","1"
"workflow-monthly-budget-remainder-calculator-standard","حاسبة المتبقي من الميزانية — مسار الحساب","Monthly Budget Remainder Calculator — standard","مسار مسار الحساب لأداة حاسبة المتبقي من الميزانية.","personal-finance-tools","formula","true","1"
"workflow-expense-growth-rate-calculator-standard","حاسبة نمو المصروفات — مسار الحساب","Expense Growth Rate Calculator — standard","مسار مسار الحساب لأداة حاسبة نمو المصروفات.","personal-finance-tools","formula","true","1"
"workflow-annual-subscription-cost-calculator-standard","حاسبة تكلفة الاشتراكات السنوية — مسار الحساب","Annual Subscription Cost Calculator — standard","مسار مسار الحساب لأداة حاسبة تكلفة الاشتراكات السنوية.","personal-finance-tools","formula","true","1"
"workflow-personal-cash-flow-calculator-standard","حاسبة التدفق النقدي الشخصي — مسار الحساب","Personal Cash Flow Calculator — standard","مسار مسار الحساب لأداة حاسبة التدفق النقدي الشخصي.","personal-finance-tools","formula","true","1"
"workflow-guest-acquisition-cost-calculator-standard","حاسبة تكلفة اكتساب النزيل — مسار الحساب","Guest Acquisition Cost Calculator — standard","مسار مسار الحساب لأداة حاسبة تكلفة اكتساب النزيل.","hospitality-tools","formula","true","1"
"workflow-home-electricity-cost-calculator-standard","حاسبة تكلفة كهرباء المنزل — مسار الحساب","Home Electricity Cost Calculator — standard","مسار مسار الحساب لأداة حاسبة تكلفة كهرباء المنزل.","home-tools","formula","true","1"
"workflow-water-bill-estimator-standard","حاسبة فاتورة المياه — مسار الحساب","Water Bill Estimator — standard","مسار مسار الحساب لأداة حاسبة فاتورة المياه.","home-tools","formula","true","1"
"workflow-air-conditioner-monthly-cost-calculator-standard","حاسبة تكلفة المكيف شهريًا — مسار الحساب","Air Conditioner Monthly Cost Calculator — standard","مسار مسار الحساب لأداة حاسبة تكلفة المكيف شهريًا.","home-tools","formula","true","1"
"workflow-room-paint-cost-calculator-standard","حاسبة تكلفة دهان الغرفة — مسار الحساب","Room Paint Cost Calculator — standard","مسار مسار الحساب لأداة حاسبة تكلفة دهان الغرفة.","home-tools","formula","true","1"
"workflow-flooring-cost-calculator-standard","حاسبة تكلفة الأرضيات — مسار الحساب","Flooring Cost Calculator — standard","مسار مسار الحساب لأداة حاسبة تكلفة الأرضيات.","home-tools","formula","true","1"
"workflow-cycling-speed-calculator-standard","حاسبة سرعة ركوب الدراجة — مسار الحساب","Cycling Speed Calculator — standard","مسار مسار الحساب لأداة حاسبة سرعة ركوب الدراجة.","fitness-tools","formula","true","1"
"workflow-home-cleaning-cost-calculator-standard","حاسبة تكلفة تنظيف المنزل — مسار الحساب","Home Cleaning Cost Calculator — standard","مسار مسار الحساب لأداة حاسبة تكلفة تنظيف المنزل.","home-tools","formula","true","1"
"workflow-solar-payback-period-calculator-standard","حاسبة فترة استرداد الطاقة الشمسية — مسار الحساب","Solar Payback Period Calculator — standard","مسار مسار الحساب لأداة حاسبة فترة استرداد الطاقة الشمسية.","home-tools","formula","true","1"
"workflow-home-maintenance-budget-calculator-standard","حاسبة ميزانية صيانة المنزل — مسار الحساب","Home Maintenance Budget Calculator — standard","مسار مسار الحساب لأداة حاسبة ميزانية صيانة المنزل.","home-tools","formula","true","1"
"workflow-appliance-usage-cost-calculator-standard","حاسبة تكلفة تشغيل جهاز — مسار الحساب","Appliance Usage Cost Calculator — standard","مسار مسار الحساب لأداة حاسبة تكلفة تشغيل جهاز.","home-tools","formula","true","1"
"workflow-moving-cost-calculator-standard","حاسبة تكلفة نقل الأثاث — مسار الحساب","Moving Cost Calculator — standard","مسار مسار الحساب لأداة حاسبة تكلفة نقل الأثاث.","home-tools","formula","true","1"
"workflow-retail-gross-margin-calculator-standard","حاسبة هامش التجزئة — مسار الحساب","Retail Gross Margin Calculator — standard","مسار مسار الحساب لأداة حاسبة هامش التجزئة.","retail-tools","formula","true","1"
"workflow-sell-through-rate-calculator-standard","حاسبة معدل البيع من المخزون — مسار الحساب","Sell-through Rate Calculator — standard","مسار مسار الحساب لأداة حاسبة معدل البيع من المخزون.","retail-tools","formula","true","1"
"workflow-retail-stockout-rate-calculator-standard","حاسبة معدل نفاد المخزون — مسار الحساب","Stockout Rate Calculator — standard","مسار مسار الحساب لأداة حاسبة معدل نفاد المخزون.","retail-tools","formula","true","1"
"workflow-retail-discount-impact-calculator-standard","حاسبة أثر الخصم على الإيراد — مسار الحساب","Retail Discount Impact Calculator — standard","مسار مسار الحساب لأداة حاسبة أثر الخصم على الإيراد.","retail-tools","formula","true","1"
"workflow-sales-per-square-meter-calculator-standard","حاسبة المبيعات لكل متر مربع — مسار الحساب","Sales per Square Meter Calculator — standard","مسار مسار الحساب لأداة حاسبة المبيعات لكل متر مربع.","retail-tools","formula","true","1"
"workflow-retail-labor-productivity-calculator-standard","حاسبة إنتاجية موظفي التجزئة — مسار الحساب","Retail Labor Productivity Calculator — standard","مسار مسار الحساب لأداة حاسبة إنتاجية موظفي التجزئة.","retail-tools","formula","true","1"
"workflow-basket-size-calculator-standard","حاسبة متوسط عدد المنتجات في السلة — مسار الحساب","Average Basket Size Calculator — standard","مسار مسار الحساب لأداة حاسبة متوسط عدد المنتجات في السلة.","retail-tools","formula","true","1"
"workflow-store-conversion-rate-calculator-standard","حاسبة تحويل زوار المتجر — مسار الحساب","Store Conversion Rate Calculator — standard","مسار مسار الحساب لأداة حاسبة تحويل زوار المتجر.","retail-tools","formula","true","1"
"workflow-retail-shrinkage-rate-calculator-standard","حاسبة فاقد المخزون — مسار الحساب","Retail Shrinkage Rate Calculator — standard","مسار مسار الحساب لأداة حاسبة فاقد المخزون.","retail-tools","formula","true","1"
"workflow-branch-sales-target-calculator-standard","حاسبة هدف الفرع اليومي — مسار الحساب","Branch Daily Sales Target Calculator — standard","مسار مسار الحساب لأداة حاسبة هدف الفرع اليومي.","retail-tools","formula","true","1"
"workflow-overall-equipment-effectiveness-calculator-standard","حاسبة فعالية المعدات OEE — مسار الحساب","Overall Equipment Effectiveness Calculator — standard","مسار مسار الحساب لأداة حاسبة فعالية المعدات OEE.","manufacturing-tools","formula","true","1"
"workflow-production-yield-calculator-standard","حاسبة عائد الإنتاج — مسار الحساب","Production Yield Calculator — standard","مسار مسار الحساب لأداة حاسبة عائد الإنتاج.","manufacturing-tools","formula","true","1"
"workflow-scrap-rate-calculator-standard","حاسبة معدل الخردة — مسار الحساب","Scrap Rate Calculator — standard","مسار مسار الحساب لأداة حاسبة معدل الخردة.","manufacturing-tools","formula","true","1"
"workflow-manufacturing-cycle-time-calculator-standard","حاسبة زمن دورة الإنتاج — مسار الحساب","Manufacturing Cycle Time Calculator — standard","مسار مسار الحساب لأداة حاسبة زمن دورة الإنتاج.","manufacturing-tools","formula","true","1"
"workflow-running-pace-calculator-standard","حاسبة وتيرة الجري — مسار الحساب","Running Pace Calculator — standard","مسار مسار الحساب لأداة حاسبة وتيرة الجري.","fitness-tools","formula","true","1"
"workflow-production-capacity-calculator-standard","حاسبة الطاقة الإنتاجية — مسار الحساب","Production Capacity Calculator — standard","مسار مسار الحساب لأداة حاسبة الطاقة الإنتاجية.","manufacturing-tools","formula","true","1"
"workflow-unit-production-cost-calculator-standard","حاسبة تكلفة الوحدة الصناعية — مسار الحساب","Unit Production Cost Calculator — standard","مسار مسار الحساب لأداة حاسبة تكلفة الوحدة الصناعية.","manufacturing-tools","formula","true","1"
"workflow-machine-downtime-rate-calculator-standard","حاسبة معدل توقف الآلة — مسار الحساب","Machine Downtime Rate Calculator — standard","مسار مسار الحساب لأداة حاسبة معدل توقف الآلة.","manufacturing-tools","formula","true","1"
"workflow-defect-cost-calculator-standard","حاسبة تكلفة العيوب — مسار الحساب","Defect Cost Calculator — standard","مسار مسار الحساب لأداة حاسبة تكلفة العيوب.","manufacturing-tools","formula","true","1"
"workflow-raw-material-usage-variance-calculator-standard","حاسبة انحراف استخدام المواد — مسار الحساب","Material Usage Variance Calculator — standard","مسار مسار الحساب لأداة حاسبة انحراف استخدام المواد.","manufacturing-tools","formula","true","1"
"workflow-manufacturing-energy-cost-per-unit-calculator-standard","حاسبة طاقة التصنيع لكل وحدة — مسار الحساب","Manufacturing Energy Cost per Unit Calculator — standard","مسار مسار الحساب لأداة حاسبة طاقة التصنيع لكل وحدة.","manufacturing-tools","formula","true","1"
"workflow-earned-value-calculator-standard","حاسبة القيمة المكتسبة — مسار الحساب","Earned Value Calculator — standard","مسار مسار الحساب لأداة حاسبة القيمة المكتسبة.","project-management-tools","formula","true","1"
"workflow-cost-performance-index-calculator-standard","حاسبة مؤشر أداء التكلفة — مسار الحساب","Cost Performance Index Calculator — standard","مسار مسار الحساب لأداة حاسبة مؤشر أداء التكلفة.","project-management-tools","formula","true","1"
"workflow-schedule-performance-index-calculator-standard","حاسبة مؤشر أداء الجدول — مسار الحساب","Schedule Performance Index Calculator — standard","مسار مسار الحساب لأداة حاسبة مؤشر أداء الجدول.","project-management-tools","formula","true","1"
"workflow-project-budget-variance-calculator-standard","حاسبة انحراف الميزانية — مسار الحساب","Project Budget Variance Calculator — standard","مسار مسار الحساب لأداة حاسبة انحراف الميزانية.","project-management-tools","formula","true","1"
"workflow-project-schedule-variance-days-calculator-standard","حاسبة انحراف الجدول بالأيام — مسار الحساب","Schedule Variance in Days Calculator — standard","مسار مسار الحساب لأداة حاسبة انحراف الجدول بالأيام.","project-management-tools","formula","true","1"
"workflow-resource-utilization-calculator-standard","حاسبة استغلال موارد المشروع — مسار الحساب","Project Resource Utilization Calculator — standard","مسار مسار الحساب لأداة حاسبة استغلال موارد المشروع.","project-management-tools","formula","true","1"
"workflow-project-risk-exposure-calculator-standard","حاسبة التعرض للمخاطر — مسار الحساب","Project Risk Exposure Calculator — standard","مسار مسار الحساب لأداة حاسبة التعرض للمخاطر.","project-management-tools","formula","true","1"
"workflow-project-burn-rate-calculator-standard","حاسبة معدل حرق الميزانية — مسار الحساب","Project Burn Rate Calculator — standard","مسار مسار الحساب لأداة حاسبة معدل حرق الميزانية.","project-management-tools","formula","true","1"
"workflow-estimate-at-completion-calculator-standard","حاسبة التكلفة المتوقعة عند الإكمال — مسار الحساب","Estimate at Completion Calculator — standard","مسار مسار الحساب لأداة حاسبة التكلفة المتوقعة عند الإكمال.","project-management-tools","formula","true","1"
"workflow-team-velocity-calculator-standard","حاسبة سرعة الفريق — مسار الحساب","Team Velocity Calculator — standard","مسار مسار الحساب لأداة حاسبة سرعة الفريق.","project-management-tools","formula","true","1"
"workflow-hotel-occupancy-rate-calculator-standard","حاسبة إشغال الفندق — مسار الحساب","Hotel Occupancy Rate Calculator — standard","مسار مسار الحساب لأداة حاسبة إشغال الفندق.","hospitality-tools","formula","true","1"
"workflow-average-daily-rate-calculator-standard","حاسبة متوسط سعر الغرفة ADR — مسار الحساب","Average Daily Rate Calculator — standard","مسار مسار الحساب لأداة حاسبة متوسط سعر الغرفة ADR.","hospitality-tools","formula","true","1"
"workflow-revpar-calculator-standard","حاسبة RevPAR — مسار الحساب","RevPAR Calculator — standard","مسار مسار الحساب لأداة حاسبة RevPAR.","hospitality-tools","formula","true","1"
"workflow-hotel-cancellation-rate-calculator-standard","حاسبة معدل إلغاء الحجوزات — مسار الحساب","Hotel Cancellation Rate Calculator — standard","مسار مسار الحساب لأداة حاسبة معدل إلغاء الحجوزات.","hospitality-tools","formula","true","1"
"workflow-hotel-housekeeping-cost-per-room-calculator-standard","حاسبة تنظيف الغرفة — مسار الحساب","Housekeeping Cost per Room Calculator — standard","مسار مسار الحساب لأداة حاسبة تنظيف الغرفة.","hospitality-tools","formula","true","1"
"workflow-hotel-labor-cost-per-occupied-room-calculator-standard","حاسبة العمالة لكل غرفة مشغولة — مسار الحساب","Labor Cost per Occupied Room Calculator — standard","مسار مسار الحساب لأداة حاسبة العمالة لكل غرفة مشغولة.","hospitality-tools","formula","true","1"
"workflow-hotel-food-beverage-revenue-per-guest-calculator-standard","حاسبة إيراد الأغذية لكل نزيل — مسار الحساب","F&B Revenue per Guest Calculator — standard","مسار مسار الحساب لأداة حاسبة إيراد الأغذية لكل نزيل.","hospitality-tools","formula","true","1"
"workflow-hotel-length-of-stay-calculator-standard","حاسبة متوسط مدة الإقامة — مسار الحساب","Average Length of Stay Calculator — standard","مسار مسار الحساب لأداة حاسبة متوسط مدة الإقامة.","hospitality-tools","formula","true","1"
"workflow-hotel-profit-per-room-calculator-standard","حاسبة ربح الغرفة — مسار الحساب","Hotel Profit per Room Calculator — standard","مسار مسار الحساب لأداة حاسبة ربح الغرفة.","hospitality-tools","formula","true","1"
"workflow-insurance-premium-estimator-standard","حاسبة القسط التأميني — مسار الحساب","Insurance Premium Estimator — standard","مسار مسار الحساب لأداة حاسبة القسط التأميني.","insurance-tools","formula","true","1"
"workflow-insurance-deductible-impact-calculator-standard","حاسبة أثر التحمل — مسار الحساب","Deductible Impact Calculator — standard","مسار مسار الحساب لأداة حاسبة أثر التحمل.","insurance-tools","formula","true","1"
"workflow-claim-loss-ratio-calculator-standard","حاسبة نسبة الخسائر التأمينية — مسار الحساب","Insurance Loss Ratio Calculator — standard","مسار مسار الحساب لأداة حاسبة نسبة الخسائر التأمينية.","insurance-tools","formula","true","1"
"workflow-insurance-coverage-gap-calculator-standard","حاسبة فجوة التغطية — مسار الحساب","Insurance Coverage Gap Calculator — standard","مسار مسار الحساب لأداة حاسبة فجوة التغطية.","insurance-tools","formula","true","1"
"workflow-insurance-commission-calculator-standard","حاسبة عمولة التأمين — مسار الحساب","Insurance Commission Calculator — standard","مسار مسار الحساب لأداة حاسبة عمولة التأمين.","insurance-tools","formula","true","1"
"workflow-claim-frequency-calculator-standard","حاسبة تكرار المطالبات — مسار الحساب","Claim Frequency Calculator — standard","مسار مسار الحساب لأداة حاسبة تكرار المطالبات.","insurance-tools","formula","true","1"
"workflow-average-claim-size-calculator-standard","حاسبة متوسط المطالبة — مسار الحساب","Average Claim Size Calculator — standard","مسار مسار الحساب لأداة حاسبة متوسط المطالبة.","insurance-tools","formula","true","1"
"workflow-policy-renewal-rate-calculator-standard","حاسبة معدل تجديد الوثائق — مسار الحساب","Policy Renewal Rate Calculator — standard","مسار مسار الحساب لأداة حاسبة معدل تجديد الوثائق.","insurance-tools","formula","true","1"
"workflow-insurance-cost-per-day-calculator-standard","حاسبة تكلفة التأمين اليومية — مسار الحساب","Insurance Cost per Day Calculator — standard","مسار مسار الحساب لأداة حاسبة تكلفة التأمين اليومية.","insurance-tools","formula","true","1"
"workflow-insurance-solvency-buffer-calculator-standard","حاسبة هامش الملاءة المبسط — مسار الحساب","Simplified Solvency Buffer Calculator — standard","مسار مسار الحساب لأداة حاسبة هامش الملاءة المبسط.","insurance-tools","formula","true","1"
"workflow-electricity-demand-cost-calculator-standard","حاسبة تكلفة الطلب الكهربائي — مسار الحساب","Electricity Demand Cost Calculator — standard","مسار مسار الحساب لأداة حاسبة تكلفة الطلب الكهربائي.","energy-tools","formula","true","1"
"workflow-solar-panel-output-calculator-standard","حاسبة إنتاج الألواح الشمسية — مسار الحساب","Solar Panel Output Calculator — standard","مسار مسار الحساب لأداة حاسبة إنتاج الألواح الشمسية.","energy-tools","formula","true","1"
"workflow-battery-backup-hours-calculator-standard","حاسبة ساعات البطارية الاحتياطية — مسار الحساب","Battery Backup Hours Calculator — standard","مسار مسار الحساب لأداة حاسبة ساعات البطارية الاحتياطية.","energy-tools","formula","true","1"
"workflow-power-factor-penalty-calculator-standard","حاسبة غرامة معامل القدرة — مسار الحساب","Power Factor Penalty Calculator — standard","مسار مسار الحساب لأداة حاسبة غرامة معامل القدرة.","energy-tools","formula","true","1"
"workflow-generator-fuel-consumption-calculator-standard","حاسبة استهلاك وقود المولد — مسار الحساب","Generator Fuel Consumption Calculator — standard","مسار مسار الحساب لأداة حاسبة استهلاك وقود المولد.","energy-tools","formula","true","1"
"workflow-energy-cost-per-unit-calculator-standard","حاسبة تكلفة الطاقة لكل وحدة — مسار الحساب","Energy Cost per Unit Calculator — standard","مسار مسار الحساب لأداة حاسبة تكلفة الطاقة لكل وحدة.","energy-tools","formula","true","1"
"workflow-annual-energy-savings-calculator-standard","حاسبة التوفير السنوي للطاقة — مسار الحساب","Annual Energy Savings Calculator — standard","مسار مسار الحساب لأداة حاسبة التوفير السنوي للطاقة.","energy-tools","formula","true","1"
"workflow-load-factor-calculator-standard","حاسبة معامل الحمل — مسار الحساب","Load Factor Calculator — standard","مسار مسار الحساب لأداة حاسبة معامل الحمل.","energy-tools","formula","true","1"
"workflow-energy-intensity-calculator-standard","حاسبة كثافة الطاقة — مسار الحساب","Energy Intensity Calculator — standard","مسار مسار الحساب لأداة حاسبة كثافة الطاقة.","energy-tools","formula","true","1"
"workflow-peak-demand-reduction-savings-calculator-standard","حاسبة توفير خفض الطلب الأقصى — مسار الحساب","Peak Demand Reduction Savings Calculator — standard","مسار مسار الحساب لأداة حاسبة توفير خفض الطلب الأقصى.","energy-tools","formula","true","1"
"workflow-security-incident-rate-calculator-standard","حاسبة معدل الحوادث الأمنية — مسار الحساب","Security Incident Rate Calculator — standard","مسار مسار الحساب لأداة حاسبة معدل الحوادث الأمنية.","cybersecurity-tools","formula","true","1"
"workflow-mean-time-to-detect-calculator-standard","حاسبة متوسط زمن الاكتشاف MTTD — مسار الحساب","Mean Time to Detect Calculator — standard","مسار مسار الحساب لأداة حاسبة متوسط زمن الاكتشاف MTTD.","cybersecurity-tools","formula","true","1"
"workflow-mean-time-to-respond-calculator-standard","حاسبة متوسط زمن الاستجابة MTTR — مسار الحساب","Mean Time to Respond Calculator — standard","مسار مسار الحساب لأداة حاسبة متوسط زمن الاستجابة MTTR.","cybersecurity-tools","formula","true","1"
"workflow-phishing-click-rate-calculator-standard","حاسبة معدل النقر على التصيد — مسار الحساب","Phishing Click Rate Calculator — standard","مسار مسار الحساب لأداة حاسبة معدل النقر على التصيد.","cybersecurity-tools","formula","true","1"
"workflow-patch-compliance-rate-calculator-standard","حاسبة الالتزام بالتحديثات — مسار الحساب","Patch Compliance Rate Calculator — standard","مسار مسار الحساب لأداة حاسبة الالتزام بالتحديثات.","cybersecurity-tools","formula","true","1"
"workflow-vulnerability-remediation-rate-calculator-standard","حاسبة معالجة الثغرات — مسار الحساب","Vulnerability Remediation Rate Calculator — standard","مسار مسار الحساب لأداة حاسبة معالجة الثغرات.","cybersecurity-tools","formula","true","1"
"workflow-security-awareness-completion-rate-calculator-standard","حاسبة إكمال التوعية الأمنية — مسار الحساب","Security Awareness Completion Rate Calculator — standard","مسار مسار الحساب لأداة حاسبة إكمال التوعية الأمنية.","cybersecurity-tools","formula","true","1"
"workflow-backup-success-rate-calculator-standard","حاسبة نجاح النسخ الاحتياطي — مسار الحساب","Backup Success Rate Calculator — standard","مسار مسار الحساب لأداة حاسبة نجاح النسخ الاحتياطي.","cybersecurity-tools","formula","true","1"
"workflow-security-risk-exposure-calculator-standard","حاسبة التعرض للمخاطر الأمنية — مسار الحساب","Security Risk Exposure Calculator — standard","مسار مسار الحساب لأداة حاسبة التعرض للمخاطر الأمنية.","cybersecurity-tools","formula","true","1"
"workflow-endpoint-coverage-rate-calculator-standard","حاسبة تغطية حماية الأجهزة — مسار الحساب","Endpoint Coverage Rate Calculator — standard","مسار مسار الحساب لأداة حاسبة تغطية حماية الأجهزة.","cybersecurity-tools","formula","true","1"
"workflow-photo-storage-calculator-standard","حاسبة مساحة تخزين الصور — مسار الحساب","Photo Storage Calculator — standard","مسار مسار الحساب لأداة حاسبة مساحة تخزين الصور.","photography-tools","formula","true","1"
"workflow-video-storage-calculator-standard","حاسبة مساحة تخزين الفيديو — مسار الحساب","Video Storage Calculator — standard","مسار مسار الحساب لأداة حاسبة مساحة تخزين الفيديو.","photography-tools","formula","true","1"
"workflow-photography-project-price-calculator-standard","حاسبة سعر جلسة التصوير — مسار الحساب","Photography Project Price Calculator — standard","مسار مسار الحساب لأداة حاسبة سعر جلسة التصوير.","photography-tools","formula","true","1"
"workflow-photo-print-cost-calculator-standard","حاسبة تكلفة طباعة الصور — مسار الحساب","Photo Print Cost Calculator — standard","مسار مسار الحساب لأداة حاسبة تكلفة طباعة الصور.","photography-tools","formula","true","1"
"workflow-camera-depreciation-calculator-standard","حاسبة انخفاض قيمة الكاميرا — مسار الحساب","Camera Depreciation Calculator — standard","مسار مسار الحساب لأداة حاسبة انخفاض قيمة الكاميرا.","photography-tools","formula","true","1"
"workflow-battery-shooting-time-calculator-standard","حاسبة زمن التصوير بالبطاريات — مسار الحساب","Battery Shooting Time Calculator — standard","مسار مسار الحساب لأداة حاسبة زمن التصوير بالبطاريات.","photography-tools","formula","true","1"
"workflow-image-aspect-ratio-width-calculator-standard","حاسبة عرض الصورة حسب النسبة — مسار الحساب","Image Width from Aspect Ratio Calculator — standard","مسار مسار الحساب لأداة حاسبة عرض الصورة حسب النسبة.","photography-tools","formula","true","1"
"workflow-image-aspect-ratio-height-calculator-standard","حاسبة ارتفاع الصورة حسب النسبة — مسار الحساب","Image Height from Aspect Ratio Calculator — standard","مسار مسار الحساب لأداة حاسبة ارتفاع الصورة حسب النسبة.","photography-tools","formula","true","1"
"workflow-shooting-day-cost-calculator-standard","حاسبة تكلفة يوم التصوير — مسار الحساب","Shooting Day Cost Calculator — standard","مسار مسار الحساب لأداة حاسبة تكلفة يوم التصوير.","photography-tools","formula","true","1"
"workflow-editing-time-per-photo-calculator-standard","حاسبة وقت تعديل الصورة — مسار الحساب","Editing Time per Photo Calculator — standard","مسار مسار الحساب لأداة حاسبة وقت تعديل الصورة.","photography-tools","formula","true","1"
"workflow-walking-distance-calculator-standard","حاسبة مسافة المشي — مسار الحساب","Walking Distance Calculator — standard","مسار مسار الحساب لأداة حاسبة مسافة المشي.","fitness-tools","formula","true","1"
"workflow-workout-volume-calculator-standard","حاسبة حجم التمرين — مسار الحساب","Workout Volume Calculator — standard","مسار مسار الحساب لأداة حاسبة حجم التمرين.","fitness-tools","formula","true","1"
"workflow-one-rep-max-estimator-standard","حاسبة الحد الأقصى لتكرار واحد — مسار الحساب","One Rep Max Estimator — standard","مسار مسار الحساب لأداة حاسبة الحد الأقصى لتكرار واحد.","fitness-tools","formula","true","1"
"workflow-weekly-training-load-calculator-standard","حاسبة الحمل التدريبي الأسبوعي — مسار الحساب","Weekly Training Load Calculator — standard","مسار مسار الحساب لأداة حاسبة الحمل التدريبي الأسبوعي.","fitness-tools","formula","true","1"
"workflow-calories-per-workout-estimator-standard","حاسبة السعرات في التمرين — مسار الحساب","Workout Calories Estimator — standard","مسار مسار الحساب لأداة حاسبة السعرات في التمرين.","fitness-tools","formula","true","1"
"workflow-training-consistency-rate-calculator-standard","حاسبة الالتزام بالتمرين — مسار الحساب","Training Consistency Rate Calculator — standard","مسار مسار الحساب لأداة حاسبة الالتزام بالتمرين.","fitness-tools","formula","true","1"
"workflow-swimming-pace-calculator-standard","حاسبة وتيرة السباحة — مسار الحساب","Swimming Pace Calculator — standard","مسار مسار الحساب لأداة حاسبة وتيرة السباحة.","fitness-tools","formula","true","1"
"workflow-weekly-distance-goal-progress-calculator-standard","حاسبة تقدم هدف المسافة الأسبوعي — مسار الحساب","Weekly Distance Goal Progress Calculator — standard","مسار مسار الحساب لأداة حاسبة تقدم هدف المسافة الأسبوعي.","fitness-tools","formula","true","1"
"workflow-startup-revenue-per-employee-calculator-standard","حاسبة الإيراد لكل موظف ناشئ — مسار الحساب","Startup Revenue per Employee Calculator — standard","مسار مسار الحساب لأداة حاسبة الإيراد لكل موظف ناشئ.","startup-tools","formula","true","1"
"workflow-telecom-support-cost-per-subscriber-calculator-standard","حاسبة دعم المشترك — مسار الحساب","Support Cost per Subscriber Calculator — standard","مسار مسار الحساب لأداة حاسبة دعم المشترك.","telecom-tools","formula","true","1"
"workflow-dropped-call-rate-calculator-standard","حاسبة معدل انقطاع المكالمات — مسار الحساب","Dropped Call Rate Calculator — standard","مسار مسار الحساب لأداة حاسبة معدل انقطاع المكالمات.","telecom-tools","formula","true","1"
"workflow-telecom-subscriber-acquisition-cost-calculator-standard","حاسبة اكتساب مشترك — مسار الحساب","Subscriber Acquisition Cost Calculator — standard","مسار مسار الحساب لأداة حاسبة اكتساب مشترك.","telecom-tools","formula","true","1"
"workflow-monthly-recurring-revenue-calculator-standard","حاسبة الإيراد الشهري المتكرر MRR — مسار الحساب","Monthly Recurring Revenue Calculator — standard","مسار مسار الحساب لأداة حاسبة الإيراد الشهري المتكرر MRR.","saas-tools","formula","true","1"
"workflow-telecom-revenue-per-minute-calculator-standard","حاسبة الإيراد لكل دقيقة اتصال — مسار الحساب","Revenue per Call Minute Calculator — standard","مسار مسار الحساب لأداة حاسبة الإيراد لكل دقيقة اتصال.","telecom-tools","formula","true","1"
"workflow-telecom-data-usage-growth-calculator-standard","حاسبة نمو استخدام البيانات — مسار الحساب","Data Usage Growth Calculator — standard","مسار مسار الحساب لأداة حاسبة نمو استخدام البيانات.","telecom-tools","formula","true","1"
"workflow-annual-recurring-revenue-calculator-standard","حاسبة الإيراد السنوي المتكرر ARR — مسار الحساب","Annual Recurring Revenue Calculator — standard","مسار مسار الحساب لأداة حاسبة الإيراد السنوي المتكرر ARR.","saas-tools","formula","true","1"
"workflow-saas-customer-churn-rate-calculator-standard","حاسبة معدل تسرب عملاء SaaS — مسار الحساب","SaaS Customer Churn Rate Calculator — standard","مسار مسار الحساب لأداة حاسبة معدل تسرب عملاء SaaS.","saas-tools","formula","true","1"
"workflow-saas-revenue-churn-rate-calculator-standard","حاسبة تسرب الإيراد — مسار الحساب","Revenue Churn Rate Calculator — standard","مسار مسار الحساب لأداة حاسبة تسرب الإيراد.","saas-tools","formula","true","1"
"workflow-net-revenue-retention-calculator-standard","حاسبة صافي الاحتفاظ بالإيراد NRR — مسار الحساب","Net Revenue Retention Calculator — standard","مسار مسار الحساب لأداة حاسبة صافي الاحتفاظ بالإيراد NRR.","saas-tools","formula","true","1"
"workflow-saas-arpu-calculator-standard","حاسبة متوسط الإيراد لكل مستخدم — مسار الحساب","SaaS ARPU Calculator — standard","مسار مسار الحساب لأداة حاسبة متوسط الإيراد لكل مستخدم.","saas-tools","formula","true","1"
"workflow-saas-cac-calculator-standard","حاسبة تكلفة اكتساب عميل SaaS — مسار الحساب","SaaS CAC Calculator — standard","مسار مسار الحساب لأداة حاسبة تكلفة اكتساب عميل SaaS.","saas-tools","formula","true","1"
"workflow-saas-ltv-calculator-standard","حاسبة قيمة عميل SaaS — مسار الحساب","SaaS Customer Lifetime Value Calculator — standard","مسار مسار الحساب لأداة حاسبة قيمة عميل SaaS.","saas-tools","formula","true","1"
"workflow-saas-ltv-cac-ratio-calculator-standard","حاسبة نسبة LTV إلى CAC — مسار الحساب","LTV to CAC Ratio Calculator — standard","مسار مسار الحساب لأداة حاسبة نسبة LTV إلى CAC.","saas-tools","formula","true","1"
"workflow-saas-cac-payback-calculator-standard","حاسبة فترة استرداد CAC — مسار الحساب","CAC Payback Period Calculator — standard","مسار مسار الحساب لأداة حاسبة فترة استرداد CAC.","saas-tools","formula","true","1"
"workflow-startup-net-burn-rate-calculator-standard","حاسبة صافي الحرق الشهري — مسار الحساب","Startup Net Burn Rate Calculator — standard","مسار مسار الحساب لأداة حاسبة صافي الحرق الشهري.","startup-tools","formula","true","1"
"workflow-startup-runway-calculator-standard","حاسبة مدة السيولة للشركة الناشئة — مسار الحساب","Startup Runway Calculator — standard","مسار مسار الحساب لأداة حاسبة مدة السيولة للشركة الناشئة.","startup-tools","formula","true","1"
"workflow-startup-gross-burn-calculator-standard","حاسبة إجمالي الحرق — مسار الحساب","Startup Gross Burn Calculator — standard","مسار مسار الحساب لأداة حاسبة إجمالي الحرق.","startup-tools","formula","true","1"
"workflow-rental-idle-days-calculator-standard","حاسبة أيام التعطل — مسار الحساب","Rental Idle Days Calculator — standard","مسار مسار الحساب لأداة حاسبة أيام التعطل.","rental-business-tools","formula","true","1"
"workflow-post-money-valuation-calculator-standard","حاسبة التقييم بعد الاستثمار — مسار الحساب","Post-money Valuation Calculator — standard","مسار مسار الحساب لأداة حاسبة التقييم بعد الاستثمار.","startup-tools","formula","true","1"
"workflow-investor-equity-percentage-calculator-standard","حاسبة نسبة المستثمر — مسار الحساب","Investor Equity Percentage Calculator — standard","مسار مسار الحساب لأداة حاسبة نسبة المستثمر.","startup-tools","formula","true","1"
"workflow-founder-dilution-calculator-standard","حاسبة تخفيف حصة المؤسس — مسار الحساب","Founder Dilution Calculator — standard","مسار مسار الحساب لأداة حاسبة تخفيف حصة المؤسس.","startup-tools","formula","true","1"
"workflow-startup-break-even-customers-calculator-standard","حاسبة عملاء نقطة التعادل — مسار الحساب","Startup Break-even Customers Calculator — standard","مسار مسار الحساب لأداة حاسبة عملاء نقطة التعادل.","startup-tools","formula","true","1"
"workflow-startup-cash-need-calculator-standard","حاسبة الاحتياج النقدي — مسار الحساب","Startup Cash Need Calculator — standard","مسار مسار الحساب لأداة حاسبة الاحتياج النقدي.","startup-tools","formula","true","1"
"workflow-startup-monthly-growth-rate-calculator-standard","حاسبة النمو الشهري للشركة الناشئة — مسار الحساب","Startup Monthly Growth Rate Calculator — standard","مسار مسار الحساب لأداة حاسبة النمو الشهري للشركة الناشئة.","startup-tools","formula","true","1"
"workflow-telecom-data-cost-per-gb-calculator-standard","حاسبة تكلفة الجيجابايت — مسار الحساب","Telecom Cost per GB Calculator — standard","مسار مسار الحساب لأداة حاسبة تكلفة الجيجابايت.","telecom-tools","formula","true","1"
"workflow-purchase-price-variance-calculator-standard","حاسبة انحراف سعر الشراء — مسار الحساب","Purchase Price Variance Calculator — standard","مسار مسار الحساب لأداة حاسبة انحراف سعر الشراء.","procurement-tools","formula","true","1"
"workflow-procurement-savings-rate-calculator-standard","حاسبة معدل وفورات المشتريات — مسار الحساب","Procurement Savings Rate Calculator — standard","مسار مسار الحساب لأداة حاسبة معدل وفورات المشتريات.","procurement-tools","formula","true","1"
"workflow-supplier-defect-rate-calculator-standard","حاسبة عيوب المورد — مسار الحساب","Supplier Defect Rate Calculator — standard","مسار مسار الحساب لأداة حاسبة عيوب المورد.","procurement-tools","formula","true","1"
"workflow-supplier-on-time-delivery-calculator-standard","حاسبة التزام المورد بالتسليم — مسار الحساب","Supplier On-time Delivery Calculator — standard","مسار مسار الحساب لأداة حاسبة التزام المورد بالتسليم.","procurement-tools","formula","true","1"
"workflow-spend-under-management-calculator-standard","حاسبة الإنفاق تحت الإدارة — مسار الحساب","Spend Under Management Calculator — standard","مسار مسار الحساب لأداة حاسبة الإنفاق تحت الإدارة.","procurement-tools","formula","true","1"
"workflow-average-procurement-order-value-calculator-standard","حاسبة متوسط طلب الشراء — مسار الحساب","Average Procurement Order Value Calculator — standard","مسار مسار الحساب لأداة حاسبة متوسط طلب الشراء.","procurement-tools","formula","true","1"
"workflow-procurement-lead-time-calculator-standard","حاسبة متوسط مدة التوريد — مسار الحساب","Procurement Lead Time Calculator — standard","مسار مسار الحساب لأداة حاسبة متوسط مدة التوريد.","procurement-tools","formula","true","1"
"workflow-supplier-concentration-calculator-standard","حاسبة تركّز الإنفاق على مورد — مسار الحساب","Supplier Concentration Calculator — standard","مسار مسار الحساب لأداة حاسبة تركّز الإنفاق على مورد.","procurement-tools","formula","true","1"
"workflow-procurement-cycle-time-calculator-standard","حاسبة دورة الشراء — مسار الحساب","Procurement Cycle Time Calculator — standard","مسار مسار الحساب لأداة حاسبة دورة الشراء.","procurement-tools","formula","true","1"
"workflow-cost-avoidance-calculator-standard","حاسبة تجنب التكلفة — مسار الحساب","Cost Avoidance Calculator — standard","مسار مسار الحساب لأداة حاسبة تجنب التكلفة.","procurement-tools","formula","true","1"
"workflow-defect-rate-calculator-standard","حاسبة معدل العيوب — مسار الحساب","Defect Rate Calculator — standard","مسار مسار الحساب لأداة حاسبة معدل العيوب.","quality-tools","formula","true","1"
"workflow-first-pass-yield-calculator-standard","حاسبة العائد من المرة الأولى — مسار الحساب","First Pass Yield Calculator — standard","مسار مسار الحساب لأداة حاسبة العائد من المرة الأولى.","quality-tools","formula","true","1"
"workflow-rework-rate-calculator-standard","حاسبة معدل إعادة العمل — مسار الحساب","Rework Rate Calculator — standard","مسار مسار الحساب لأداة حاسبة معدل إعادة العمل.","quality-tools","formula","true","1"
"workflow-customer-complaint-rate-calculator-standard","حاسبة معدل شكاوى العملاء — مسار الحساب","Customer Complaint Rate Calculator — standard","مسار مسار الحساب لأداة حاسبة معدل شكاوى العملاء.","quality-tools","formula","true","1"
"workflow-cost-of-poor-quality-calculator-standard","حاسبة تكلفة ضعف الجودة — مسار الحساب","Cost of Poor Quality Calculator — standard","مسار مسار الحساب لأداة حاسبة تكلفة ضعف الجودة.","quality-tools","formula","true","1"
"workflow-inspection-pass-rate-calculator-standard","حاسبة اجتياز الفحص — مسار الحساب","Inspection Pass Rate Calculator — standard","مسار مسار الحساب لأداة حاسبة اجتياز الفحص.","quality-tools","formula","true","1"
"workflow-defects-per-million-opportunities-calculator-standard","حاسبة العيوب لكل مليون فرصة — مسار الحساب","DPMO Calculator — standard","مسار مسار الحساب لأداة حاسبة العيوب لكل مليون فرصة.","quality-tools","formula","true","1"
"workflow-audit-finding-closure-rate-calculator-standard","حاسبة إغلاق ملاحظات التدقيق — مسار الحساب","Audit Finding Closure Rate Calculator — standard","مسار مسار الحساب لأداة حاسبة إغلاق ملاحظات التدقيق.","quality-tools","formula","true","1"
"workflow-quality-loss-cost-calculator-standard","حاسبة تكلفة فقد الجودة — مسار الحساب","Quality Loss Cost Calculator — standard","مسار مسار الحساب لأداة حاسبة تكلفة فقد الجودة.","quality-tools","formula","true","1"
"workflow-process-conformance-rate-calculator-standard","حاسبة مطابقة العملية — مسار الحساب","Process Conformance Rate Calculator — standard","مسار مسار الحساب لأداة حاسبة مطابقة العملية.","quality-tools","formula","true","1"
"workflow-mtbf-calculator-standard","حاسبة متوسط الزمن بين الأعطال MTBF — مسار الحساب","MTBF Calculator — standard","مسار مسار الحساب لأداة حاسبة متوسط الزمن بين الأعطال MTBF.","maintenance-tools","formula","true","1"
"workflow-maintenance-mttr-calculator-standard","حاسبة متوسط زمن الإصلاح MTTR — مسار الحساب","Maintenance MTTR Calculator — standard","مسار مسار الحساب لأداة حاسبة متوسط زمن الإصلاح MTTR.","maintenance-tools","formula","true","1"
"workflow-equipment-availability-calculator-standard","حاسبة توفر المعدات — مسار الحساب","Equipment Availability Calculator — standard","مسار مسار الحساب لأداة حاسبة توفر المعدات.","maintenance-tools","formula","true","1"
"workflow-preventive-maintenance-compliance-calculator-standard","حاسبة الالتزام بالصيانة الوقائية — مسار الحساب","Preventive Maintenance Compliance Calculator — standard","مسار مسار الحساب لأداة حاسبة الالتزام بالصيانة الوقائية.","maintenance-tools","formula","true","1"
"workflow-maintenance-cost-per-asset-calculator-standard","حاسبة تكلفة الصيانة لكل أصل — مسار الحساب","Maintenance Cost per Asset Calculator — standard","مسار مسار الحساب لأداة حاسبة تكلفة الصيانة لكل أصل.","maintenance-tools","formula","true","1"
"workflow-maintenance-cost-to-replacement-value-calculator-standard","حاسبة تكلفة الصيانة إلى قيمة الاستبدال — مسار الحساب","Maintenance Cost to Replacement Value Calculator — standard","مسار مسار الحساب لأداة حاسبة تكلفة الصيانة إلى قيمة الاستبدال.","maintenance-tools","formula","true","1"
"workflow-planned-maintenance-rate-calculator-standard","حاسبة نسبة الصيانة المخططة — مسار الحساب","Planned Maintenance Rate Calculator — standard","مسار مسار الحساب لأداة حاسبة نسبة الصيانة المخططة.","maintenance-tools","formula","true","1"
"workflow-telecom-retention-rate-calculator-standard","حاسبة الاحتفاظ بالمشتركين — مسار الحساب","Subscriber Retention Rate Calculator — standard","مسار مسار الحساب لأداة حاسبة الاحتفاظ بالمشتركين.","telecom-tools","formula","true","1"
"workflow-emergency-maintenance-rate-calculator-standard","حاسبة نسبة الصيانة الطارئة — مسار الحساب","Emergency Maintenance Rate Calculator — standard","مسار مسار الحساب لأداة حاسبة نسبة الصيانة الطارئة.","maintenance-tools","formula","true","1"
"workflow-maintenance-backlog-weeks-calculator-standard","حاسبة أسابيع تراكم الصيانة — مسار الحساب","Maintenance Backlog Weeks Calculator — standard","مسار مسار الحساب لأداة حاسبة أسابيع تراكم الصيانة.","maintenance-tools","formula","true","1"
"workflow-spare-parts-turnover-calculator-standard","حاسبة دوران قطع الغيار — مسار الحساب","Spare Parts Turnover Calculator — standard","مسار مسار الحساب لأداة حاسبة دوران قطع الغيار.","maintenance-tools","formula","true","1"
"workflow-franchise-royalty-fee-calculator-standard","حاسبة رسوم الامتياز الشهرية — مسار الحساب","Franchise Royalty Fee Calculator — standard","مسار مسار الحساب لأداة حاسبة رسوم الامتياز الشهرية.","franchise-tools","formula","true","1"
"workflow-franchise-marketing-fund-calculator-standard","حاسبة صندوق التسويق — مسار الحساب","Franchise Marketing Fund Calculator — standard","مسار مسار الحساب لأداة حاسبة صندوق التسويق.","franchise-tools","formula","true","1"
"workflow-franchise-break-even-sales-calculator-standard","حاسبة مبيعات تعادل الفرع — مسار الحساب","Franchise Break-even Sales Calculator — standard","مسار مسار الحساب لأداة حاسبة مبيعات تعادل الفرع.","franchise-tools","formula","true","1"
"workflow-franchise-payback-period-calculator-standard","حاسبة فترة استرداد الفرع — مسار الحساب","Franchise Payback Period Calculator — standard","مسار مسار الحساب لأداة حاسبة فترة استرداد الفرع.","franchise-tools","formula","true","1"
"workflow-same-store-sales-growth-calculator-standard","حاسبة نمو مبيعات الفرع القائم — مسار الحساب","Same-store Sales Growth Calculator — standard","مسار مسار الحساب لأداة حاسبة نمو مبيعات الفرع القائم.","franchise-tools","formula","true","1"
"workflow-revenue-per-franchise-location-calculator-standard","حاسبة الإيراد لكل فرع — مسار الحساب","Revenue per Franchise Location Calculator — standard","مسار مسار الحساب لأداة حاسبة الإيراد لكل فرع.","franchise-tools","formula","true","1"
"workflow-franchise-gross-margin-calculator-standard","حاسبة هامش الفرع — مسار الحساب","Franchise Gross Margin Calculator — standard","مسار مسار الحساب لأداة حاسبة هامش الفرع.","franchise-tools","formula","true","1"
"workflow-royalty-coverage-ratio-calculator-standard","حاسبة تغطية رسوم الامتياز — مسار الحساب","Royalty Coverage Ratio Calculator — standard","مسار مسار الحساب لأداة حاسبة تغطية رسوم الامتياز.","franchise-tools","formula","true","1"
"workflow-franchise-opening-cost-per-sqm-calculator-standard","حاسبة تكلفة افتتاح الفرع لكل متر — مسار الحساب","Franchise Opening Cost per Square Meter Calculator — standard","مسار مسار الحساب لأداة حاسبة تكلفة افتتاح الفرع لكل متر.","franchise-tools","formula","true","1"
"workflow-average-unit-volume-calculator-standard","حاسبة متوسط مبيعات الوحدة AUV — مسار الحساب","Average Unit Volume Calculator — standard","مسار مسار الحساب لأداة حاسبة متوسط مبيعات الوحدة AUV.","franchise-tools","formula","true","1"
"workflow-rental-asset-yield-calculator-standard","حاسبة عائد أصل التأجير — مسار الحساب","Rental Asset Yield Calculator — standard","مسار مسار الحساب لأداة حاسبة عائد أصل التأجير.","rental-business-tools","formula","true","1"
"workflow-rental-utilization-rate-calculator-standard","حاسبة استغلال أصل التأجير — مسار الحساب","Rental Utilization Rate Calculator — standard","مسار مسار الحساب لأداة حاسبة استغلال أصل التأجير.","rental-business-tools","formula","true","1"
"workflow-rental-revenue-per-day-calculator-standard","حاسبة إيراد يوم التأجير — مسار الحساب","Rental Revenue per Day Calculator — standard","مسار مسار الحساب لأداة حاسبة إيراد يوم التأجير.","rental-business-tools","formula","true","1"
"workflow-maintenance-cost-per-rental-calculator-standard","حاسبة الصيانة لكل عملية تأجير — مسار الحساب","Maintenance Cost per Rental Calculator — standard","مسار مسار الحساب لأداة حاسبة الصيانة لكل عملية تأجير.","rental-business-tools","formula","true","1"
"workflow-rental-damage-rate-calculator-standard","حاسبة معدل تلف التأجير — مسار الحساب","Rental Damage Rate Calculator — standard","مسار مسار الحساب لأداة حاسبة معدل تلف التأجير.","rental-business-tools","formula","true","1"
"workflow-rental-payback-period-calculator-standard","حاسبة استرداد أصل التأجير — مسار الحساب","Rental Asset Payback Calculator — standard","مسار مسار الحساب لأداة حاسبة استرداد أصل التأجير.","rental-business-tools","formula","true","1"
"workflow-rental-booking-conversion-calculator-standard","حاسبة تحويل طلبات التأجير — مسار الحساب","Rental Booking Conversion Calculator — standard","مسار مسار الحساب لأداة حاسبة تحويل طلبات التأجير.","rental-business-tools","formula","true","1"
"workflow-telecom-network-uptime-calculator-standard","حاسبة توفر شبكة الاتصالات — مسار الحساب","Telecom Network Uptime Calculator — standard","مسار مسار الحساب لأداة حاسبة توفر شبكة الاتصالات.","telecom-tools","formula","true","1"
"workflow-bakery-labor-cost-per-batch-calculator-standard","حاسبة عمالة الدفعة — مسار الحساب","Bakery Labor Cost per Batch Calculator — standard","مسار مسار الحساب لأداة حاسبة عمالة الدفعة.","bakery-tools","formula","true","1"
"workflow-bakery-daily-profit-calculator-standard","حاسبة ربح المخبز اليومي — مسار الحساب","Bakery Daily Profit Calculator — standard","مسار مسار الحساب لأداة حاسبة ربح المخبز اليومي.","bakery-tools","formula","true","1"
"workflow-telecom-arpu-calculator-standard","حاسبة متوسط الإيراد لكل مشترك — مسار الحساب","Telecom ARPU Calculator — standard","مسار مسار الحساب لأداة حاسبة متوسط الإيراد لكل مشترك.","telecom-tools","formula","true","1"
"workflow-rental-late-fee-calculator-standard","حاسبة رسوم تأخير الإرجاع — مسار الحساب","Rental Late Fee Calculator — standard","مسار مسار الحساب لأداة حاسبة رسوم تأخير الإرجاع.","rental-business-tools","formula","true","1"
"workflow-rental-fleet-revenue-per-asset-calculator-standard","حاسبة إيراد كل أصل مؤجر — مسار الحساب","Rental Fleet Revenue per Asset Calculator — standard","مسار مسار الحساب لأداة حاسبة إيراد كل أصل مؤجر.","rental-business-tools","formula","true","1"
"workflow-salon-revenue-per-chair-calculator-standard","حاسبة إيراد كرسي الصالون — مسار الحساب","Salon Revenue per Chair Calculator — standard","مسار مسار الحساب لأداة حاسبة إيراد كرسي الصالون.","salon-tools","formula","true","1"
"workflow-salon-chair-utilization-calculator-standard","حاسبة استغلال كراسي الصالون — مسار الحساب","Salon Chair Utilization Calculator — standard","مسار مسار الحساب لأداة حاسبة استغلال كراسي الصالون.","salon-tools","formula","true","1"
"workflow-salon-average-ticket-calculator-standard","حاسبة متوسط فاتورة الصالون — مسار الحساب","Salon Average Ticket Calculator — standard","مسار مسار الحساب لأداة حاسبة متوسط فاتورة الصالون.","salon-tools","formula","true","1"
"workflow-salon-rebooking-rate-calculator-standard","حاسبة إعادة الحجز — مسار الحساب","Salon Rebooking Rate Calculator — standard","مسار مسار الحساب لأداة حاسبة إعادة الحجز.","salon-tools","formula","true","1"
"workflow-salon-product-attachment-rate-calculator-standard","حاسبة بيع المنتجات مع الخدمات — مسار الحساب","Salon Product Attachment Rate Calculator — standard","مسار مسار الحساب لأداة حاسبة بيع المنتجات مع الخدمات.","salon-tools","formula","true","1"
"workflow-salon-staff-commission-calculator-standard","حاسبة عمولة موظف الصالون — مسار الحساب","Salon Staff Commission Calculator — standard","مسار مسار الحساب لأداة حاسبة عمولة موظف الصالون.","salon-tools","formula","true","1"
"workflow-salon-treatment-margin-calculator-standard","حاسبة هامش خدمة الصالون — مسار الحساب","Salon Treatment Margin Calculator — standard","مسار مسار الحساب لأداة حاسبة هامش خدمة الصالون.","salon-tools","formula","true","1"
"workflow-salon-no-show-rate-calculator-standard","حاسبة عدم حضور المواعيد — مسار الحساب","Salon No-show Rate Calculator — standard","مسار مسار الحساب لأداة حاسبة عدم حضور المواعيد.","salon-tools","formula","true","1"
"workflow-salon-daily-capacity-calculator-standard","حاسبة طاقة مواعيد الصالون — مسار الحساب","Salon Daily Capacity Calculator — standard","مسار مسار الحساب لأداة حاسبة طاقة مواعيد الصالون.","salon-tools","formula","true","1"
"workflow-telecom-subscriber-churn-calculator-standard","حاسبة تسرب المشتركين — مسار الحساب","Subscriber Churn Rate Calculator — standard","مسار مسار الحساب لأداة حاسبة تسرب المشتركين.","telecom-tools","formula","true","1"
"workflow-salon-break-even-appointments-calculator-standard","حاسبة مواعيد نقطة التعادل — مسار الحساب","Salon Break-even Appointments Calculator — standard","مسار مسار الحساب لأداة حاسبة مواعيد نقطة التعادل.","salon-tools","formula","true","1"
"workflow-bakery-ingredient-cost-per-batch-calculator-standard","حاسبة مكونات دفعة المخبز — مسار الحساب","Bakery Ingredient Cost per Batch Calculator — standard","مسار مسار الحساب لأداة حاسبة مكونات دفعة المخبز.","bakery-tools","formula","true","1"
"workflow-bakery-cost-per-item-calculator-standard","حاسبة تكلفة القطعة — مسار الحساب","Bakery Cost per Item Calculator — standard","مسار مسار الحساب لأداة حاسبة تكلفة القطعة.","bakery-tools","formula","true","1"
"workflow-bakery-gross-margin-calculator-standard","حاسبة هامش منتج المخبز — مسار الحساب","Bakery Gross Margin Calculator — standard","مسار مسار الحساب لأداة حاسبة هامش منتج المخبز.","bakery-tools","formula","true","1"
"workflow-bakery-waste-rate-calculator-standard","حاسبة هدر المخبز — مسار الحساب","Bakery Waste Rate Calculator — standard","مسار مسار الحساب لأداة حاسبة هدر المخبز.","bakery-tools","formula","true","1"
"workflow-bakery-daily-production-capacity-calculator-standard","حاسبة الطاقة اليومية للمخبز — مسار الحساب","Bakery Daily Production Capacity Calculator — standard","مسار مسار الحساب لأداة حاسبة الطاقة اليومية للمخبز.","bakery-tools","formula","true","1"
"workflow-bakery-oven-utilization-calculator-standard","حاسبة استغلال الفرن — مسار الحساب","Bakery Oven Utilization Calculator — standard","مسار مسار الحساب لأداة حاسبة استغلال الفرن.","bakery-tools","formula","true","1"
"workflow-bakery-break-even-items-calculator-standard","حاسبة قطع نقطة التعادل — مسار الحساب","Bakery Break-even Items Calculator — standard","مسار مسار الحساب لأداة حاسبة قطع نقطة التعادل.","bakery-tools","formula","true","1"
"workflow-bakery-packaging-cost-calculator-standard","حاسبة تكلفة التغليف — مسار الحساب","Bakery Packaging Cost Calculator — standard","مسار مسار الحساب لأداة حاسبة تكلفة التغليف.","bakery-tools","formula","true","1"